"uid","genes","inCs","inRel","inDS","cls","interp"
"3380944","F8","True","True","True","Uncertain significance",
"3233995","GCK","True","True","True","Pathogenic",
"3061340","RUNX1/RUNX1-AS1","True","True","True","Uncertain significance",
"2944236","RPE65","True","True","True","Likely pathogenic",
"2925658","CDKL5","True","True","True","Uncertain significance",
"2911507","RUNX1","True","True","True","Likely pathogenic",
"2900640","RUNX1","True","True","True","Likely benign",
"2879097","RUNX1-AS1/RUNX1","True","True","True","Likely benign",
"2865768","RUNX1","True","True","True","Likely benign",
"2857333","RUNX1","True","True","True","Likely pathogenic",
"2857331","RUNX1","True","True","True","Likely pathogenic",
"2840535","RUNX1","True","True","True","Likely pathogenic",
"2834488","RUNX1","True","True","True","Likely benign",
"2831823","RUNX1","True","True","True","Likely benign",
"2825312","RUNX1","True","True","True","Uncertain significance",
"2820100","RUNX1","True","True","True","Likely pathogenic",
"2814451","RUNX1/RUNX1-AS1","True","True","True","Likely benign",
"2814422","RUNX1","True","True","True","Likely benign",
"2808511","RUNX1/RUNX1-AS1","True","True","True","Likely pathogenic",
"2808406","RUNX1","True","True","True","Likely pathogenic",
"2808278","RUNX1","True","True","True","Likely benign",
"2773776","APC","True","True","True","Uncertain significance",
"2765748","DICER1","True","True","True","Likely pathogenic",
"2758582","HNF1A","True","True","True","Likely pathogenic",
"2755227","RUNX1","True","True","True","Likely benign",
"2755226","RUNX1","True","True","True","Likely benign",
"2752334","RUNX1","True","True","True","Uncertain significance",
"2750603","RUNX1","True","True","True","Uncertain significance",
"2746579","HNF1A","True","True","True","Likely pathogenic",
"2746077","RUNX1/RUNX1-AS1","True","True","True","Likely pathogenic",
"2736967","HNF4A","True","True","True","Pathogenic",
"2736407","AIPL1","True","True","True","Likely pathogenic",
"2735019","GCK","True","True","True","Likely pathogenic",
"2734991","GCK","True","True","True","Likely pathogenic",
"2734988","GCK","True","True","True","Pathogenic",
"2734274","RUNX1","True","True","True","Likely pathogenic",
"2721246","RUNX1","True","True","True","Likely benign",
"2718511","RUNX1","True","True","True","Uncertain significance",
"2710027","RYR1","True","True","True","Likely pathogenic",
"2699087","RUNX1","True","True","True","Likely benign",
"2688626","ATM/C11orf65","True","True","True","Uncertain significance",
"2682133","VWF","True","True","True","Likely benign",
"2677430","PAH","True","True","True","Pathogenic",
"2674972","DYSF","True","True","True","Pathogenic",
"2674961","DYSF","True","True","True","Pathogenic",
"2665101","RUNX1","True","True","True","Pathogenic",
"2635335","RUNX1","True","True","True","Pathogenic",
"2635153","GCK","True","True","True","Pathogenic",
"2609932","MECP2","True","True","True","Likely benign",
"2585325","ABCA4","True","True","True","Pathogenic",
"2583432","APC","True","True","True","Uncertain significance",
"2580600","HNF4A","True","True","True","Likely pathogenic",
"2579542","RUNX1","True","True","True","Likely pathogenic",
"2578349","GCK","True","True","True","Pathogenic",
"2577224","F8","True","True","True","Uncertain significance",
"2572723","MECP2","True","True","True","Likely benign",
"2567920","GCK","True","True","True","Pathogenic",
"2562354","APC","True","True","True","Uncertain significance",
"2505626","MECP2","True","True","True","Pathogenic",
"2500039","GCK","True","True","True","Pathogenic",
"2447222","PTEN","True","True","True","Likely pathogenic",
"2445404","DICER1","True","True","True","Uncertain significance",
"2443586","FOXG1","True","True","True","Likely pathogenic",
"2441110","DYSF","True","True","True","Pathogenic",
"2441107","DYSF","True","True","True","Pathogenic",
"2435687","SCN2A","True","True","True","Likely pathogenic",
"2431839","GCK","True","True","True","Pathogenic",
"2429353","SERPINC1","True","True","True","Pathogenic",
"2421530","LOC121627832/TCF4","True","True","True","Benign",
"2417518","RPGR","True","True","True","Pathogenic",
"2362516","RUNX1","True","True","True","Benign",
"2355672","UBE3A","True","True","True","Benign",
"2203049","CYP1B1","True","True","True","Likely pathogenic",
"2163677","RAG2","True","True","True","Uncertain significance",
"2149933","RPE65","True","True","True","Likely pathogenic",
"2146436","RUNX1","True","True","True","Likely benign",
"2138734","F9","True","True","True","Likely pathogenic",
"2138538","RPGR","True","True","True","Pathogenic",
"2137915","GUCY2D","True","True","True","Pathogenic",
"2137773","GAMT","True","True","True","Uncertain significance",
"2136907","PTEN","True","True","True","Pathogenic",
"2136853","DCLRE1C","True","True","True","Likely pathogenic",
"2136852","DCLRE1C","True","True","True","Likely pathogenic",
"2136526","GCK","True","True","True","Likely pathogenic",
"2131688","RPE65","True","True","True","Likely pathogenic",
"2121544","RUNX1","True","True","True","Uncertain significance",
"2118854","DCLRE1C","True","True","True","Likely pathogenic",
"2118600","RPGR","True","True","True","Likely pathogenic",
"2110257","RPE65","True","True","True","Pathogenic",
"2108802","FOXN1","True","True","True","Likely pathogenic",
"2106464","RUNX1","True","True","True","Likely pathogenic",
"2092471","RUNX1-AS1/RUNX1","True","True","True","Likely pathogenic",
"2092257","ITGB3/EFCAB13-DT","True","True","True","Uncertain significance",
"2090169","RUNX1","True","True","True","Likely benign",
"2088001","ADA","True","True","True","Uncertain significance",
"2078744","LZTR1","True","True","True","Likely pathogenic",
"2063683","ITGB3","True","True","True","Benign",
"2057364","LDLR","True","True","True","Uncertain significance",
"2056317","BMPR2","True","True","True","Uncertain significance",
"2052397","HNF1A","True","True","True","Benign",
"2042433","RUNX1/RUNX1-AS1","True","True","True","Uncertain significance",
"2031214","SLC6A8","True","True","True","Pathogenic",
"2028205","RUNX1","True","True","True","Likely pathogenic",
"2021682","RUNX1","True","True","True","Likely benign",
"2019436","RAG2","True","True","True","Likely pathogenic",
"2018786","HNF4A","True","True","True","Likely pathogenic",
"2013398","RUNX1/RUNX1-AS1","True","True","True","Likely benign",
"2008798","RUNX1","True","True","True","Likely pathogenic",
"1997400","RUNX1","True","True","True","Likely benign",
"1988566","RUNX1/RUNX1-AS1","True","True","True","Likely benign",
"1986858","RPE65","True","True","True","Pathogenic",
"1973721","RUNX1","True","True","True","Uncertain significance",
"1966519","FOXN1","True","True","True","Likely pathogenic",
"1954374","SERPINC1","True","True","True","Uncertain significance",
"1948845","RUNX1","True","True","True","Likely benign",
"1930166","MYOC","True","True","True","Uncertain significance",
"1901178","RAG2","True","True","True","Uncertain significance",
"1879751","CDKL5","True","True","True","Likely pathogenic",
"1879048","ITGA2B","True","True","True","Uncertain significance",
"1879046","ITGA2B","True","True","True","Uncertain significance",
"1878806","FOXG1","True","True","True","Likely pathogenic",
"1807279","GCK","True","True","True","Likely pathogenic",
"1803135","RPE65","True","True","True","Uncertain significance",
"1802549","SLC6A8","True","True","True","Pathogenic",
"1802530","HNF1A","True","True","True","Uncertain significance",
"1802337","RPGR","True","True","True","Uncertain significance",
"1802328","RPGR","True","True","True","Pathogenic",
"1791142","TCF4/TCF4-AS1","True","True","True","Uncertain significance",
"1790283","FOXG1","True","True","True","Benign",
"1761584","HNF4A","True","True","True","Uncertain significance",
"1759366","DICER1","True","True","True","Uncertain significance",
"1746350","GCK","True","True","True","Likely pathogenic",
"1744752","ACVRL1","True","True","True","Uncertain significance",
"1741488","GCK","True","True","True","Pathogenic",
"1730178","TP53","True","True","True","Likely benign",
"1713278","DICER1","True","True","True","Likely pathogenic",
"1713223","ATM/C11orf65","True","True","True","Pathogenic",
"1710503","RUNX1","True","True","True","Likely pathogenic",
"1704126","GCK","True","True","True","Likely pathogenic",
"1701951","RUNX1","True","True","True","Likely benign",
"1701950","RUNX1","True","True","True","Uncertain significance",
"1700674","GCK","True","True","True","Pathogenic",
"1700386","CDKL5","True","True","True","Likely pathogenic",
"1700183","MECP2","True","True","True","Uncertain significance",
"1696131","ITGA2B","True","True","True","Benign",
"1695383","RUNX1","True","True","True","Pathogenic",
"1695377","ITGB3","True","True","True","Pathogenic",
"1693552","GAA","True","True","True","Pathogenic",
"1692645","RUNX1","True","True","True","Likely benign",
"1691744","PTEN","True","True","True","Likely pathogenic",
"1691480","ITGA2B","True","True","True","Uncertain significance",
"1691465","ITGA2B","True","True","True","Uncertain significance",
"1691459","ITGB3","True","True","True","Likely pathogenic",
"1687238","DICER1","True","True","True","Uncertain significance",
"1685787","F8","True","True","True","Benign",
"1685327","GCK","True","True","True","Uncertain significance",
"1684814","ITGA2B","True","True","True","Benign",
"1684453","RUNX1/RUNX1-AS1","True","True","True","Uncertain significance",
"1684398","RUNX1","True","True","True","Likely pathogenic",
"1684385","F8","True","True","True","Uncertain significance",
"1684365","GP1BA","True","True","True","Likely pathogenic",
"1684322","ITGA2B","True","True","True","Likely pathogenic",
"1684321","ITGA2B","True","True","True","Likely pathogenic",
"1683587","IL7R","True","True","True","Uncertain significance",
"1679555","GCK","True","True","True","Uncertain significance",
"1679125","RPE65","True","True","True","Pathogenic",
"1677036","ITGA2B/LOC130060983","True","True","True","Uncertain significance",
"1670723","MECP2","True","True","True","Likely benign",
"1658090","ABCA4","True","True","True","Likely benign",
"1642471","RUNX1","True","True","True","Likely benign",
"1626393","ADA","True","True","True","Uncertain significance",
"1610976","FOXN1","True","True","True","Uncertain significance",
"1604076","MECP2","True","True","True","Benign",
"1602756","RUNX1","True","True","True","Likely benign",
"1592483","RUNX1","True","True","True","Likely benign",
"1587386","RUNX1","True","True","True","Likely benign",
"1556993","RUNX1","True","True","True","Likely benign",
"1552198","RUNX1","True","True","True","Likely benign",
"1546102","RUNX1","True","True","True","Likely benign",
"1533052","RUNX1","True","True","True","Uncertain significance",
"1528554","RUNX1/RUNX1-AS1","True","True","True","Likely benign",
"1526094","IDUA","True","True","True","Likely pathogenic",
"1524507","RUNX1","True","True","True","Likely benign",
"1517590","FOXN1","True","True","True","Uncertain significance",
"1497214","RPGR","True","True","True","Uncertain significance",
"1496916","CDKL5","True","True","True","Uncertain significance",
"1486967","RUNX1","True","True","True","Likely benign",
"1484777","RUNX1/RUNX1-AS1","True","True","True","Likely pathogenic",
"1478168","SCN2A","True","True","True","Likely pathogenic",
"1472875","GCK","True","True","True","Pathogenic",
"1471754","HNF1A","True","True","True","Benign",
"1470027","RPE65","True","True","True","Likely pathogenic",
"1465512","RUNX1/RUNX1-AS1","True","True","True","Likely benign",
"1460663","RUNX1","True","True","True","Likely pathogenic",
"1459284","RUNX1","True","True","True","Likely benign",
"1456275","FOXN1","True","True","True","Likely pathogenic",
"1455223","IDUA","True","True","True","Likely pathogenic",
"1451826","SGCG","True","True","True","Uncertain significance",
"1445004","RPE65","True","True","True","Pathogenic",
"1438811","DCLRE1C","True","True","True","Likely pathogenic",
"1438062","ITGB3","True","True","True","Uncertain significance",
"1433815","DYSF","True","True","True","Pathogenic",
"1420866","GAMT","True","True","True","Likely pathogenic",
"1409309","GAA","True","True","True","Likely pathogenic",
"1407049","ATM/C11orf65","True","True","True","Uncertain significance",
"1406981","ADA","True","True","True","Likely pathogenic",
"1406308","PTEN","True","True","True","Likely pathogenic",
"1399221","SNHG14/UBE3A","True","True","True","Uncertain significance",
"1398841","RUNX1","True","True","True","Likely benign",
"1398400","BMPR2","True","True","True","Uncertain significance",
"1393864","IL7R","True","True","True","Uncertain significance",
"1384058","HNF1A","True","True","True","Likely pathogenic",
"1381345","ACVRL1","True","True","True","Likely pathogenic",
"1371213","RUNX1","True","True","True","Likely benign",
"1369885","IL2RG","True","True","True","Likely pathogenic",
"1368262","RUNX1","True","True","True","Uncertain significance",
"1367009","ABCA4","True","True","True","Uncertain significance",
"1364174","DCLRE1C","True","True","True","Likely pathogenic",
"1348351","RUNX1","True","True","True","Likely pathogenic",
"1348299","GAA","True","True","True","Likely pathogenic",
"1342951","HNF1A","True","True","True","Pathogenic",
"1342669","SCN2A","True","True","True","Uncertain significance",
"1338564","RUNX1","True","True","True","Likely pathogenic",
"1338528","RUNX1/RUNX1-AS1","True","True","True","Likely pathogenic",
"1338462","HNF1A","True","True","True","Likely pathogenic",
"1338172","RUNX1","True","True","True","Likely benign",
"1338044","RUNX1","True","True","True","Pathogenic",
"1336530","ITGA2B","True","True","True","Likely benign",
"1335461","ADA","True","True","True","Likely pathogenic",
"1335387","CYP1B1","True","True","True","Pathogenic",
"1334161","GJB2","True","True","True","Uncertain significance",
"1330339","ITGB3/LOC130061045","True","True","True","Pathogenic",
"1327504","GAA","True","True","True","Pathogenic",
"1327501","GAA","True","True","True","Pathogenic",
"1323540","RUNX1","True","True","True","Likely pathogenic",
"1323115","IL7R","True","True","True","Likely pathogenic",
"1322192","DCLRE1C","True","True","True","Pathogenic",
"1321180","RPE65","True","True","True","Pathogenic",
"1319385","RUNX1","True","True","True","Likely benign",
"1318841","RUNX1","True","True","True","Likely benign",
"1309924","BMPR2","True","True","True","Uncertain significance",
"1305363","GAMT/LOC130062945","True","True","True","Likely pathogenic",
"1303265","MECP2","True","True","True","Likely benign",
"1303122","ACTA1","True","True","True","Likely pathogenic",
"1303094","GCK","True","True","True","Likely pathogenic",
"1299751","HNF4A","True","True","True","Likely pathogenic",
"1299600","GCK","True","True","True","Likely benign",
"1285165","GP1BA","True","True","True","Benign",
"1270876","RUNX1/RUNX1-AS1","True","True","True","Likely benign",
"1256306","GCK","True","True","True","Likely pathogenic",
"1253809","RYR1","True","True","True","Pathogenic",
"1220767","RUNX1/RUNX1-AS1","True","True","True","Likely benign",
"1219872","RUNX1/RUNX1-AS1","True","True","True","Benign",
"1219617","GAA","True","True","True","Uncertain significance",
"1215092","SLC9A6","True","True","True","Benign",
"1213912","RPE65","True","True","True","Likely pathogenic",
"1212000","MECP2","True","True","True","Likely benign",
"1211932","RUNX1","True","True","True","Likely pathogenic",
"1210204","EFCAB13-DT/ITGB3","True","True","True","Likely pathogenic",
"1200483","RUNX1","True","True","True","Benign",
"1199613","RUNX1/RUNX1-AS1","True","True","True","Benign",
"1199408","FOXN1","True","True","True","Likely pathogenic",
"1199323","IL2RG","True","True","True","Likely benign",
"1190471","GAA","True","True","True","Uncertain significance",
"1187938","TCF4","True","True","True","Likely benign",
"1187157","RUNX1","True","True","True","Benign",
"1186689","HNF4A","True","True","True","Likely pathogenic",
"1184933","LZTR1","True","True","True","Uncertain significance",
"1182096","PTEN","True","True","True","Pathogenic",
"1180314","ABCA4","True","True","True","Likely benign",
"1177402","NEB","True","True","True","Uncertain significance",
"1172577","IL2RG","True","True","True","Uncertain significance",
"1170846","MECP2","True","True","True","Benign",
"1170692","SERPINC1","True","True","True","Likely pathogenic",
"1170282","FOXN1","True","True","True","Likely benign",
"1169227","RPGR","True","True","True","Likely benign",
"1164535","RS1","True","True","True","Likely benign",
"1162089","RUNX1","True","True","True","Likely benign",
"1156194","RUNX1","True","True","True","Likely benign",
"1155928","RUNX1","True","True","True","Likely benign",
"1151351","DNM2","True","True","True","Benign",
"1144398","DCLRE1C","True","True","True","Uncertain significance",
"1142515","RUNX1","True","True","True","Uncertain significance",
"1142221","RUNX1/RUNX1-AS1","True","True","True","Uncertain significance",
"1141521","RUNX1/RUNX1-AS1","True","True","True","Likely benign",
"1130279","RUNX1","True","True","True","Uncertain significance",
"1128874","RUNX1","True","True","True","Likely benign",
"1125165","RUNX1/RUNX1-AS1","True","True","True","Uncertain significance",
"1117757","RPE65","True","True","True","Uncertain significance",
"1115091","RUNX1","True","True","True","Likely benign",
"1114376","RUNX1","True","True","True","Likely benign",
"1112108","BMPR2","True","True","True","Likely benign",
"1109435","FOXG1","True","True","True","Uncertain significance",
"1098776","FBN1","True","True","True","Likely pathogenic",
"1097518","RUNX1","True","True","True","Likely benign",
"1094989","RUNX1","True","True","True","Likely benign",
"1094336","SERPINC1","True","True","True","Likely benign",
"1082500","RUNX1","True","True","True","Likely benign",
"1077574","RUNX1","True","True","True","Uncertain significance",
"1068066","IL2RG/LOC126863274","True","True","True","Pathogenic",
"1066305","LZTR1","True","True","True","Likely pathogenic",
"1066149","IL2RG","True","True","True","Pathogenic",
"1057551","DICER1","True","True","True","Uncertain significance",
"1055290","DICER1","True","True","True","Uncertain significance",
"1052786","RUNX1","True","True","True","Uncertain significance",
"1051987","ACTA1","True","True","True","Likely pathogenic",
"1050623","RAG1","True","True","True","Uncertain significance",
"1050028","APC","True","True","True","Likely pathogenic",
"1048589","GAA","True","True","True","Uncertain significance",
"1047527","SCN8A","True","True","True","Likely pathogenic",
"1047160","TCF4","True","True","True","Likely benign",
"1045299","RUNX1","True","True","True","Likely pathogenic",
"1041897","RUNX1","True","True","True","Likely pathogenic",
"1028611","IL2RG","True","True","True","Pathogenic",
"1025291","APC","True","True","True","Likely pathogenic",
"1023481","SLC6A8","True","True","True","Likely pathogenic",
"1021635","FOXG1","True","True","True","Likely benign",
"1015734","RUNX1","True","True","True","Likely benign",
"1012092","PTEN","True","True","True","Likely pathogenic",
"1010655","MECP2","True","True","True","Benign",
"1007447","RUNX1","True","True","True","Likely benign",
"996200","ITGA2B","True","True","True","Likely pathogenic",
"996158","ITGA2B","True","True","True","Pathogenic",
"995686","ENG/LOC102723566","True","True","True","Likely pathogenic",
"995600","ENG","True","True","True","Likely pathogenic",
"995373","GCK","True","True","True","Likely pathogenic",
"995370","GCK","True","True","True","Pathogenic",
"995121","HNF4A","True","True","True","Pathogenic",
"994542","HNF1A","True","True","True","Uncertain significance",
"993809","BMPR2","True","True","True","Likely benign",
"993226","LDLR","True","True","True","Likely pathogenic",
"993127","VWF","True","True","True","Likely benign",
"993126","VWF","True","True","True","Uncertain significance",
"988867","RUNX1","True","True","True","Uncertain significance",
"988809","RUNX1","True","True","True","Uncertain significance",
"988616","TP53","True","True","True","Pathogenic",
"983781","ADA","True","True","True","Likely pathogenic",
"982610","GCK","True","True","True","Uncertain significance",
"982495","ENG/LOC102723566","True","True","True","Likely pathogenic",
"974639","GUCY2D","True","True","True","Likely pathogenic",
"973960","RPE65","True","True","True","Pathogenic",
"973956","RPE65","True","True","True","Likely pathogenic",
"973955","RPE65","True","True","True","Likely pathogenic",
"973858","TP53","True","True","True","Likely pathogenic",
"973830","LZTR1","True","True","True","Pathogenic",
"973191","GCK","True","True","True","Pathogenic",
"972785","HNF4A","True","True","True","Uncertain significance",
"972784","HNF4A","True","True","True","Uncertain significance",
"972774","GCK","True","True","True","Likely benign",
"972756","HNF1A","True","True","True","Likely benign",
"972755","HNF1A","True","True","True","Uncertain significance",
"972751","HNF1A","True","True","True","Likely pathogenic",
"971945","GAA","True","True","True","Uncertain significance",
"969463","MECP2","True","True","True","Benign",
"968664","IL2RG","True","True","True","Uncertain significance",
"968598","RPE65","True","True","True","Likely pathogenic",
"964193","RPE65","True","True","True","Likely pathogenic",
"957296","ABCA4","True","True","True","Likely pathogenic",
"953502","CEP290","True","True","True","Pathogenic",
"953057","ITGA2B","True","True","True","Pathogenic",
"947844","RUNX1","True","True","True","Likely benign",
"945025","DCLRE1C","True","True","True","Likely benign",
"942974","USH2A","True","True","True","Uncertain significance",
"942968","SLC6A8","True","True","True","Likely benign",
"942448","RPE65","True","True","True","Likely pathogenic",
"941841","SLC6A8","True","True","True","Uncertain significance",
"941268","ACADVL","True","True","True","Likely pathogenic",
"940222","BRCA2","True","True","True","Pathogenic",
"936561","PTEN","True","True","True","Pathogenic",
"936307","RAG1","True","True","True","Uncertain significance",
"935255","CAPN3","True","True","True","Pathogenic",
"934697","CEP290","True","True","True","Pathogenic",
"934410","TP53","True","True","True","Likely pathogenic",
"933119","DICER1","True","True","True","Uncertain significance",
"933019","DICER1","True","True","True","Uncertain significance",
"932987","DICER1","True","True","True","Pathogenic",
"932843","ACADVL","True","True","True","Likely pathogenic",
"932221","GAA","True","True","True","Likely pathogenic",
"931873","RUNX1","True","True","True","Likely pathogenic",
"931135","DNM2","True","True","True","Likely pathogenic",
"928882","RMRP","True","True","True","Likely pathogenic",
"927875","KCNQ1","True","True","True","Likely benign",
"926526","LDLR","True","True","True","Uncertain significance",
"926510","BRCA1","True","True","True","Uncertain significance",
"917409","HNF4A","True","True","True","Benign",
"911766","GCK","True","True","True","Likely benign",
"908615","GCK","True","True","True","Benign",
"898915","RUNX1","True","True","True","Likely benign",
"898790","RUNX1","True","True","True","Likely benign",
"898486","BMPR2","True","True","True","Uncertain significance",
"898483","BMPR2","True","True","True","Uncertain significance",
"898481","BMPR2","True","True","True","Likely benign",
"897773","RUNX1/RUNX1-AS1","True","True","True","Likely benign",
"897628","RUNX1","True","True","True","Likely benign",
"897319","BMPR2","True","True","True","Uncertain significance",
"897238","BMPR2","True","True","True","Benign",
"897015","ADA","True","True","True","Uncertain significance",
"896040","RUNX1","True","True","True","Likely benign",
"895825","RUNX1","True","True","True","Likely benign",
"892241","ITGA2B","True","True","True","Likely benign",
"892239","ITGA2B","True","True","True","Likely benign",
"891955","ITGB3","True","True","True","Likely benign",
"891087","ITGA2B","True","True","True","Uncertain significance",
"890675","LOC126862757/TCF4","True","True","True","Benign",
"890528","ITGA2B","True","True","True","Likely benign",
"889447","ITGB3","True","True","True","Likely benign",
"888872","DNM2","True","True","True","Benign",
"879138","RAG1","True","True","True","Likely benign",
"876603","SERPINC1","True","True","True","Likely benign",
"875116","RPE65","True","True","True","Uncertain significance",
"874235","RPE65","True","True","True","Uncertain significance",
"872112","UBE3A","True","True","True","Uncertain significance",
"871729","KCNQ1","True","True","True","Uncertain significance",
"871507","ABCA4","True","True","True","Pathogenic",
"870846","SERPINC1","True","True","True","Likely benign",
"870346","RPE65","True","True","True","Likely pathogenic",
"870345","RPE65","True","True","True","Pathogenic",
"870344","RPE65","True","True","True","Likely pathogenic",
"870343","RPE65","True","True","True","Pathogenic",
"869415","FOXN1","True","True","True","Pathogenic",
"869245","HBB/LOC106099062/LOC107133510","True","True","True","Uncertain significance",
"866922","CEP290","True","True","True","Likely pathogenic",
"866638","RPGR","True","True","True","Likely pathogenic",
"866507","RPE65","True","True","True","Likely pathogenic",
"866421","ABCA4","True","True","True","Likely pathogenic",
"866404","RS1","True","True","True","Likely pathogenic",
"866339","CEP290","True","True","True","Likely pathogenic",
"865946","RPE65","True","True","True","Likely pathogenic",
"865888","RPGR","True","True","True","Pathogenic",
"865841","RPE65","True","True","True","Likely pathogenic",
"864108","GAA","True","True","True","Uncertain significance",
"863657","SERPINC1","True","True","True","Pathogenic",
"859216","GUCY2D","True","True","True","Uncertain significance",
"858838","DYSF","True","True","True","Likely pathogenic",
"857533","RAG2","True","True","True","Uncertain significance",
"857069","RAG2","True","True","True","Uncertain significance",
"856299","TP53","True","True","True","Pathogenic",
"854960","GAMT","True","True","True","Uncertain significance",
"854239","RUNX1","True","True","True","Likely benign",
"854099","GAMT","True","True","True","Pathogenic",
"853965","GATM","True","True","True","Uncertain significance",
"852208","FOXN1","True","True","True","Uncertain significance",
"851266","MECP2","True","True","True","Likely benign",
"850613","RPE65","True","True","True","Likely pathogenic",
"848699","ACVRL1","True","True","True","Likely pathogenic",
"846000","RUNX1/RUNX1-AS1","True","True","True","Likely benign",
"843641","TP53","True","True","True","Pathogenic",
"839263","ABCA4","True","True","True","Uncertain significance",
"836280","DICER1","True","True","True","Likely pathogenic",
"836080","RUNX1","True","True","True","Uncertain significance",
"835308","RUNX1/RUNX1-AS1","True","True","True","Likely benign",
"827578","FOXN1","True","True","True","Likely pathogenic",
"827572","FOXN1","True","True","True","Pathogenic",
"822326","APC","True","True","True","Uncertain significance",
"820795","PTEN","True","True","True","Likely pathogenic",
"818179","GAMT","True","True","True","Pathogenic",
"817462","ACTA1","True","True","True","Pathogenic",
"813972","DYSF","True","True","True","Likely pathogenic",
"813969","DYSF","True","True","True","Likely pathogenic",
"812738","RUNX1","True","True","True","Uncertain significance",
"812420","RPGR","True","True","True","Pathogenic",
"811810","F8","True","True","True","Uncertain significance",
"811513","F9","True","True","True","Likely pathogenic",
"811223","RPE65","True","True","True","Likely benign",
"811219","F8","True","True","True","Pathogenic",
"811065","ACVRL1","True","True","True","Uncertain significance",
"810971","F8","True","True","True","Benign",
"810849","LDLR","True","True","True","Likely pathogenic",
"810564","RPGR","True","True","True","Likely pathogenic",
"804918","HNF4A","True","True","True","Pathogenic",
"804852","GCK","True","True","True","Pathogenic",
"804837","GCK","True","True","True","Pathogenic",
"804834","GCK","True","True","True","Likely pathogenic",
"804215","HBA2/LOC106804612","True","True","True","Likely pathogenic",
"804214","TP53","True","True","True","Pathogenic",
"804101","SLC6A8","True","True","True","Likely pathogenic",
"804100","SLC6A8","True","True","True","Uncertain significance",
"804024","IL2RG","True","True","True","Uncertain significance",
"803716","CDKL5","True","True","True","Uncertain significance",
"802861","ACVRL1","True","True","True","Likely benign",
"802564","DCLRE1C","True","True","True","Likely pathogenic",
"801497","RPE65","True","True","True","Pathogenic",
"801294","VWF","True","True","True","Uncertain significance",
"801292","VWF","True","True","True","Likely benign",
"801086","BRCA1","True","True","True","Likely pathogenic",
"800346","IL7R","True","True","True","Uncertain significance",
"800204","BMPR2","True","True","True","Likely benign",
"798429","F9","True","True","True","Uncertain significance",
"789504","RPE65","True","True","True","Likely benign",
"774811","PPP1CB","True","True","True","Benign",
"772770","RPE65","True","True","True","Likely benign",
"767598","RPE65","True","True","True","Likely benign",
"764654","DICER1","True","True","True","Likely benign",
"762975","RUNX1","True","True","True","Likely benign",
"760670","RUNX1","True","True","True","Likely benign",
"759891","ITGB3","True","True","True","Likely benign",
"753166","PIK3CD","True","True","True","Likely benign",
"744318","RPE65","True","True","True","Pathogenic",
"738411","ITGB3","True","True","True","Likely benign",
"733403","JAK3","True","True","True","Likely benign",
"731652","GP1BB/SEPT5-GP1BB","True","True","True","Benign",
"731417","ITGA2B","True","True","True","Likely benign",
"728480","FOXN1","True","True","True","Likely benign",
"716567","RPE65","True","True","True","Likely benign",
"714463","GAA","True","True","True","Uncertain significance",
"712831","FOXN1","True","True","True","Likely benign",
"705625","IL7R","True","True","True","Likely benign",
"702064","ITGA2B","True","True","True","Likely benign",
"701352","F9","True","True","True","Benign",
"699735","RUNX1","True","True","True","Benign",
"699299","F8","True","True","True","Uncertain significance",
"695909","F9","True","True","True","Benign",
"694627","SERPINC1","True","True","True","Likely pathogenic",
"694617","SCN1B","True","True","True","Pathogenic",
"694309","SCN8A","True","True","True","Likely pathogenic",
"689636","HNF4A","True","True","True","Likely pathogenic",
"666959","F8","True","True","True","Likely pathogenic",
"665887","FOXN1","True","True","True","Likely pathogenic",
"664780","TCF4","True","True","True","Likely benign",
"664582","GAA","True","True","True","Likely pathogenic",
"662490","CAPN3","True","True","True","Likely pathogenic",
"660852","SERPINC1","True","True","True","Uncertain significance",
"660565","RUNX1","True","True","True","Uncertain significance",
"658837","RPE65","True","True","True","Likely pathogenic",
"657805","ACVRL1","True","True","True","Pathogenic",
"656631","FOXN1","True","True","True","Likely pathogenic",
"655951","MECP2","True","True","True","Likely benign",
"655729","MECP2","True","True","True","Pathogenic",
"654655","SNHG14/UBE3A","True","True","True","Likely pathogenic",
"654469","ACTA1","True","True","True","Pathogenic",
"654335","DCLRE1C","True","True","True","Uncertain significance",
"654211","SERPINC1","True","True","True","Likely pathogenic",
"651569","F9","True","True","True","Likely pathogenic",
"650904","RAG2","True","True","True","Likely pathogenic",
"646645","RUNX1","True","True","True","Uncertain significance",
"646006","PTEN","True","True","True","Pathogenic",
"644342","FOXN1","True","True","True","Likely pathogenic",
"642956","RUNX1/RUNX1-AS1","True","True","True","Pathogenic",
"642844","RUNX1","True","True","True","Likely benign",
"642787","IL7R","True","True","True","Likely pathogenic",
"642707","RYR1","True","True","True","Pathogenic",
"640778","RUNX1","True","True","True","Likely pathogenic",
"639088","RUNX1","True","True","True","Uncertain significance",
"638952","BRCA1","True","True","True","Likely pathogenic",
"638853","TP53","True","True","True","Pathogenic",
"638559","FBN1","True","True","True","Pathogenic",
"636203","RPGR","True","True","True","Likely pathogenic",
"636202","RPE65","True","True","True","Pathogenic",
"635233","SERPINC1","True","True","True","Likely benign",
"633606","TP53","True","True","True","Pathogenic",
"633211","FBN1","True","True","True","Pathogenic",
"632823","GAA","True","True","True","Likely pathogenic",
"632819","FBN1","True","True","True","Pathogenic",
"632813","FBN1","True","True","True","Likely pathogenic",
"632362","CYP1B1","True","True","True","Uncertain significance",
"627341","SERPINC1","True","True","True","Uncertain significance",
"627328","F8","True","True","True","Pathogenic",
"627284","ITGA2B","True","True","True","Uncertain significance",
"627180","F9","True","True","True","Pathogenic",
"627177","F9","True","True","True","Likely pathogenic",
"627165","F8","True","True","True","Pathogenic",
"627100","RUNX1/RUNX1-AS1","True","True","True","Uncertain significance",
"627098","ITGA2B","True","True","True","Uncertain significance",
"627020","ITGA2B","True","True","True","Pathogenic",
"626948","ITGA2B","True","True","True","Uncertain significance",
"626912","RRAS2","True","True","True","Likely pathogenic",
"626877","FBN1","True","True","True","Likely pathogenic",
"626107","FOXN1","True","True","True","Likely pathogenic",
"625952","GAMT","True","True","True","Likely benign",
"625945","FOXN1","True","True","True","Likely benign",
"624606","RAG2","True","True","True","Uncertain significance",
"623143","ITGB3","True","True","True","Uncertain significance",
"619937","VWF","True","True","True","Likely benign",
"619932","VWF","True","True","True","Likely benign",
"619750","VWF","True","True","True","Uncertain significance",
"618643","F9","True","True","True","Likely pathogenic",
"618516","ADA","True","True","True","Uncertain significance",
"618502","ACADVL","True","True","True","Uncertain significance",
"618119","FBN1","True","True","True","Uncertain significance",
"618104","F8","True","True","True","Pathogenic",
"617950","ACADVL","True","True","True","Uncertain significance",
"617874","FBN1","True","True","True","Uncertain significance",
"617543","DYSF","True","True","True","Likely pathogenic",
"599033","LZTR1","True","True","True","Uncertain significance",
"598004","DCLRE1C","True","True","True","Benign",
"596790","GUCY2D","True","True","True","Likely pathogenic",
"593841","RPGR","True","True","True","Pathogenic",
"593593","GAA","True","True","True","Uncertain significance",
"590456","RYR1","True","True","True","Likely pathogenic",
"590108","MECP2","True","True","True","Likely benign",
"590069","MECP2","True","True","True","Benign",
"590042","MECP2","True","True","True","Likely benign",
"589694","FOXG1","True","True","True","Uncertain significance",
"589521","MECP2","True","True","True","Benign",
"587398","HNF4A","True","True","True","Likely pathogenic",
"586023","HNF4A","True","True","True","Pathogenic",
"586019","HNF4A","True","True","True","Uncertain significance",
"585924","GCK","True","True","True","Pathogenic",
"585921","GCK","True","True","True","Likely pathogenic",
"585920","GCK","True","True","True","Uncertain significance",
"585919","GCK","True","True","True","Likely pathogenic",
"585918","GCK","True","True","True","Pathogenic",
"585917","GCK","True","True","True","Pathogenic",
"585914","GCK","True","True","True","Likely pathogenic",
"585912","GCK","True","True","True","Uncertain significance",
"585907","GCK","True","True","True","Likely pathogenic",
"585094","GP1BA","True","True","True","Uncertain significance",
"583401","RAG1","True","True","True","Uncertain significance",
"582515","PIK3CD","True","True","True","Likely pathogenic",
"580203","DICER1","True","True","True","Pathogenic",
"578525","PIK3CD","True","True","True","Likely pathogenic",
"575500","RUNX1","True","True","True","Likely benign",
"573475","RAG2","True","True","True","Uncertain significance",
"570737","FBN1","True","True","True","Likely pathogenic",
"569458","RUNX1","True","True","True","Likely benign",
"568706","SCN8A","True","True","True","Benign",
"567760","RUNX1","True","True","True","Likely benign",
"567608","CDH1","True","True","True","Pathogenic",
"567124","DYSF","True","True","True","Likely pathogenic",
"565574","LOC102723566/ENG","True","True","True","Uncertain significance",
"561716","LZTR1","True","True","True","Likely pathogenic",
"561249","RUNX1","True","True","True","Benign",
"561244","RUNX1-AS1/RUNX1","True","True","True","Pathogenic",
"561238","RUNX1/RUNX1-AS1","True","True","True","Pathogenic",
"561228","RUNX1","True","True","True","Pathogenic",
"561220","RUNX1","True","True","True","Likely benign",
"560679","RIT1","True","True","True","Uncertain significance",
"560497","RPE65","True","True","True","Likely pathogenic",
"560496","RPE65","True","True","True","Pathogenic",
"560463","GUCY2D","True","True","True","Pathogenic",
"559523","RPE65","True","True","True","Pathogenic",
"558132","LOC126861615/PAH","True","True","True","Pathogenic",
"557885","IDUA","True","True","True","Pathogenic",
"557676","ACADVL","True","True","True","Pathogenic",
"557260","IDUA","True","True","True","Likely pathogenic",
"556315","ATM","True","True","True","Pathogenic",
"556178","RPE65","True","True","True","Likely pathogenic",
"556104","RPE65","True","True","True","Likely pathogenic",
"555998","GAA","True","True","True","Uncertain significance",
"555864","GAA","True","True","True","Likely pathogenic",
"555820","GAA","True","True","True","Likely pathogenic",
"555727","GAA","True","True","True","Uncertain significance",
"555264","ADA","True","True","True","Pathogenic",
"555182","ADA","True","True","True","Pathogenic",
"553493","NEB","True","True","True","Likely pathogenic",
"552776","GAA","True","True","True","Likely pathogenic",
"552734","RMRP","True","True","True","Likely pathogenic",
"552042","NEB","True","True","True","Pathogenic",
"551915","GJB2","True","True","True","Pathogenic",
"551588","ACADVL","True","True","True","Likely pathogenic",
"550799","IDUA","True","True","True","Pathogenic",
"550716","GJB2","True","True","True","Likely pathogenic",
"550622","LOC130060113/ACADVL","True","True","True","Likely pathogenic",
"550010","GAA","True","True","True","Likely pathogenic",
"549981","USH2A","True","True","True","Pathogenic",
"549555","HNF4A","True","True","True","Likely pathogenic",
"549554","HNF4A","True","True","True","Uncertain significance",
"549180","FBN1","True","True","True","Likely pathogenic",
"549173","FBN1","True","True","True","Likely pathogenic",
"549019","FBN1","True","True","True","Likely pathogenic",
"548685","BMPR2","True","True","True","Benign",
"547349","FBN1","True","True","True","Likely pathogenic",
"547340","FBN1","True","True","True","Pathogenic",
"547338","FBN1","True","True","True","Likely pathogenic",
"547334","FBN1","True","True","True","Pathogenic",
"547309","FBN1","True","True","True","Pathogenic",
"545487","BRCA2","True","True","True","Likely pathogenic",
"544257","GAMT","True","True","True","Pathogenic",
"543626","DICER1","True","True","True","Uncertain significance",
"543609","DICER1","True","True","True","Likely benign",
"543597","DICER1","True","True","True","Likely benign",
"541723","ACADVL","True","True","True","Uncertain significance",
"536427","FOXN1","True","True","True","Uncertain significance",
"532770","ACTA1","True","True","True","Likely pathogenic",
"532747","JAK3","True","True","True","Likely benign",
"532674","RUNX1","True","True","True","Likely benign",
"532672","RUNX1","True","True","True","Likely benign",
"531302","BRCA1","True","True","True","Likely pathogenic",
"530855","MTM1","True","True","True","Pathogenic",
"529744","SERPINC1","True","True","True","Uncertain significance",
"529743","SERPINC1","True","True","True","Likely benign",
"529741","SERPINC1","True","True","True","Uncertain significance",
"528248","TP53","True","True","True","Pathogenic",
"528065","ENG/LOC102723566","True","True","True","Likely pathogenic",
"526525","GAA","True","True","True","Uncertain significance",
"524154","HNF4A","True","True","True","Likely pathogenic",
"522770","DCLRE1C","True","True","True","Uncertain significance",
"522504","GCK","True","True","True","Uncertain significance",
"520895","HNF4A","True","True","True","Likely pathogenic",
"520675","HNF4A","True","True","True","Likely pathogenic",
"520496","FBN1","True","True","True","Pathogenic",
"519783","FBN1","True","True","True","Likely pathogenic",
"519760","FBN1","True","True","True","Pathogenic",
"517669","FOXG1","True","True","True","Benign",
"517187","RUNX1","True","True","True","Uncertain significance",
"516726","TCF4","True","True","True","Likely benign",
"515407","GAA","True","True","True","Likely benign",
"512592","SLC9A6","True","True","True","Likely benign",
"511239","DNM2","True","True","True","Benign",
"510672","GAA","True","True","True","Uncertain significance",
"510585","HNF4A","True","True","True","Uncertain significance",
"507662","CDKL5","True","True","True","Benign",
"507529","GAA","True","True","True","Uncertain significance",
"507028","VWF","True","True","True","Uncertain significance",
"506444","LZTR1","True","True","True","Benign",
"505185","MYO15A","True","True","True","Pathogenic",
"503699","GCK","True","True","True","Pathogenic",
"498275","SGCA","True","True","True","Likely pathogenic",
"498267","CAPN3","True","True","True","Pathogenic",
"498216","DYSF","True","True","True","Likely pathogenic",
"497182","CAPN3","True","True","True","Pathogenic",
"496681","CDKL5","True","True","True","Uncertain significance",
"496633","RAG2","True","True","True","Uncertain significance",
"496629","RAG2","True","True","True","Likely pathogenic",
"496628","RAG2","True","True","True","Likely pathogenic",
"496624","RAG2","True","True","True","Pathogenic",
"495789","PAH","True","True","True","Pathogenic",
"495662","FBN1","True","True","True","Likely pathogenic",
"495644","FBN1","True","True","True","Likely pathogenic",
"495629","FBN1","True","True","True","Pathogenic",
"495598","FBN1","True","True","True","Uncertain significance",
"495558","FBN1","True","True","True","Pathogenic",
"495246","CDKL5","True","True","True","Uncertain significance",
"493321","HNF4A","True","True","True","Uncertain significance",
"492752","TP53","True","True","True","Pathogenic",
"492727","PTEN","True","True","True","Pathogenic",
"491098","BRCA1","True","True","True","Uncertain significance",
"489785","BRCA2","True","True","True","Pathogenic",
"489784","BRCA2","True","True","True","Likely pathogenic",
"488999","HNF4A","True","True","True","Likely pathogenic",
"488726","RAG2","True","True","True","Uncertain significance",
"483434","DICER1","True","True","True","Likely benign",
"483407","DICER1","True","True","True","Likely benign",
"482223","TP53","True","True","True","Pathogenic",
"482029","PALB2","True","True","True","Uncertain significance",
"481129","PTEN","True","True","True","Uncertain significance",
"480386","KLLN/PTEN","True","True","True","Uncertain significance",
"479632","DICER1","True","True","True","Likely benign",
"477295","DICER1","True","True","True","Likely benign",
"477062","DICER1","True","True","True","Likely benign",
"474894","ACADVL","True","True","True","Uncertain significance",
"469632","SLC9A6","True","True","True","Benign",
"468680","PTEN","True","True","True","Likely pathogenic",
"467827","RPE65","True","True","True","Likely pathogenic",
"465208","RMRP","True","True","True","Likely pathogenic",
"464139","ACTA1","True","True","True","Pathogenic",
"464114","ACTA1","True","True","True","Pathogenic",
"464113","ACTA1","True","True","True","Likely pathogenic",
"463795","CDH1","True","True","True","Pathogenic",
"463790","CDH1","True","True","True","Uncertain significance",
"463378","IL2RG/LOC126863274","True","True","True","Likely pathogenic",
"461696","MTM1","True","True","True","Benign",
"458626","BMPR2","True","True","True","Likely benign",
"458520","TP53","True","True","True","Uncertain significance",
"458078","PAH","True","True","True","Likely pathogenic",
"456402","GAA","True","True","True","Likely pathogenic",
"456370","GAA","True","True","True","Uncertain significance",
"451330","RYR1","True","True","True","Pathogenic",
"450787","HNF4A","True","True","True","Pathogenic",
"449935","LOC130060113/ACADVL","True","True","True","Uncertain significance",
"449813","SCN8A","True","True","True","Benign",
"449564","GP1BA","True","True","True","Uncertain significance",
"449370","F8","True","True","True","Pathogenic",
"447524","HNF4A","True","True","True","Pathogenic",
"447523","HNF4A","True","True","True","Likely benign",
"447520","HNF4A","True","True","True","Pathogenic",
"447518","HNF4A","True","True","True","Uncertain significance",
"447513","HNF4A","True","True","True","Pathogenic",
"447413","GCK","True","True","True","Pathogenic",
"447411","GCK","True","True","True","Pathogenic",
"447401","GCK","True","True","True","Likely pathogenic",
"447397","GCK","True","True","True","Pathogenic",
"447387","GCK","True","True","True","Pathogenic",
"447386","GCK","True","True","True","Pathogenic",
"447385","GCK","True","True","True","Likely pathogenic",
"447382","GCK","True","True","True","Likely pathogenic",
"447381","GCK","True","True","True","Likely pathogenic",
"447378","GCK","True","True","True","Pathogenic",
"445735","SOS2","True","True","True","Benign",
"440637","LDLR","True","True","True","Uncertain significance",
"440551","LDLR","True","True","True","Uncertain significance",
"440548","LDLR","True","True","True","Uncertain significance",
"439677","F8","True","True","True","Likely pathogenic",
"439226","PAH","True","True","True","Likely pathogenic",
"438620","GJB2","True","True","True","Likely pathogenic",
"438325","LDLR","True","True","True","Likely pathogenic",
"438172","MYO7A","True","True","True","Likely pathogenic",
"437985","RPE65","True","True","True","Pathogenic",
"436612","RUNX1","True","True","True","Uncertain significance",
"436442","PTEN","True","True","True","Pathogenic",
"435961","NEB/RIF1","True","True","True","Likely benign",
"435439","HNF4A","True","True","True","Pathogenic",
"435438","HNF4A","True","True","True","Pathogenic",
"435437","HNF4A","True","True","True","Uncertain significance",
"435436","HNF4A","True","True","True","Pathogenic",
"435311","GCK","True","True","True","Likely pathogenic",
"435307","GCK","True","True","True","Likely pathogenic",
"435060","ENG","True","True","True","Likely pathogenic",
"433598","APC","True","True","True","Pathogenic",
"432079","CTLA4","True","True","True","Likely pathogenic",
"431897","MECP2","True","True","True","Likely benign",
"431840","MECP2","True","True","True","Benign",
"430844","HNF4A","True","True","True","Likely pathogenic",
"430406","ATM/C11orf65","True","True","True","Pathogenic",
"430375","ENG/LOC102723566","True","True","True","Pathogenic",
"430229","SLC26A4","True","True","True","Uncertain significance",
"429640","GCK","True","True","True","Uncertain significance",
"429425","FBN1","True","True","True","Likely pathogenic",
"429241","PTEN","True","True","True","Uncertain significance",
"429215","USH2A","True","True","True","Pathogenic",
"428898","TP53","True","True","True","Likely pathogenic",
"428862","TP53","True","True","True","Likely benign",
"428224","PTEN","True","True","True","Uncertain significance",
"428222","PTEN","True","True","True","Uncertain significance",
"428204","PTEN","True","True","True","Uncertain significance",
"427868","RPE65","True","True","True","Pathogenic",
"427864","RPE65","True","True","True","Pathogenic",
"427633","PPP1CB","True","True","True","Likely pathogenic",
"427619","PTEN","True","True","True","Pathogenic",
"426278","GAA","True","True","True","Pathogenic",
"425999","BMPR2","True","True","True","Benign",
"425966","BMPR2","True","True","True","Likely benign",
"425955","BMPR2","True","True","True","Uncertain significance",
"425889","BMPR2","True","True","True","Uncertain significance",
"425888","BMPR2","True","True","True","Pathogenic",
"425887","BMPR2","True","True","True","Likely pathogenic",
"425886","BMPR2","True","True","True","Likely pathogenic",
"425885","BMPR2","True","True","True","Likely pathogenic",
"425884","BMPR2","True","True","True","Likely pathogenic",
"425883","BMPR2","True","True","True","Likely pathogenic",
"425864","BMPR2","True","True","True","Likely pathogenic",
"425863","BMPR2","True","True","True","Likely pathogenic",
"425842","BMPR2","True","True","True","Likely pathogenic",
"425800","BMPR2","True","True","True","Uncertain significance",
"425733","BMPR2","True","True","True","Likely pathogenic",
"425731","BMPR2","True","True","True","Likely pathogenic",
"425725","BMPR2","True","True","True","Likely pathogenic",
"424599","HNF4A","True","True","True","Likely pathogenic",
"424401","DNM2/LOC130063529","True","True","True","Benign",
"423498","FBN1","True","True","True","Pathogenic",
"423100","FOXN1","True","True","True","Likely pathogenic",
"422945","FOXN1","True","True","True","Likely pathogenic",
"422694","LOC130068746/SLC9A6","True","True","True","Benign",
"420100","ACTA1","True","True","True","Pathogenic",
"420070","GCK","True","True","True","Pathogenic",
"419664","IL2RG","True","True","True","Likely pathogenic",
"418656","IL2RG","True","True","True","Pathogenic",
"418653","PTEN","True","True","True","Likely pathogenic",
"418538","VHL","True","True","True","Likely benign",
"418475","SCN1A","True","True","True","Likely benign",
"418451","RAG1","True","True","True","Uncertain significance",
"418449","RAG1","True","True","True","Uncertain significance",
"418257","IL7R","True","True","True","Uncertain significance",
"418256","IL2RG","True","True","True","Uncertain significance",
"418228","GCK","True","True","True","Likely pathogenic",
"418218","FOXN1","True","True","True","Pathogenic",
"418159","DCLRE1C","True","True","True","Likely benign",
"416987","DNM2","True","True","True","Benign",
"415834","RUNX1","True","True","True","Benign",
"414302","ENG","True","True","True","Uncertain significance",
"414012","RPGR","True","True","True","Benign",
"412179","DICER1","True","True","True","Likely benign",
"412157","DICER1","True","True","True","Likely benign",
"412125","DICER1","True","True","True","Likely benign",
"412118","DICER1","True","True","True","Likely benign",
"412066","DICER1","True","True","True","Likely benign",
"412056","DICER1","True","True","True","Uncertain significance",
"411994","LOC107303340/VHL","True","True","True","Uncertain significance",
"411368","APC","True","True","True","Pathogenic",
"409829","BMPR2","True","True","True","Pathogenic",
"409828","BMPR2","True","True","True","Uncertain significance",
"409824","RUNX1","True","True","True","Likely pathogenic",
"409822","RUNX1","True","True","True","Likely pathogenic",
"409818","RUNX1","True","True","True","Likely benign",
"407510","ATM","True","True","True","Pathogenic",
"407115","ENG","True","True","True","Pathogenic",
"406663","CDH1","True","True","True","Pathogenic",
"406644","CDH1","True","True","True","Pathogenic",
"406639","CDH1","True","True","True","Likely benign",
"402949","HNF1A","True","True","True","Likely benign",
"402341","ADA","True","True","True","Pathogenic",
"397578","HNF4A","True","True","True","Uncertain significance",
"393491","MECP2","True","True","True","Likely benign",
"392379","FOXN1","True","True","True","Likely pathogenic",
"386114","SNHG14/UBE3A","True","True","True","Likely benign",
"385695","NEB","True","True","True","Likely benign",
"385140","MTM1","True","True","True","Benign",
"384344","FBN1","True","True","True","Uncertain significance",
"382591","TCF4","True","True","True","Uncertain significance",
"381576","JAK3","True","True","True","Uncertain significance",
"380330","NRAS","True","True","True","Benign",
"379896","PIK3R1","True","True","True","Likely pathogenic",
"379485","SLC9A6","True","True","True","Likely benign",
"378124","MECP2","True","True","True","Uncertain significance",
"377977","IL7R","True","True","True","Likely benign",
"377402","ABCA4","True","True","True","Pathogenic",
"376649","TP53","True","True","True","Pathogenic",
"376632","TP53","True","True","True","Pathogenic",
"376631","TP53","True","True","True","Pathogenic",
"376615","TP53","True","True","True","Pathogenic",
"376563","TP53","True","True","True","Pathogenic",
"376098","IL7R","True","True","True","Uncertain significance",
"376067","PIK3R1","True","True","True","Uncertain significance",
"376022","RUNX1-AS1/RUNX1","True","True","True","Pathogenic",
"375822","LDLR","True","True","True","Uncertain significance",
"374503","DYSF","True","True","True","Pathogenic",
"374497","RPE65","True","True","True","Pathogenic",
"374331","SCN1A","True","True","True","Likely pathogenic",
"373960","SCN3A","True","True","True","Pathogenic",
"373746","TCF4","True","True","True","Likely benign",
"373609","ACVRL1","True","True","True","Likely benign",
"373452","SLC6A8","True","True","True","Uncertain significance",
"373121","SOS2","True","True","True","Uncertain significance",
"373089","LZTR1","True","True","True","Pathogenic",
"372933","SLC6A8","True","True","True","Likely benign",
"372382","HNF4A","True","True","True","Pathogenic",
"371781","GJB2","True","True","True","Pathogenic",
"371622","GAA","True","True","True","Pathogenic",
"371277","GAA","True","True","True","Pathogenic",
"370886","ACADVL","True","True","True","Likely pathogenic",
"370639","GAA","True","True","True","Pathogenic",
"370278","GAA","True","True","True","Pathogenic",
"368123","F8","True","True","True","Benign",
"368120","F8","True","True","True","Benign",
"368002","F9","True","True","True","Benign",
"367998","F9","True","True","True","Benign",
"367997","F9","True","True","True","Benign",
"365088","ENG/LOC102723566","True","True","True","Likely benign",
"353268","IL7R","True","True","True","Uncertain significance",
"353266","IL7R","True","True","True","Likely benign",
"339879","RUNX1","True","True","True","Benign",
"339848","RUNX1","True","True","True","Uncertain significance",
"339828","RUNX1","True","True","True","Benign",
"339816","RUNX1","True","True","True","Likely benign",
"339795","RUNX1","True","True","True","Likely benign",
"338506","ADA","True","True","True","Uncertain significance",
"335952","CYP1B1","True","True","True","Pathogenic",
"333652","BMPR2","True","True","True","Likely benign",
"333651","BMPR2","True","True","True","Likely benign",
"333647","BMPR2","True","True","True","Uncertain significance",
"333645","BMPR2","True","True","True","Uncertain significance",
"333642","BMPR2","True","True","True","Likely benign",
"333638","BMPR2","True","True","True","Likely benign",
"333636","BMPR2","True","True","True","Likely benign",
"333629","BMPR2/LOC129935434","True","True","True","Benign",
"328518","JAK3","True","True","True","Likely benign",
"328053","LDLR","True","True","True","Uncertain significance",
"328051","LDLR","True","True","True","Benign",
"328050","LDLR","True","True","True","Likely benign",
"323871","ITGB3","True","True","True","Likely benign",
"323564","ITGA2B","True","True","True","Likely benign",
"323563","ITGA2B","True","True","True","Likely benign",
"323562","ITGA2B","True","True","True","Likely benign",
"323557","ITGA2B","True","True","True","Likely benign",
"323556","ITGA2B","True","True","True","Uncertain significance",
"322435","FOXN1","True","True","True","Likely benign",
"322433","FOXN1","True","True","True","Benign",
"322430","FOXN1","True","True","True","Benign",
"322428","FOXN1","True","True","True","Likely benign",
"316212","GATM","True","True","True","Uncertain significance",
"310040","VWF","True","True","True","Likely benign",
"310032","VWF","True","True","True","Likely benign",
"307467","C12orf43/HNF1A","True","True","True","Uncertain significance",
"304553","RAG2","True","True","True","Uncertain significance",
"304492","RAG1","True","True","True","Uncertain significance",
"298020","RPE65","True","True","True","Likely benign",
"293840","SERPINC1","True","True","True","Likely benign",
"293839","SERPINC1","True","True","True","Likely benign",
"290225","GAA","True","True","True","Uncertain significance",
"289969","LZTR1","True","True","True","Likely pathogenic",
"289644","CAPN3","True","True","True","Pathogenic",
"289367","GAA","True","True","True","Likely pathogenic",
"289310","ABCA4","True","True","True","Pathogenic",
"288531","FOXG1","True","True","True","Likely pathogenic",
"288183","DYSF","True","True","True","Pathogenic",
"287735","DCLRE1C","True","True","True","Benign",
"285589","GAA","True","True","True","Likely pathogenic",
"285366","GAA","True","True","True","Uncertain significance",
"285340","CAPN3","True","True","True","Pathogenic",
"285197","GAA","True","True","True","Pathogenic",
"285157","GAA","True","True","True","Pathogenic",
"285094","MTM1","True","True","True","Benign",
"284254","DYSF","True","True","True","Pathogenic",
"283536","SLC9A6","True","True","True","Benign",
"283358","GCK","True","True","True","Pathogenic",
"282707","ENG/LOC102723566","True","True","True","Uncertain significance",
"282260","ABCA4","True","True","True","Likely pathogenic",
"282138","GAA","True","True","True","Likely benign",
"282017","LOC126862757/TCF4","True","True","True","Benign",
"281818","USH2A","True","True","True","Likely pathogenic",
"281715","RPE65","True","True","True","Pathogenic",
"281232","GAA","True","True","True","Likely benign",
"281141","SGCG","True","True","True","Likely benign",
"281042","ACADVL","True","True","True","Likely pathogenic",
"280956","GAA","True","True","True","Uncertain significance",
"280955","GAA","True","True","True","Pathogenic",
"280954","GAA","True","True","True","Pathogenic",
"280863","ACTA1","True","True","True","Likely pathogenic",
"280226","SLC6A8","True","True","True","Uncertain significance",
"279747","CDH1","True","True","True","Pathogenic",
"265979","USH2A/USH2A-AS2","True","True","True","Likely pathogenic",
"265634","ATM","True","True","True","Pathogenic",
"263898","FBN1","True","True","True","Likely pathogenic",
"263414","FBN1","True","True","True","Likely pathogenic",
"262915","HNF4A","True","True","True","Uncertain significance",
"257447","ACTA1","True","True","True","Benign",
"256586","RYR1","True","True","True","Likely benign",
"256188","RAG1","True","True","True","Benign",
"255361","GAA","True","True","True","Benign",
"254653","PPP1CB","True","True","True","Likely pathogenic",
"252889","BRCA1","True","True","True","Uncertain significance",
"252471","JAK3","True","True","True","Likely benign",
"252308","LDLR","True","True","True","Uncertain significance",
"252173","LDLR","True","True","True","Likely pathogenic",
"252115","LDLR","True","True","True","Uncertain significance",
"252096","LDLR","True","True","True","Uncertain significance",
"251949","LDLR","True","True","True","Uncertain significance",
"251900","LDLR","True","True","True","Likely pathogenic",
"251886","LDLR","True","True","True","Uncertain significance",
"251881","LDLR","True","True","True","Uncertain significance",
"251870","LDLR","True","True","True","Likely pathogenic",
"251864","LDLR/MIR6886","True","True","True","Likely pathogenic",
"251852","LDLR","True","True","True","Uncertain significance",
"251845","LDLR","True","True","True","Uncertain significance",
"251840","LDLR","True","True","True","Uncertain significance",
"251838","LDLR","True","True","True","Uncertain significance",
"251823","LDLR","True","True","True","Likely benign",
"251817","LDLR","True","True","True","Uncertain significance",
"251767","LDLR","True","True","True","Pathogenic",
"251766","LDLR","True","True","True","Uncertain significance",
"251763","LDLR","True","True","True","Likely pathogenic",
"251731","LDLR","True","True","True","Likely pathogenic",
"251657","LDLR","True","True","True","Likely pathogenic",
"251252","LDLR","True","True","True","Uncertain significance",
"251249","LDLR","True","True","True","Uncertain significance",
"251130","LDLR","True","True","True","Likely pathogenic",
"250983","LDLR/LDLR-AS1","True","True","True","Likely benign",
"250927","LDLR/LDLR-AS1","True","True","True","Benign",
"246416","TP53","True","True","True","Pathogenic",
"242101","DICER1","True","True","True","Likely benign",
"242037","DICER1","True","True","True","Benign",
"242033","DICER1","True","True","True","Likely benign",
"242030","DICER1","True","True","True","Likely benign",
"239915","CDH1","True","True","True","Likely pathogenic",
"239056","RUNX1","True","True","True","Likely benign",
"239055","RUNX1","True","True","True","Likely benign",
"239054","RUNX1","True","True","True","Likely benign",
"239047","RUNX1","True","True","True","Benign",
"237024","ENG","True","True","True","Likely benign",
"237022","ENG/LOC102723566","True","True","True","Likely benign",
"236480","RPE65","True","True","True","Pathogenic",
"236014","GCK","True","True","True","Pathogenic",
"235402","NEB","True","True","True","Pathogenic",
"235097","GCK","True","True","True","Likely pathogenic",
"233979","CDH1","True","True","True","Pathogenic",
"233627","TP53","True","True","True","Pathogenic",
"232537","BRCA2","True","True","True","Likely pathogenic",
"231916","PTEN","True","True","True","Pathogenic",
"231647","CDH1","True","True","True","Pathogenic",
"231485","TP53","True","True","True","Benign",
"231277","ATM","True","True","True","Pathogenic",
"230862","BRCA1","True","True","True","Likely pathogenic",
"230269","TP53","True","True","True","Benign",
"230061","BRCA1","True","True","True","Pathogenic",
"229794","ATM","True","True","True","Likely pathogenic",
"228460","BMPR2","True","True","True","Pathogenic",
"226353","LDLR","True","True","True","Pathogenic",
"226327","LDLR","True","True","True","Likely benign",
"225375","GJB2","True","True","True","Pathogenic",
"225353","F8","True","True","True","Benign",
"225305","BMPR2","True","True","True","Likely benign",
"225194","IL2RG","True","True","True","Pathogenic",
"225114","GAA","True","True","True","Likely pathogenic",
"224998","RYR1","True","True","True","Pathogenic",
"223171","VHL","True","True","True","Likely pathogenic",
"222971","NRAS","True","True","True","Likely pathogenic",
"222610","FBN1","True","True","True","Likely pathogenic",
"220773","DICER1","True","True","True","Likely benign",
"220353","BRCA2","True","True","True","Pathogenic",
"219896","BRCA2","True","True","True","Likely pathogenic",
"219787","ATM/C11orf65","True","True","True","Uncertain significance",
"219179","GCK","True","True","True","Likely pathogenic",
"216926","F9","True","True","True","Pathogenic",
"215996","TP53","True","True","True","Pathogenic",
"213212","ENG/LOC102723566","True","True","True","Pathogenic",
"213200","ENG","True","True","True","Benign",
"212810","BMPR2","True","True","True","Uncertain significance",
"212217","SLC9A6","True","True","True","Benign",
"211031","FOXG1","True","True","True","Benign",
"209092","SOS2","True","True","True","Likely pathogenic",
"209089","LZTR1","True","True","True","Likely pathogenic",
"209088","LZTR1","True","True","True","Likely pathogenic",
"208653","CDKL5","True","True","True","Uncertain significance",
"207529","TCF4","True","True","True","Likely benign",
"207236","SLC9A6","True","True","True","Likely benign",
"207233","SLC9A6","True","True","True","Likely benign",
"207024","SCN2A","True","True","True","Pathogenic",
"207018","SCN2A","True","True","True","Pathogenic",
"206852","SCN1A/LOC102724058","True","True","True","Pathogenic",
"206744","SCN1A","True","True","True","Likely pathogenic",
"205566","GAMT","True","True","True","Uncertain significance",
"205497","FOXG1","True","True","True","Likely benign",
"205491","FOXG1","True","True","True","Pathogenic",
"205483","FOXG1","True","True","True","Uncertain significance",
"205476","FOXG1","True","True","True","Benign",
"205475","FOXG1","True","True","True","Benign",
"205472","FOXG1","True","True","True","Benign",
"205471","FOXG1","True","True","True","Benign",
"205470","FOXG1","True","True","True","Benign",
"205468","FOXG1","True","True","True","Benign",
"205462","FOXG1","True","True","True","Benign",
"203597","ACADVL","True","True","True","Uncertain significance",
"203587","ACADVL","True","True","True","Likely pathogenic",
"203579","ACADVL","True","True","True","Likely pathogenic",
"201153","RYR1","True","True","True","Uncertain significance",
"200921","LDLR","True","True","True","Pathogenic",
"200177","LOC113939944/FBN1","True","True","True","Likely pathogenic",
"200167","FBN1","True","True","True","Uncertain significance",
"200084","FBN1","True","True","True","Pathogenic",
"200022","FBN1","True","True","True","Pathogenic",
"198690","CAPN3","True","True","True","Likely pathogenic",
"198683","ACADVL","True","True","True","Likely pathogenic",
"198416","RPE65","True","True","True","Likely benign",
"198393","GAA","True","True","True","Uncertain significance",
"198055","GUCY2D","True","True","True","Uncertain significance",
"198050","GCK","True","True","True","Pathogenic",
"197662","PTEN","True","True","True","Uncertain significance",
"197244","MECP2","True","True","True","Benign",
"194857","SCN3A","True","True","True","Benign",
"194643","SLC9A6","True","True","True","Benign",
"194555","SCN2A","True","True","True","Pathogenic",
"194316","ACADVL","True","True","True","Likely pathogenic",
"193990","ABCA4","True","True","True","Likely benign",
"193975","GAA","True","True","True","Uncertain significance",
"193309","FOXG1","True","True","True","Benign",
"191476","KCNQ1","True","True","True","Uncertain significance",
"189929","SCN1A","True","True","True","Likely pathogenic",
"189762","LOC130068854/MECP2","True","True","True","Likely benign",
"189549","CDKL5","True","True","True","Likely pathogenic",
"189481","PTEN","True","True","True","Uncertain significance",
"189297","LDLR","True","True","True","Uncertain significance",
"189243","SGCG","True","True","True","Pathogenic",
"189124","GAA","True","True","True","Pathogenic",
"189007","GAA","True","True","True","Pathogenic",
"188933","PAH","True","True","True","Pathogenic",
"188480","GAA","True","True","True","Uncertain significance",
"188476","GAA","True","True","True","Likely benign",
"188060","TP53","True","True","True","Likely pathogenic",
"186937","CDH1","True","True","True","Likely benign",
"186363","TP53","True","True","True","Benign",
"186005","PTEN","True","True","True","Pathogenic",
"184838","CDH1","True","True","True","Benign",
"184702","APC","True","True","True","Uncertain significance",
"184069","CDH1","True","True","True","Likely benign",
"184020","PTEN","True","True","True","Likely benign",
"183803","CDH1","True","True","True","Likely benign",
"183116","LDLR","True","True","True","Pathogenic",
"183113","LDLR","True","True","True","Likely pathogenic",
"183089","LDLR","True","True","True","Likely pathogenic",
"183085","LDLR","True","True","True","Likely pathogenic",
"182963","TP53","True","True","True","Likely pathogenic",
"181996","ATM","True","True","True","Likely pathogenic",
"181528","SHOC2","True","True","True","Pathogenic",
"180142","GAA","True","True","True","Likely pathogenic",
"179773","USH2A/USH2A-AS2","True","True","True","Pathogenic",
"167677","SGCA","True","True","True","Pathogenic",
"167115","GAA","True","True","True","Benign",
"167025","DYSF","True","True","True","Pathogenic",
"167021","DYSF","True","True","True","Pathogenic",
"166643","ACADVL","True","True","True","Likely pathogenic",
"166641","ACADVL","True","True","True","Likely pathogenic",
"166640","ACADVL","True","True","True","Likely benign",
"161402","VHL","True","True","True","Benign",
"161396","TNNI3","True","True","True","Uncertain significance",
"161285","LDLR","True","True","True","Pathogenic",
"161284","LDLR","True","True","True","Pathogenic",
"161278","LDLR","True","True","True","Uncertain significance",
"161275","LDLR","True","True","True","Uncertain significance",
"161232","ENG","True","True","True","Benign",
"161231","ENG/LOC102723566","True","True","True","Likely benign",
"161229","ENG","True","True","True","Likely benign",
"161202","ACVRL1","True","True","True","Likely benign",
"161201","ACVRL1","True","True","True","Likely benign",
"160221","UBE3A","True","True","True","Likely pathogenic",
"160092","TCF4","True","True","True","Pathogenic",
"158987","MTM1","True","True","True","Pathogenic",
"158984","MTM1","True","True","True","Likely pathogenic",
"158953","MTM1","True","True","True","Likely pathogenic",
"158884","MECP2","True","True","True","Likely benign",
"158591","FOXG1","True","True","True","Benign",
"158179","CDKL5","True","True","True","Pathogenic",
"156685","CDKL5","True","True","True","Benign",
"156623","SNHG14/UBE3A","True","True","True","Uncertain significance",
"156598","CDKL5","True","True","True","Uncertain significance",
"156596","CDKL5","True","True","True","Pathogenic",
"156592","CDKL5","True","True","True","Pathogenic",
"143796","CDKL5","True","True","True","Pathogenic",
"143756","MECP2","True","True","True","Likely benign",
"143743","MECP2","True","True","True","Pathogenic",
"143710","MECP2","True","True","True","Likely pathogenic",
"143609","MECP2","True","True","True","Likely benign",
"143556","MECP2","True","True","True","Pathogenic",
"143493","MECP2","True","True","True","Uncertain significance",
"143475","MECP2","True","True","True","Likely benign",
"143418","MECP2","True","True","True","Likely benign",
"143340","MECP2","True","True","True","Likely benign",
"143316","MECP2","True","True","True","Uncertain significance",
"142905","CDH1","True","True","True","Likely pathogenic",
"142435","CDH1","True","True","True","Likely benign",
"142391","BRCA2","True","True","True","Benign",
"142386","TP53","True","True","True","Benign",
"142003","TP53","True","True","True","Benign",
"141828","CDH1","True","True","True","Benign",
"141802","CDH1","True","True","True","Likely benign",
"141597","TP53","True","True","True","Benign",
"141483","TP53","True","True","True","Benign",
"141474","ATM","True","True","True","Pathogenic",
"141044","LOC107303340/VHL","True","True","True","Uncertain significance",
"141010","CDH1","True","True","True","Likely benign",
"140840","CDH1","True","True","True","Benign",
"138982","LOC102724058/SCN1A","True","True","True","Benign",
"138884","RAG1","True","True","True","Benign",
"137905","VHL","True","True","True","Benign",
"136261","ACADVL","True","True","True","Benign",
"135951","VHL","True","True","True","Benign",
"135775","ATM/C11orf65","True","True","True","Pathogenic",
"135405","VHL","True","True","True","Benign",
"135360","TP53","True","True","True","Benign",
"134580","JAK3","True","True","True","Benign",
"134579","JAK3","True","True","True","Benign",
"134573","JAK3","True","True","True","Benign",
"134569","JAK3","True","True","True","Benign",
"134523","IL7R","True","True","True","Likely benign",
"134512","HNF1A","True","True","True","Benign",
"133249","PAH","True","True","True","Pathogenic",
"133179","RYR1","True","True","True","Uncertain significance",
"132994","RYR1","True","True","True","Pathogenic",
"132976","MYL2","True","True","True","Uncertain significance",
"132806","PIK3CD","True","True","True","Likely pathogenic",
"130219","SCN2A","True","True","True","Benign",
"129142","GCK","True","True","True","Pathogenic",
"127905","CDH1","True","True","True","Likely benign",
"127830","LOC107303340/VHL","True","True","True","Benign",
"127806","TP53","True","True","True","Benign",
"127463","ATM/C11orf65","True","True","True","Pathogenic",
"127459","ATM/C11orf65","True","True","True","Likely pathogenic",
"127405","ATM","True","True","True","Pathogenic",
"127403","ATM","True","True","True","Pathogenic",
"127305","APC","True","True","True","Likely pathogenic",
"126168","BRCA2","True","True","True","Likely pathogenic",
"102912","PAH","True","True","True","Pathogenic",
"102907","PAH","True","True","True","Pathogenic",
"102904","PAH","True","True","True","Pathogenic",
"102899","PAH","True","True","True","Pathogenic",
"102896","PAH","True","True","True","Pathogenic",
"102867","PAH","True","True","True","Pathogenic",
"102848","PAH","True","True","True","Pathogenic",
"102688","PAH","True","True","True","Pathogenic",
"102639","PAH","True","True","True","Pathogenic",
"102635","PAH","True","True","True","Pathogenic",
"102617","PAH","True","True","True","Likely pathogenic",
"102586","PAH","True","True","True","Pathogenic",
"102575","PAH","True","True","True","Pathogenic",
"100314","VWF","True","True","True","Likely pathogenic",
"100281","VWF","True","True","True","Pathogenic",
"100231","VWF","True","True","True","Pathogenic",
"99864","CEP290/RLIG1","True","True","True","Pathogenic",
"99804","AIPL1","True","True","True","Pathogenic",
"99458","ABCA4","True","True","True","Pathogenic",
"99448","ABCA4","True","True","True","Pathogenic",
"99271","ABCA4","True","True","True","Likely benign",
"99219","ABCA4","True","True","True","Pathogenic",
"99113","ABCA4","True","True","True","Pathogenic",
"99087","ABCA4","True","True","True","Pathogenic",
"98988","CDKL5/RS1","True","True","True","Uncertain significance",
"98903","RPE65","True","True","True","Likely benign",
"98898","RPE65","True","True","True","Pathogenic",
"98895","RPE65","True","True","True","Likely pathogenic",
"98891","RPE65","True","True","True","Pathogenic",
"98888","RPE65","True","True","True","Likely pathogenic",
"98873","RPE65","True","True","True","Pathogenic",
"98871","RPE65","True","True","True","Likely benign",
"98869","RPE65","True","True","True","Benign",
"98868","RPE65","True","True","True","Likely pathogenic",
"98867","RPE65","True","True","True","Benign",
"98861","RPE65","True","True","True","Likely pathogenic",
"98854","RPE65","True","True","True","Likely pathogenic",
"98848","RPE65","True","True","True","Likely pathogenic",
"98835","RPE65","True","True","True","Pathogenic",
"98826","RPE65","True","True","True","Pathogenic",
"98823","RPE65","True","True","True","Likely pathogenic",
"98802","RPGR","True","True","True","Pathogenic",
"98753","RPGR","True","True","True","Likely pathogenic",
"98736","RPGR","True","True","True","Uncertain significance",
"98734","RPGR","True","True","True","Benign",
"98610","GUCY2D","True","True","True","Likely pathogenic",
"94366","DYSF","True","True","True","Likely pathogenic",
"94365","DYSF","True","True","True","Pathogenic",
"93551","ACTA1","True","True","True","Benign",
"93330","VHL","True","True","True","Benign",
"92859","RPE65","True","True","True","Likely benign",
"92858","RPGR","True","True","True","Uncertain significance",
"92855","RPGR","True","True","True","Benign",
"92677","MTM1","True","True","True","Likely pathogenic",
"92640","IDUA/SLC26A1","True","True","True","Benign",
"92472","GAA","True","True","True","Pathogenic",
"92288","ACADVL","True","True","True","Likely pathogenic",
"91649","BRCA1","True","True","True","Pathogenic",
"68689","RAG1","True","True","True","Likely pathogenic",
"68467","CYP1B1","True","True","True","Benign",
"68262","ADA","True","True","True","Benign",
"65692","SLC6A8","True","True","True","Likely pathogenic",
"55720","BRCA1","True","True","True","Benign",
"55678","BRCA1","True","True","True","Likely pathogenic",
"55505","BRCA1","True","True","True","Pathogenic",
"55488","BRCA1","True","True","True","Likely pathogenic",
"55482","BRCA1","True","True","True","Likely pathogenic",
"52780","BRCA2","True","True","True","Likely pathogenic",
"48409","USH2A","True","True","True","Likely pathogenic",
"48253","LOC112840921/OTOF","True","True","True","Pathogenic",
"44588","MAP2K1","True","True","True","Pathogenic",
"43596","VHL","True","True","True","Benign",
"43587","TP53","True","True","True","Pathogenic",
"43492","SLC26A4","True","True","True","Likely benign",
"43479","MYL2","True","True","True","Likely pathogenic",
"43325","MYO7A","True","True","True","Pathogenic",
"43230","MYO7A","True","True","True","Pathogenic",
"43124","MYL3","True","True","True","Uncertain significance",
"42443","FBN1","True","True","True","Likely pathogenic",
"42436","FBN1","True","True","True","Pathogenic",
"42402","FBN1","True","True","True","Pathogenic",
"42391","FBN1","True","True","True","Likely pathogenic",
"42339","FBN1","True","True","True","Likely pathogenic",
"42248","APC","True","True","True","Pathogenic",
"40599","RAF1","True","True","True","Likely pathogenic",
"39759","GCK","True","True","True","Likely pathogenic",
"38260","BRCA2","True","True","True","Likely pathogenic",
"38180","BRCA2","True","True","True","Benign",
"38157","BRCA2","True","True","True","Likely pathogenic",
"38114","BRCA2","True","True","True","Uncertain significance",
"37667","BRCA1","True","True","True","Likely pathogenic",
"37650","BRCA1","True","True","True","Likely pathogenic",
"36811","HNF1A","True","True","True","Likely benign",
"36801","HNF1A","True","True","True","Uncertain significance",
"36720","RAG2","True","True","True","Uncertain significance",
"36718","RAG2","True","True","True","Likely pathogenic",
"36717","RAG2","True","True","True","Likely pathogenic",
"36716","RAG2","True","True","True","Pathogenic",
"36713","RAG1","True","True","True","Uncertain significance",
"36712","RAG1","True","True","True","Uncertain significance",
"36422","JAK3","True","True","True","Benign",
"36393","IL7R","True","True","True","Uncertain significance",
"36388","IL2RG","True","True","True","Pathogenic",
"36365","HNF4A","True","True","True","Pathogenic",
"36364","HNF4A","True","True","True","Pathogenic",
"36361","HNF4A","True","True","True","Benign",
"36356","HNF4A","True","True","True","Likely pathogenic",
"36355","HNF4A","True","True","True","Likely pathogenic",
"36354","HNF4A","True","True","True","Uncertain significance",
"36346","HNF4A","True","True","True","Uncertain significance",
"36268","GCK","True","True","True","Uncertain significance",
"36248","GCK","True","True","True","Pathogenic",
"36236","GCK","True","True","True","Pathogenic",
"36232","GCK","True","True","True","Uncertain significance",
"36223","GCK","True","True","True","Uncertain significance",
"36221","GCK","True","True","True","Pathogenic",
"36218","GCK","True","True","True","Pathogenic",
"36212","GCK","True","True","True","Uncertain significance",
"36199","GCK","True","True","True","Pathogenic",
"36195","GCK","True","True","True","Pathogenic",
"36194","GCK","True","True","True","Uncertain significance",
"36189","GCK","True","True","True","Pathogenic",
"36185","GCK","True","True","True","Pathogenic",
"36184","GCK","True","True","True","Uncertain significance",
"36183","GCK","True","True","True","Uncertain significance",
"36182","GCK","True","True","True","Pathogenic",
"36180","GCK","True","True","True","Pathogenic",
"36170","GCK","True","True","True","Pathogenic",
"36169","GCK","True","True","True","Likely pathogenic",
"36118","FBN1","True","True","True","Pathogenic",
"36034","FBN1","True","True","True","Uncertain significance",
"31885","TPM1","True","True","True","Uncertain significance",
"30566","DICER1","True","True","True","Likely pathogenic",
"29873","RPE65","True","True","True","Pathogenic",
"21389","GJB2","True","True","True","Pathogenic",
"21024","ACADVL","True","True","True","Likely pathogenic",
"18286","ACTA1","True","True","True","Likely pathogenic",
"18032","SERPINC1","True","True","True","Uncertain significance",
"18030","SERPINC1","True","True","True","Pathogenic",
"18017","SERPINC1","True","True","True","Likely pathogenic",
"18015","SERPINC1","True","True","True","Likely pathogenic",
"18010","SERPINC1","True","True","True","Pathogenic",
"18009","SERPINC1","True","True","True","Likely pathogenic",
"18007","SERPINC1","True","True","True","Pathogenic",
"18004","SERPINC1","True","True","True","Pathogenic",
"18003","SERPINC1","True","True","True","Likely pathogenic",
"17622","CAPN3","True","True","True","Pathogenic",
"16439","FBN1","True","True","True","Pathogenic",
"15647","HBA2/LOC106804612","True","True","True","Pathogenic",
"15457","LOC110006319/HBB/LOC107133510","True","True","True","Pathogenic",
"14843","IL7R","True","True","True","Likely pathogenic",
"13567","ITGB3","True","True","True","Pathogenic",
"13562","ITGB3","True","True","True","Pathogenic",
"13534","GP9","True","True","True","Likely pathogenic",
"13350","MAP2K1","True","True","True","Likely pathogenic",
"13342","PTPN11","True","True","True","Pathogenic",
"13141","RAG1","True","True","True","Likely pathogenic",
"13136","RAG2","True","True","True","Pathogenic",
"13135","RAG2","True","True","True","Benign",
"13118","RPE65","True","True","True","Pathogenic",
"13116","RPE65","True","True","True","Likely pathogenic",
"12996","RYR1","True","True","True","Pathogenic",
"12371","TP53","True","True","True","Uncertain significance",
"11908","IDUA","True","True","True","Pathogenic",
"11704","SLC6A8","True","True","True","Likely pathogenic",
"11703","SLC6A8","True","True","True","Likely pathogenic",
"11500","CDKL5","True","True","True","Pathogenic",
"10607","F9","True","True","True","Pathogenic",
"10606","F9","True","True","True","Likely pathogenic",
"10573","F9","True","True","True","Pathogenic",
"10253","F8","True","True","True","Pathogenic",
"10226","F8","True","True","True","Pathogenic",
"10208","F8","True","True","True","Likely pathogenic",
"10199","F8","True","True","True","Likely pathogenic",
"10167","F8","True","True","True","Likely pathogenic",
"9892","RS1","True","True","True","Uncertain significance",
"9216","HNF4A","True","True","True","Likely pathogenic",
"8813","BMPR2","True","True","True","Uncertain significance",
"8800","BMPR2","True","True","True","Likely pathogenic",
"8243","ACVRL1","True","True","True","Pathogenic",
"7888","ABCA4","True","True","True","Pathogenic",
"7879","ABCA4","True","True","True","Uncertain significance",
"7736","CYP1B1","True","True","True","Pathogenic",
"7285","DNM2","True","True","True","Pathogenic",
"6679","DYSF","True","True","True","Pathogenic",
"4677","DCLRE1C","True","True","True","Uncertain significance",
"4674","DCLRE1C","True","True","True","Pathogenic",
"4027","GAA","True","True","True","Pathogenic",
"4024","GAA","True","True","True","Pathogenic",
"3696","LDLR","True","True","True","Pathogenic",
"3694","LDLR/MIR6886","True","True","True","Pathogenic",
"3131","KCNQ1","True","True","True","Likely pathogenic",
"2233","VHL","True","True","True","Benign",
"2226","VHL","True","True","True","Pathogenic",
"2225","LOC107303340/VHL","True","True","True","Uncertain significance",
"2216","LOC107303340/VHL","True","True","True","Pathogenic",
"1966","ADA/PKIG","True","True","True","Likely pathogenic",
"1959","ADA","True","True","True","Pathogenic",
"811","APC","True","True","True","Pathogenic",
"623","PAH","True","True","True","Pathogenic",
"300","VWF","True","True","True","Pathogenic",
"296","VWF","True","True","True","Pathogenic",
"295","VWF","True","True","True","Pathogenic",
"294","VWF","True","True","True","Pathogenic",
"4060894","RS1","True","True","True","Uncertain significance",
"3893306","GCK","True","True","True","Likely pathogenic",
"3892980","APC","True","True","True","Uncertain significance",
"3791513","RUNX1","True","True","True","Likely benign",
"3791509","RUNX1","True","True","True","Likely benign",
"3791500","RUNX1","True","True","True","Likely pathogenic",
"3791497","RUNX1","True","True","True","Likely benign",
"3791495","RUNX1","True","True","True","Likely benign",
"3791481","RUNX1","True","True","True","Likely benign",
"3791475","RUNX1","True","True","True","Likely benign",
"3776168","DYSF","True","True","True","Likely pathogenic",
"3775902","RUNX1","True","True","True","Pathogenic",
"3769497","GAA","True","True","True","Likely pathogenic",
"3768773","GCK","True","True","True","Pathogenic",
"3758005","RPE65","True","True","True","Pathogenic",
"3727827","RUNX1","True","True","True","Uncertain significance",
"3727697","RUNX1","True","True","True","Likely pathogenic",
"3720746","GCK","True","True","True","Likely pathogenic",
"3720739","GCK","True","True","True","Pathogenic",
"3711611","RUNX1","True","True","True","Likely benign",
"3677022","DYSF","True","True","True","Likely pathogenic",
"3671857","RUNX1","True","True","True","Uncertain significance",
"3656666","RUNX1/RUNX1-AS1","True","True","True","Likely pathogenic",
"3645433","RUNX1","True","True","True","Likely benign",
"3638595","RUNX1","True","True","True","Likely benign",
"3620741","COCH/COCH-AS1","True","True","True","Likely pathogenic",
"3618297","RUNX1","True","True","True","Uncertain significance",
"3609795","HNF4A","True","True","True","Pathogenic",
"3602130","GCK","True","True","True","Likely pathogenic",
"3598278","RPGR","True","True","True","Pathogenic",
"3588372","GP9","True","True","True","Likely pathogenic",
"3587669","RUNX1/RUNX1-AS1","True","True","True","Pathogenic",
"3587260","HNF4A","True","True","True","Likely benign",
"3583501","GAMT","True","True","True","Pathogenic",
"3583120","GUCY2D","True","True","True","Pathogenic",
"3541717","LZTR1","True","True","True","Uncertain significance",
"3436409","RUNX1","True","True","True","Likely benign",
"3391415","ITGA2B","True","True","True","Pathogenic",
"3391411","ITGB3","True","True","True","Uncertain significance",
"3383915","GCK","True","True","True","Pathogenic",
"3381789","ABCA4/LOC126805793","True","True","True","Pathogenic",
"3372635","RUNX1","True","True","True","Likely benign",
"3367906","RUNX1","True","True","True","Likely pathogenic",
"3367214","RUNX1-AS1/RUNX1","True","True","True","Likely pathogenic",
"3365552","RUNX1","True","True","True","Likely pathogenic",
"3351124","RUNX1","True","True","True","Uncertain significance",
"3343996","CDKL5","True","True","True","Likely benign",
"3342643","RUNX1/RUNX1-AS1","True","True","True","Pathogenic",
"3338870","GCK","True","True","True","Pathogenic",
"3338831","F8","True","True","True","Likely pathogenic",
"3338659","HNF1A","True","True","True","Likely pathogenic",
"3251816","GP1BA","True","True","True","Uncertain significance",
"3251584","GP1BA","True","True","True","Likely pathogenic",
"3240390","RUNX1","True","True","True","Pathogenic",
"3235260","GAA","True","True","True","Likely pathogenic",
"3233261","IDUA","True","True","True","Likely pathogenic",
"3068220","RUNX1","True","True","True","Uncertain significance",
"3028605","RPGR","True","True","True","Likely pathogenic",
"3028600","RPGR","True","True","True","Pathogenic",
"2996309","RUNX1","True","True","True","Uncertain significance",
"2988050","RUNX1","True","True","True","Likely benign",
"2973015","AIPL1","True","True","True","Uncertain significance",
"2961353","IDUA","True","True","True","Uncertain significance",
"2932624","CEP290","True","True","True","Uncertain significance",
"2851140","RUNX1","True","True","True","Likely pathogenic",
"2844927","RUNX1","True","True","True","Likely pathogenic",
"2839740","RUNX1","True","True","True","Likely pathogenic",
"2831012","GAMT","True","True","True","Likely pathogenic",
"2825913","GAA","True","True","True","Likely pathogenic",
"2820766","SCN8A","True","True","True","Likely pathogenic",
"2795844","TP53","True","True","True","Likely benign",
"2787059","RPGR","True","True","True","Uncertain significance",
"2785684","RS1","True","True","True","Uncertain significance",
"2783241","RUNX1","True","True","True","Uncertain significance",
"2780233","ATM/C11orf65","True","True","True","Likely pathogenic",
"2780229","ATM/C11orf65","True","True","True","Pathogenic",
"2759147","RUNX1/RUNX1-AS1","True","True","True","Likely benign",
"2758378","TP53","True","True","True","Likely pathogenic",
"2757236","TP53","True","True","True","Likely pathogenic",
"2757091","RUNX1","True","True","True","Likely pathogenic",
"2754882","GCK","True","True","True","Uncertain significance",
"2738034","CAPN3","True","True","True","Likely pathogenic",
"2736405","AIPL1","True","True","True","Pathogenic",
"2736403","GP1BA","True","True","True","Likely pathogenic",
"2735005","GCK","True","True","True","Pathogenic",
"2734558","GP9","True","True","True","Likely pathogenic",
"2733942","ABCA4","True","True","True","Pathogenic",
"2714614","RUNX1","True","True","True","Uncertain significance",
"2704858","IDUA","True","True","True","Likely pathogenic",
"2703020","PIK3CD","True","True","True","Uncertain significance",
"2697350","LOC126862483/TP53/WRAP53","True","True","True","Likely pathogenic",
"2691907","F8","True","True","True","Likely pathogenic",
"2691831","GCK","True","True","True","Likely pathogenic",
"2691825","GCK","True","True","True","Pathogenic",
"2684202","GCK","True","True","True","Likely pathogenic",
"2675756","GAA","True","True","True","Likely pathogenic",
"2664365","GCK","True","True","True","Pathogenic",
"2664356","HNF4A","True","True","True","Likely pathogenic",
"2660296","RPGR","True","True","True","Benign",
"2660292","RPGR","True","True","True","Benign",
"2660291","RPGR","True","True","True","Benign",
"2652638","RUNX1","True","True","True","Likely benign",
"2634012","RUNX1","True","True","True","Likely pathogenic",
"2633732","RUNX1","True","True","True","Likely benign",
"2585078","IDUA","True","True","True","Likely pathogenic",
"2582036","ACTA1","True","True","True","Likely pathogenic",
"2581305","GCK","True","True","True","Pathogenic",
"2580866","HNF1A","True","True","True","Pathogenic",
"2580863","GCK","True","True","True","Pathogenic",
"2580860","GCK","True","True","True","Pathogenic",
"2580859","GCK","True","True","True","Pathogenic",
"2580855","GCK","True","True","True","Likely pathogenic",
"2578344","HNF4A","True","True","True","Likely pathogenic",
"2577272","RPE65","True","True","True","Uncertain significance",
"2577219","CYP1B1","True","True","True","Pathogenic",
"2575051","HNF1A","True","True","True","Pathogenic",
"2570638","GAMT","True","True","True","Pathogenic",
"2506158","SGCG","True","True","True","Uncertain significance",
"2506145","GAA","True","True","True","Uncertain significance",
"2504565","SLC6A8","True","True","True","Uncertain significance",
"2503890","GAMT","True","True","True","Likely pathogenic",
"2498386","IDUA","True","True","True","Uncertain significance",
"2446459","GAMT","True","True","True","Pathogenic",
"2446458","GAMT","True","True","True","Pathogenic",
"2446453","GAMT","True","True","True","Likely pathogenic",
"2446209","RUNX1","True","True","True","Benign",
"2440386","GAA","True","True","True","Pathogenic",
"2435494","RUNX1","True","True","True","Likely pathogenic",
"2430226","RPGR","True","True","True","Benign",
"2430225","RPGR","True","True","True","Benign",
"2430223","RPGR","True","True","True","Uncertain significance",
"2430153","RPGR","True","True","True","Uncertain significance",
"2430151","RPGR","True","True","True","Pathogenic",
"2419189","CDKL5","True","True","True","Likely pathogenic",
"2310457","LOC130068098/RPGR","True","True","True","Likely benign",
"2203496","IDUA","True","True","True","Uncertain significance",
"2202780","ABCA4","True","True","True","Pathogenic",
"2202769","RPE65","True","True","True","Likely pathogenic",
"2198440","IDUA","True","True","True","Pathogenic",
"2181706","SLC6A8","True","True","True","Uncertain significance",
"2174812","RPGR","True","True","True","Benign",
"2174248","RUNX1/RUNX1-AS1","True","True","True","Likely benign",
"2169517","GCK","True","True","True","Likely pathogenic",
"2160730","GAA","True","True","True","Likely pathogenic",
"2152271","AIPL1","True","True","True","Likely pathogenic",
"2151146","RPGR","True","True","True","Likely benign",
"2145645","GAMT","True","True","True","Uncertain significance",
"2138184","LOC130062945/GAMT","True","True","True","Pathogenic",
"2137655","CAPN3","True","True","True","Likely pathogenic",
"2136518","GCK","True","True","True","Pathogenic",
"2136509","GCK","True","True","True","Pathogenic",
"2124553","KCNQ1","True","True","True","Uncertain significance",
"2112037","RUNX1/RUNX1-AS1","True","True","True","Pathogenic",
"2105592","CDKL5","True","True","True","Pathogenic",
"2099208","RPGR","True","True","True","Likely pathogenic",
"2098360","SERPINC1","True","True","True","Likely benign",
"2094507","RUNX1","True","True","True","Pathogenic",
"2065408","GCK","True","True","True","Likely pathogenic",
"2058952","IDUA/SLC26A1","True","True","True","Uncertain significance",
"2043694","RPGR","True","True","True","Benign",
"2035290","RUNX1","True","True","True","Likely benign",
"2035147","RUNX1","True","True","True","Likely benign",
"2028290","PTEN","True","True","True","Uncertain significance",
"2025155","IDUA","True","True","True","Uncertain significance",
"2023119","RUNX1/RUNX1-AS1","True","True","True","Uncertain significance",
"2020494","DICER1","True","True","True","Likely pathogenic",
"2010905","HNF1A","True","True","True","Likely pathogenic",
"1996609","RUNX1/RUNX1-AS1","True","True","True","Uncertain significance",
"1972115","GAA","True","True","True","Likely pathogenic",
"1971169","RUNX1","True","True","True","Likely benign",
"1950175","KCNQ1","True","True","True","Uncertain significance",
"1946075","RPGR","True","True","True","Likely benign",
"1945670","GAA","True","True","True","Likely pathogenic",
"1911932","FOXG1","True","True","True","Uncertain significance",
"1879045","ITGB3","True","True","True","Pathogenic",
"1879028","ITGA2B","True","True","True","Likely benign",
"1802373","RPGR","True","True","True","Pathogenic",
"1802365","RPGR","True","True","True","Pathogenic",
"1802284","RPGR","True","True","True","Likely benign",
"1770532","GCK","True","True","True","Likely pathogenic",
"1759844","TP53","True","True","True","Pathogenic",
"1743101","GCK","True","True","True","Pathogenic",
"1734018","GCK","True","True","True","Likely pathogenic",
"1723280","VWF","True","True","True","Uncertain significance",
"1707409","RPGR","True","True","True","Pathogenic",
"1703790","RUNX1","True","True","True","Benign",
"1701032","CDKL5","True","True","True","Uncertain significance",
"1700721","CDKL5/RS1","True","True","True","Likely pathogenic",
"1700658","HNF4A","True","True","True","Likely pathogenic",
"1699999","HNF1A","True","True","True","Likely benign",
"1695290","RPGR","True","True","True","Benign",
"1693548","GAA","True","True","True","Likely pathogenic",
"1692646","RUNX1","True","True","True","Likely benign",
"1692635","PTEN","True","True","True","Uncertain significance",
"1691491","ITGA2B","True","True","True","Pathogenic",
"1691483","ITGB3","True","True","True","Likely pathogenic",
"1691482","ITGB3","True","True","True","Pathogenic",
"1691476","ITGB3","True","True","True","Pathogenic",
"1691253","GP1BB/SEPT5-GP1BB","True","True","True","Likely pathogenic",
"1691251","GP1BA","True","True","True","Pathogenic",
"1691250","VWF","True","True","True","Uncertain significance",
"1691236","GP9","True","True","True","Uncertain significance",
"1687103","SERPINC1","True","True","True","Uncertain significance",
"1687091","GAA","True","True","True","Likely pathogenic",
"1687088","HNF1A","True","True","True","Likely benign",
"1687076","HNF1A","True","True","True","Likely pathogenic",
"1685834","GAA","True","True","True","Likely pathogenic",
"1685804","F9","True","True","True","Uncertain significance",
"1685801","F8","True","True","True","Uncertain significance",
"1685791","F8","True","True","True","Likely benign",
"1684369","GP1BA","True","True","True","Uncertain significance",
"1684012","VWF","True","True","True","Likely pathogenic",
"1684007","VWF","True","True","True","Uncertain significance",
"1684005","VWF","True","True","True","Pathogenic",
"1683230","IDUA","True","True","True","Likely pathogenic",
"1678856","MECP2","True","True","True","Benign",
"1677453","SGCD","True","True","True","Pathogenic",
"1676595","DICER1","True","True","True","Likely pathogenic",
"1676188","SLC6A8","True","True","True","Uncertain significance",
"1673564","RPGR","True","True","True","Benign",
"1655657","FOXG1","True","True","True","Benign",
"1648546","CDKL5","True","True","True","Uncertain significance",
"1635761","RUNX1","True","True","True","Uncertain significance",
"1634683","CYP1B1","True","True","True","Likely benign",
"1610571","SERPINC1","True","True","True","Uncertain significance",
"1600850","ANO5","True","True","True","Likely benign",
"1590532","RUNX1","True","True","True","Likely benign",
"1580855","RUNX1","True","True","True","Likely benign",
"1576061","SERPINC1","True","True","True","Uncertain significance",
"1575633","RPGR","True","True","True","Benign",
"1573333","TCF4","True","True","True","Likely benign",
"1562414","SLC6A8","True","True","True","Uncertain significance",
"1553316","SGCG","True","True","True","Likely benign",
"1552732","GAMT","True","True","True","Uncertain significance",
"1547462","RUNX1/RUNX1-AS1","True","True","True","Uncertain significance",
"1522625","GCK","True","True","True","Likely pathogenic",
"1514764","SCN8A","True","True","True","Likely pathogenic",
"1512896","F9","True","True","True","Uncertain significance",
"1510069","RUNX1","True","True","True","Likely benign",
"1506231","PTEN","True","True","True","Likely pathogenic",
"1495088","ATM/C11orf65","True","True","True","Likely pathogenic",
"1491487","GP9","True","True","True","Likely pathogenic",
"1489392","CYP1B1","True","True","True","Likely pathogenic",
"1489310","MECP2","True","True","True","Uncertain significance",
"1477198","ABCA4","True","True","True","Likely pathogenic",
"1468875","IDUA","True","True","True","Likely pathogenic",
"1466744","ENG/LOC102723566","True","True","True","Likely pathogenic",
"1458769","IDUA/SLC26A1","True","True","True","Pathogenic",
"1451640","AIPL1","True","True","True","Pathogenic",
"1445009","GUCY2D","True","True","True","Likely pathogenic",
"1429635","SLC6A8","True","True","True","Uncertain significance",
"1429051","TCF4","True","True","True","Likely benign",
"1423525","MECP2","True","True","True","Uncertain significance",
"1419404","AIPL1","True","True","True","Likely pathogenic",
"1411632","RUNX1","True","True","True","Likely benign",
"1411575","GAA","True","True","True","Pathogenic",
"1408583","TP53","True","True","True","Likely pathogenic",
"1405403","GCK","True","True","True","Pathogenic",
"1399408","HNF4A","True","True","True","Uncertain significance",
"1367157","CEP290","True","True","True","Likely pathogenic",
"1364817","NEB","True","True","True","Uncertain significance",
"1361956","APC","True","True","True","Uncertain significance",
"1356123","RPGR","True","True","True","Likely pathogenic",
"1353448","PIK3R1","True","True","True","Likely benign",
"1350756","DYSF","True","True","True","Pathogenic",
"1343440","GCK","True","True","True","Pathogenic",
"1343019","SCN8A","True","True","True","Likely benign",
"1342955","HNF1A","True","True","True","Likely pathogenic",
"1342712","SCN2A","True","True","True","Uncertain significance",
"1342107","SLC6A8","True","True","True","Uncertain significance",
"1339135","CYP1B1","True","True","True","Pathogenic",
"1338800","CYP1B1","True","True","True","Likely pathogenic",
"1338736","PIK3R1","True","True","True","Likely pathogenic",
"1338262","PTEN","True","True","True","Pathogenic",
"1338214","GP1BA/LOC130060044","True","True","True","Likely benign",
"1336429","SLC6A8","True","True","True","Uncertain significance",
"1336352","RUNX1","True","True","True","Likely benign",
"1334148","HNF1A","True","True","True","Pathogenic",
"1334146","HNF1A","True","True","True","Benign",
"1331361","CYP1B1","True","True","True","Likely pathogenic",
"1327616","HNF1A","True","True","True","Likely pathogenic",
"1327605","HNF1A","True","True","True","Likely pathogenic",
"1327599","HNF1A","True","True","True","Pathogenic",
"1327593","HNF1A","True","True","True","Pathogenic",
"1327560","PAH","True","True","True","Likely pathogenic",
"1323099","IDUA","True","True","True","Likely pathogenic",
"1323092","IDUA","True","True","True","Likely pathogenic",
"1317657","HNF1A","True","True","True","Likely pathogenic",
"1314557","GCK","True","True","True","Uncertain significance",
"1312506","GAMT","True","True","True","Pathogenic",
"1312388","TCF4/TCF4-AS1","True","True","True","Likely benign",
"1309246","IDUA","True","True","True","Likely pathogenic",
"1301416","GCK","True","True","True","Likely pathogenic",
"1300185","DYSF","True","True","True","Pathogenic",
"1300184","DYSF","True","True","True","Pathogenic",
"1299755","HNF4A","True","True","True","Uncertain significance",
"1299484","RUNX1/RUNX1-AS1","True","True","True","Likely pathogenic",
"1297121","RPGR","True","True","True","Pathogenic",
"1297120","RPGR","True","True","True","Pathogenic",
"1297114","RPGR","True","True","True","Pathogenic",
"1290150","RUNX1","True","True","True","Uncertain significance",
"1284488","RPGR","True","True","True","Pathogenic",
"1276872","RPGR","True","True","True","Benign",
"1254629","CYP1B1/LOC128772254","True","True","True","Pathogenic",
"1214000","RYR1","True","True","True","Likely pathogenic",
"1212117","ABCA4","True","True","True","Pathogenic",
"1209788","SGCG","True","True","True","Uncertain significance",
"1207107","RUNX1/RUNX1-AS1","True","True","True","Benign",
"1204380","RPGR","True","True","True","Benign",
"1203357","RUNX1/RUNX1-AS1","True","True","True","Benign",
"1200799","RPGR","True","True","True","Benign",
"1199575","RPGR","True","True","True","Benign",
"1194557","RUNX1","True","True","True","Pathogenic",
"1188437","DYSF","True","True","True","Benign",
"1186511","RUNX1","True","True","True","Benign",
"1176300","RPGR","True","True","True","Likely benign",
"1172696","RPGR","True","True","True","Pathogenic",
"1169533","AIPL1","True","True","True","Likely benign",
"1168907","RPGR","True","True","True","Benign",
"1164487","RPGR","True","True","True","Likely benign",
"1164291","RPGR","True","True","True","Benign",
"1164050","TCF4","True","True","True","Likely pathogenic",
"1162140","IDUA","True","True","True","Uncertain significance",
"1155514","ABCA4","True","True","True","Likely benign",
"1144732","FOXG1","True","True","True","Uncertain significance",
"1139929","SLC6A8","True","True","True","Uncertain significance",
"1138356","SLC6A8","True","True","True","Likely benign",
"1127805","SERPINC1","True","True","True","Uncertain significance",
"1120245","LDLR","True","True","True","Likely pathogenic",
"1098275","GAMT/LOC130062945","True","True","True","Uncertain significance",
"1072479","CAPN3","True","True","True","Likely pathogenic",
"1070168","JAK3","True","True","True","Likely pathogenic",
"1070042","NRAS","True","True","True","Pathogenic",
"1068474","IDUA","True","True","True","Likely pathogenic",
"1065689","RPGR","True","True","True","Pathogenic",
"1065380","PAH","True","True","True","Likely pathogenic",
"1064675","IDUA","True","True","True","Likely pathogenic",
"1044750","DICER1","True","True","True","Likely benign",
"1043063","PTEN","True","True","True","Likely pathogenic",
"1036903","CDH23","True","True","True","Uncertain significance",
"1034639","GAA","True","True","True","Likely pathogenic",
"1031829","ACTA1","True","True","True","Pathogenic",
"1029498","F8","True","True","True","Pathogenic",
"1023669","ATM/C11orf65","True","True","True","Likely pathogenic",
"1019612","TP53","True","True","True","Likely pathogenic",
"1012646","RPGR","True","True","True","Likely pathogenic",
"1010409","TCF4","True","True","True","Likely benign",
"1010008","PTEN","True","True","True","Uncertain significance",
"1003866","NRAS","True","True","True","Uncertain significance",
"998052","LDLR","True","True","True","Likely pathogenic",
"994611","GCK","True","True","True","Likely pathogenic",
"993978","GUCY2D","True","True","True","Benign",
"992900","LDLR","True","True","True","Likely pathogenic",
"989392","RPGR","True","True","True","Likely pathogenic",
"987913","PAH","True","True","True","Likely pathogenic",
"987910","PAH","True","True","True","Pathogenic",
"987756","PAH","True","True","True","Likely pathogenic",
"987407","RPGR","True","True","True","Pathogenic",
"984179","IDUA","True","True","True","Likely pathogenic",
"984127","DYSF","True","True","True","Pathogenic",
"984123","DYSF","True","True","True","Pathogenic",
"982438","RYR1","True","True","True","Likely pathogenic",
"979168","LDLR","True","True","True","Uncertain significance",
"978981","RPE65","True","True","True","Likely pathogenic",
"978980","RPE65","True","True","True","Likely pathogenic",
"978048","SGCA","True","True","True","Likely pathogenic",
"977528","RPGR","True","True","True","Benign",
"975136","RPGR","True","True","True","Pathogenic",
"975129","RPGR","True","True","True","Pathogenic",
"973968","RPE65","True","True","True","Likely pathogenic",
"973961","RPE65","True","True","True","Likely pathogenic",
"972798","GAA","True","True","True","Likely pathogenic",
"972780","HNF1A","True","True","True","Pathogenic",
"972770","HNF1A","True","True","True","Uncertain significance",
"972760","GAA","True","True","True","Pathogenic",
"970259","RUNX1","True","True","True","Uncertain significance",
"969309","GUCY2D","True","True","True","Likely benign",
"968299","LZTR1","True","True","True","Likely benign",
"964490","RUNX1","True","True","True","Likely benign",
"959950","GAA","True","True","True","Likely pathogenic",
"958447","RPGR","True","True","True","Benign",
"955439","APC","True","True","True","Uncertain significance",
"953728","GAA","True","True","True","Likely pathogenic",
"953060","ITGB3","True","True","True","Likely benign",
"953022","ITGA2B","True","True","True","Likely benign",
"952461","RPE65","True","True","True","Pathogenic",
"950889","IDUA","True","True","True","Likely pathogenic",
"950888","IDUA","True","True","True","Likely pathogenic",
"946475","SLC6A8","True","True","True","Uncertain significance",
"945024","CTLA4","True","True","True","Pathogenic",
"942846","RUNX1","True","True","True","Likely benign",
"940200","LOC106721785/BRCA2","True","True","True","Likely pathogenic",
"938483","ATM/C11orf65","True","True","True","Uncertain significance",
"937744","DICER1","True","True","True","Uncertain significance",
"935322","MECP2","True","True","True","Likely benign",
"934724","APC","True","True","True","Pathogenic",
"933091","DICER1","True","True","True","Uncertain significance",
"933084","DICER1","True","True","True","Pathogenic",
"933083","DICER1","True","True","True","Uncertain significance",
"933077","DICER1","True","True","True","Likely pathogenic",
"933010","DICER1","True","True","True","Likely pathogenic",
"932855","ACADVL","True","True","True","Uncertain significance",
"931741","HNF4A","True","True","True","Uncertain significance",
"929238","IDUA/SLC26A1","True","True","True","Pathogenic",
"929236","IDUA","True","True","True","Pathogenic",
"927378","LOC126862571/BRCA1","True","True","True","Uncertain significance",
"917689","IDUA","True","True","True","Pathogenic",
"917570","SLC6A8","True","True","True","Uncertain significance",
"916122","GAMT","True","True","True","Likely pathogenic",
"914832","F8","True","True","True","Likely benign",
"914518","ENG/LOC102723566","True","True","True","Uncertain significance",
"913851","F9","True","True","True","Likely benign",
"902044","SGCB","True","True","True","Benign",
"901795","GP9","True","True","True","Benign",
"900154","GP9","True","True","True","Likely benign",
"900152","GP9","True","True","True","Benign",
"898916","RUNX1","True","True","True","Likely benign",
"898859","RUNX1","True","True","True","Likely benign",
"897698","RUNX1","True","True","True","Likely benign",
"897095","RUNX1","True","True","True","Likely benign",
"896041","RUNX1","True","True","True","Likely benign",
"892467","LOC130060113/ACADVL","True","True","True","Likely benign",
"891607","GAMT","True","True","True","Uncertain significance",
"888827","ITGA2B","True","True","True","Likely benign",
"872836","PAH","True","True","True","Likely pathogenic",
"872834","PAH","True","True","True","Likely pathogenic",
"872832","PAH","True","True","True","Likely pathogenic",
"872581","GP1BA","True","True","True","Pathogenic",
"870937","AIPL1","True","True","True","Likely pathogenic",
"870190","SCN2A","True","True","True","Pathogenic",
"868490","BRCA1","True","True","True","Likely pathogenic",
"867104","AIPL1","True","True","True","Likely pathogenic",
"866919","RS1","True","True","True","Pathogenic",
"866825","RPGR","True","True","True","Pathogenic",
"866642","RPGR","True","True","True","Likely pathogenic",
"866392","RPGR","True","True","True","Likely benign",
"866316","RPGR","True","True","True","Pathogenic",
"866242","ABCA4","True","True","True","Pathogenic",
"866048","GUCY2D","True","True","True","Pathogenic",
"865886","RPGR","True","True","True","Pathogenic",
"861026","USH2A","True","True","True","Uncertain significance",
"858180","DYSF","True","True","True","Pathogenic",
"857860","ATM","True","True","True","Pathogenic",
"855487","IDUA/SLC26A1","True","True","True","Pathogenic",
"854954","DICER1","True","True","True","Uncertain significance",
"852860","TCF4","True","True","True","Uncertain significance",
"851209","GUCY2D","True","True","True","Likely benign",
"850287","RPE65","True","True","True","Likely pathogenic",
"844968","GAMT","True","True","True","Pathogenic",
"844941","PTEN","True","True","True","Likely pathogenic",
"843318","GAA","True","True","True","Likely pathogenic",
"837668","RUNX1","True","True","True","Likely benign",
"836267","SGCG","True","True","True","Likely pathogenic",
"835515","HNF1A","True","True","True","Benign",
"830078","SOS1","True","True","True","Uncertain significance",
"827255","APC","True","True","True","Likely pathogenic",
"823452","TP53","True","True","True","Likely pathogenic",
"822002","PTEN","True","True","True","Pathogenic",
"819257","DICER1","True","True","True","Uncertain significance",
"813985","DYSF","True","True","True","Pathogenic",
"813970","DYSF","True","True","True","Pathogenic",
"813355","CYP1B1","True","True","True","Likely pathogenic",
"813227","RPGR","True","True","True","Uncertain significance",
"813151","AIPL1","True","True","True","Likely pathogenic",
"812970","GP1BB/SEPT5-GP1BB","True","True","True","Uncertain significance",
"812827","BMPR2","True","True","True","Likely pathogenic",
"812826","BMPR2","True","True","True","Likely pathogenic",
"812825","BMPR2","True","True","True","Uncertain significance",
"812824","BMPR2","True","True","True","Uncertain significance",
"812421","RPGR","True","True","True","Pathogenic",
"812219","AIPL1","True","True","True","Likely pathogenic",
"811889","F8","True","True","True","Uncertain significance",
"808764","DYSF","True","True","True","Pathogenic",
"805445","SGCG","True","True","True","Likely benign",
"804916","HNF4A","True","True","True","Uncertain significance",
"804853","GCK","True","True","True","Uncertain significance",
"804851","GCK","True","True","True","Pathogenic",
"804836","GCK","True","True","True","Likely pathogenic",
"804125","MECP2","True","True","True","Uncertain significance",
"803964","RPGR","True","True","True","Pathogenic",
"801630","ACTA1","True","True","True","Likely pathogenic",
"801494","RPE65","True","True","True","Likely pathogenic",
"801415","GAMT","True","True","True","Likely pathogenic",
"800208","AIPL1","True","True","True","Uncertain significance",
"798785","CDKL5/RS1","True","True","True","Uncertain significance",
"795105","SLC6A8","True","True","True","Likely benign",
"794089","F8","True","True","True","Benign",
"790828","IDUA","True","True","True","Likely benign",
"785832","IDUA","True","True","True","Likely benign",
"785720","IDUA","True","True","True","Likely benign",
"772690","CYP1B1/LOC128772254","True","True","True","Likely benign",
"771784","GP1BB/SEPT5-GP1BB","True","True","True","Benign",
"770050","RPE65","True","True","True","Likely benign",
"760913","RUNX1","True","True","True","Likely benign",
"757064","LOC126805612/PIK3CD","True","True","True","Likely benign",
"755144","RS1","True","True","True","Likely benign",
"754391","IDUA/SLC26A1","True","True","True","Uncertain significance",
"747303","PPP1CB","True","True","True","Benign",
"746533","SGCB","True","True","True","Likely benign",
"744554","GUCY2D","True","True","True","Likely benign",
"730036","CDKL5/RS1","True","True","True","Likely benign",
"722780","RS1","True","True","True","Likely benign",
"721649","GP1BB/SEPT5-GP1BB","True","True","True","Benign",
"717385","MECP2","True","True","True","Likely benign",
"715081","AIPL1","True","True","True","Likely benign",
"712837","IDUA","True","True","True","Benign",
"712785","IDUA/SLC26A1","True","True","True","Uncertain significance",
"705680","LZTR1","True","True","True","Uncertain significance",
"704394","DYSF","True","True","True","Benign",
"702759","SLC6A8","True","True","True","Likely benign",
"696958","RPGR","True","True","True","Benign",
"691254","SCN8A","True","True","True","Likely pathogenic",
"690463","DICER1","True","True","True","Likely pathogenic",
"673188","FOXG1","True","True","True","Likely benign",
"665724","DYSF","True","True","True","Likely pathogenic",
"664123","GAMT","True","True","True","Pathogenic",
"662690","TP53","True","True","True","Uncertain significance",
"662598","GAA","True","True","True","Uncertain significance",
"660541","RMRP","True","True","True","Likely pathogenic",
"658067","LOC102724058/SCN1A","True","True","True","Likely pathogenic",
"656566","BRCA1","True","True","True","Uncertain significance",
"655896","DYSF","True","True","True","Pathogenic",
"654864","APC","True","True","True","Likely pathogenic",
"654456","SLC6A8","True","True","True","Likely benign",
"653103","APC","True","True","True","Pathogenic",
"652306","IDUA","True","True","True","Pathogenic",
"651752","SLC6A8","True","True","True","Likely pathogenic",
"648862","APC","True","True","True","Likely pathogenic",
"646166","DYSF","True","True","True","Pathogenic",
"645957","DICER1","True","True","True","Likely pathogenic",
"642798","ACTA1","True","True","True","Likely pathogenic",
"639569","RMRP","True","True","True","Likely pathogenic",
"639283","GP9","True","True","True","Likely benign",
"638076","IDUA","True","True","True","Uncertain significance",
"638074","IDUA","True","True","True","Likely pathogenic",
"635995","AIPL1","True","True","True","Uncertain significance",
"633286","LDLR","True","True","True","Uncertain significance",
"631782","AIPL1","True","True","True","Pathogenic",
"631061","BRCA1","True","True","True","Likely pathogenic",
"629370","LDLR","True","True","True","Uncertain significance",
"629251","BRCA1","True","True","True","Uncertain significance",
"627968","BRCA1","True","True","True","Likely pathogenic",
"627320","GP1BB/SEPT5-GP1BB","True","True","True","Likely pathogenic",
"627231","SERPINC1","True","True","True","Uncertain significance",
"627151","LOC130061045/ITGB3","True","True","True","Likely pathogenic",
"627101","RUNX1","True","True","True","Pathogenic",
"627075","GP1BB/SEPT5-GP1BB","True","True","True","Likely pathogenic",
"626996","SERPINC1","True","True","True","Uncertain significance",
"626990","F9","True","True","True","Uncertain significance",
"626960","VWF","True","True","True","Pathogenic",
"624624","SCN8A","True","True","True","Pathogenic",
"624397","RPGR","True","True","True","Pathogenic",
"620583","RPGR","True","True","True","Pathogenic",
"619760","VWF","True","True","True","Likely benign",
"619741","VWF","True","True","True","Uncertain significance",
"618103","F8","True","True","True","Uncertain significance",
"598113","TCF4","True","True","True","Likely pathogenic",
"597382","GAA","True","True","True","Pathogenic",
"597381","GAA","True","True","True","Likely benign",
"593882","RPE65","True","True","True","Likely benign",
"592512","CYP1B1","True","True","True","Pathogenic",
"588254","SLC6A8","True","True","True","Uncertain significance",
"587965","GATM","True","True","True","Uncertain significance",
"586791","HNF1A","True","True","True","Likely pathogenic",
"586011","HNF4A","True","True","True","Uncertain significance",
"585930","GCK","True","True","True","Likely pathogenic",
"585929","GCK","True","True","True","Pathogenic",
"585208","PAH","True","True","True","Likely pathogenic",
"583226","SLC6A8","True","True","True","Likely benign",
"582572","GAMT","True","True","True","Likely benign",
"582126","RYR1","True","True","True","Likely pathogenic",
"581095","GUCY2D","True","True","True","Pathogenic",
"580948","PTEN","True","True","True","Likely pathogenic",
"576816","APC","True","True","True","Likely pathogenic",
"575986","GAA","True","True","True","Uncertain significance",
"575178","BRCA2","True","True","True","Pathogenic",
"574505","AIPL1","True","True","True","Pathogenic",
"574403","TCF4","True","True","True","Benign",
"569548","ACADVL","True","True","True","Uncertain significance",
"568479","BRCA2","True","True","True","Uncertain significance",
"567566","IDUA","True","True","True","Uncertain significance",
"567526","SLC6A8","True","True","True","Uncertain significance",
"562363","HNF4A","True","True","True","Uncertain significance",
"561683","LZTR1","True","True","True","Pathogenic",
"561350","NRAS","True","True","True","Uncertain significance",
"561243","RUNX1-AS1/RUNX1","True","True","True","Likely pathogenic",
"558634","GAA","True","True","True","Pathogenic",
"558316","IDUA","True","True","True","Likely pathogenic",
"558189","IDUA","True","True","True","Pathogenic",
"557942","IDUA","True","True","True","Likely pathogenic",
"557205","IDUA","True","True","True","Likely pathogenic",
"557150","IDUA/SLC26A1","True","True","True","Pathogenic",
"557110","DYSF","True","True","True","Pathogenic",
"556386","GAA","True","True","True","Pathogenic",
"556358","IDUA","True","True","True","Pathogenic",
"556064","IDUA","True","True","True","Pathogenic",
"555986","GAA","True","True","True","Pathogenic",
"555968","DYSF","True","True","True","Pathogenic",
"555770","DYSF","True","True","True","Pathogenic",
"555277","GAA","True","True","True","Likely pathogenic",
"554983","GAA","True","True","True","Pathogenic",
"554826","IDUA","True","True","True","Likely pathogenic",
"554670","IDUA","True","True","True","Likely pathogenic",
"554590","IDUA","True","True","True","Pathogenic",
"553852","CAPN3/LOC130056921","True","True","True","Pathogenic",
"553227","IDUA","True","True","True","Pathogenic",
"553173","RMRP","True","True","True","Likely pathogenic",
"553131","IDUA","True","True","True","Likely pathogenic",
"552059","NEB","True","True","True","Likely pathogenic",
"551891","DYSF","True","True","True","Pathogenic",
"551805","SGCB","True","True","True","Likely pathogenic",
"551675","IDUA","True","True","True","Likely pathogenic",
"551563","IDUA","True","True","True","Pathogenic",
"551477","CAPN3","True","True","True","Pathogenic",
"551306","GAA","True","True","True","Likely pathogenic",
"551295","GAA","True","True","True","Pathogenic",
"551237","DYSF","True","True","True","Pathogenic",
"550883","IDUA","True","True","True","Pathogenic",
"550474","IDUA","True","True","True","Pathogenic",
"547389","FOXG1","True","True","True","Benign",
"546808","GAA","True","True","True","Likely pathogenic",
"545663","DYSF","True","True","True","Pathogenic",
"544259","GAMT","True","True","True","Likely pathogenic",
"541724","ACADVL","True","True","True","Uncertain significance",
"541095","PIK3CD","True","True","True","Likely benign",
"536801","TCF4","True","True","True","Benign",
"536582","MECP2","True","True","True","Likely benign",
"536551","PTEN","True","True","True","Uncertain significance",
"536549","PTEN","True","True","True","Pathogenic",
"536548","PTEN","True","True","True","Likely pathogenic",
"533979","NEB","True","True","True","Likely pathogenic",
"533768","RMRP","True","True","True","Uncertain significance",
"533345","ACVRL1","True","True","True","Likely pathogenic",
"532661","RUNX1","True","True","True","Likely benign",
"531444","BRCA1","True","True","True","Likely pathogenic",
"531399","BRCA1","True","True","True","Likely pathogenic",
"526532","GAA","True","True","True","Likely pathogenic",
"526518","GAA","True","True","True","Likely pathogenic",
"525504","RPGR","True","True","True","Likely benign",
"524412","ATM/C11orf65","True","True","True","Uncertain significance",
"523986","LZTR1","True","True","True","Pathogenic",
"523842","SGCB","True","True","True","Pathogenic",
"523715","LDLR","True","True","True","Uncertain significance",
"523620","GP1BA","True","True","True","Likely pathogenic",
"522800","LZTR1","True","True","True","Pathogenic",
"522164","LOC130067016/LZTR1","True","True","True","Uncertain significance",
"517082","GAMT","True","True","True","Likely benign",
"516510","MECP2","True","True","True","Likely benign",
"516184","MECP2","True","True","True","Benign",
"516094","GAMT","True","True","True","Likely benign",
"512938","CDKL5/RS1","True","True","True","Benign",
"511341","SLC6A8","True","True","True","Uncertain significance",
"506639","SOS2","True","True","True","Likely benign",
"504630","MYO15A","True","True","True","Likely benign",
"503800","DYSF","True","True","True","Pathogenic",
"501793","GAA","True","True","True","Likely pathogenic",
"501754","CAPN3","True","True","True","Pathogenic",
"500678","DYSF","True","True","True","Pathogenic",
"500214","DYSF","True","True","True","Likely pathogenic",
"499302","SGCB","True","True","True","Likely benign",
"499193","SGCB","True","True","True","Pathogenic",
"498619","DYSF","True","True","True","Pathogenic",
"498567","GAA","True","True","True","Likely benign",
"497672","SGCA","True","True","True","Pathogenic",
"497670","SGCA","True","True","True","Likely pathogenic",
"497565","CAPN3","True","True","True","Likely pathogenic",
"497201","CAPN3","True","True","True","Pathogenic",
"497129","DYSF","True","True","True","Pathogenic",
"496977","CAPN3","True","True","True","Likely pathogenic",
"496861","IDUA","True","True","True","Likely pathogenic",
"496834","IDUA","True","True","True","Likely pathogenic",
"495806","PTEN","True","True","True","Uncertain significance",
"493552","MECP2","True","True","True","Likely benign",
"493206","GUCY2D","True","True","True","Likely benign",
"491071","BRCA1","True","True","True","Uncertain significance",
"489373","SCN8A","True","True","True","Pathogenic",
"488834","DYSF","True","True","True","Pathogenic",
"487321","FOXG1","True","True","True","Benign",
"486792","APC","True","True","True","Likely pathogenic",
"483130","BRCA2","True","True","True","Likely pathogenic",
"481101","ATM/C11orf65","True","True","True","Likely pathogenic",
"481015","TP53","True","True","True","Likely pathogenic",
"479367","BRCA2","True","True","True","Likely pathogenic",
"477075","DICER1","True","True","True","Likely benign",
"477037","DICER1","True","True","True","Likely benign",
"475749","SOS2","True","True","True","Uncertain significance",
"474890","ACADVL","True","True","True","Uncertain significance",
"474879","ACADVL","True","True","True","Uncertain significance",
"469955","APC","True","True","True","Likely pathogenic",
"469137","GATM","True","True","True","Likely benign",
"468648","CAPN3","True","True","True","Pathogenic",
"464902","SCN2A","True","True","True","Benign",
"463998","RUNX1","True","True","True","Uncertain significance",
"462651","BRCA1","True","True","True","Uncertain significance",
"456720","IDUA","True","True","True","Pathogenic",
"454510","RPGR","True","True","True","Benign",
"453054","LZTR1","True","True","True","Likely benign",
"452824","NEB","True","True","True","Likely benign",
"452720","SGCA","True","True","True","Likely pathogenic",
"452471","SCN2A","True","True","True","Benign",
"451722","LZTR1","True","True","True","Likely pathogenic",
"451052","NEB/RIF1","True","True","True","Uncertain significance",
"449508","RPGR","True","True","True","Likely pathogenic",
"449188","SLC6A8","True","True","True","Likely benign",
"449185","SLC6A8","True","True","True","Uncertain significance",
"449126","FOXG1","True","True","True","Likely benign",
"448419","SLC6A8","True","True","True","Likely benign",
"447519","HNF4A","True","True","True","Uncertain significance",
"447494","HNF1A","True","True","True","Likely pathogenic",
"447490","HNF1A","True","True","True","Likely pathogenic",
"447486","HNF1A","True","True","True","Pathogenic",
"447426","GCK","True","True","True","Likely pathogenic",
"447400","GCK","True","True","True","Pathogenic",
"446978","CAPN3","True","True","True","Likely benign",
"446001","RPGR","True","True","True","Benign",
"445488","RPGR","True","True","True","Benign",
"444397","GUCY2D","True","True","True","Benign",
"443997","DYSF","True","True","True","Pathogenic",
"441298","BRCA2","True","True","True","Uncertain significance",
"441225","LDLR","True","True","True","Uncertain significance",
"441220","LDLR","True","True","True","Uncertain significance",
"440691","LDLR","True","True","True","Uncertain significance",
"440674","LDLR","True","True","True","Uncertain significance",
"440643","LDLR","True","True","True","Uncertain significance",
"440534","LDLR/LDLR-AS1","True","True","True","Uncertain significance",
"440481","BRCA1","True","True","True","Likely pathogenic",
"439360","ACADVL","True","True","True","Uncertain significance",
"439359","ACADVL","True","True","True","Likely benign",
"439019","BRCA2","True","True","True","Likely pathogenic",
"438884","APC","True","True","True","Pathogenic",
"438744","BRCA2","True","True","True","Likely pathogenic",
"438142","RPGR","True","True","True","Pathogenic",
"438109","ABCA4","True","True","True","Pathogenic",
"438100","ABCA4","True","True","True","Pathogenic",
"437194","SNHG14/UBE3A","True","True","True","Benign",
"437192","SNHG14/UBE3A","True","True","True","Benign",
"436611","RUNX1","True","True","True","Likely benign",
"435421","HNF1A","True","True","True","Benign",
"435347","GP1BA","True","True","True","Pathogenic",
"432943","SLC6A8","True","True","True","Likely benign",
"432427","CDKL5","True","True","True","Benign",
"431989","ACTA1","True","True","True","Pathogenic",
"431535","LDLR","True","True","True","Uncertain significance",
"431514","LDLR","True","True","True","Likely benign",
"430776","LDLR","True","True","True","Uncertain significance",
"430393","ACTA1","True","True","True","Uncertain significance",
"429246","ACADVL","True","True","True","Likely pathogenic",
"428888","TP53","True","True","True","Likely pathogenic",
"428265","PTEN","True","True","True","Likely pathogenic",
"428225","PTEN","True","True","True","Likely pathogenic",
"428193","PTEN","True","True","True","Likely pathogenic",
"428186","APC","True","True","True","Likely pathogenic",
"428166","APC","True","True","True","Likely pathogenic",
"427582","PTEN","True","True","True","Pathogenic",
"427580","PTEN","True","True","True","Uncertain significance",
"427187","SLC6A8","True","True","True","Uncertain significance",
"426939","MECP2","True","True","True","Likely benign",
"425916","BMPR2","True","True","True","Uncertain significance",
"425914","BMPR2","True","True","True","Likely pathogenic",
"425913","BMPR2","True","True","True","Likely pathogenic",
"425912","BMPR2","True","True","True","Likely pathogenic",
"425907","BMPR2","True","True","True","Likely pathogenic",
"425905","BMPR2","True","True","True","Uncertain significance",
"425897","BMPR2","True","True","True","Likely pathogenic",
"425895","BMPR2","True","True","True","Uncertain significance",
"425892","BMPR2","True","True","True","Uncertain significance",
"425882","BMPR2","True","True","True","Likely pathogenic",
"425707","BMPR2","True","True","True","Uncertain significance",
"425706","BMPR2","True","True","True","Uncertain significance",
"422744","ATM","True","True","True","Likely pathogenic",
"422096","ATM","True","True","True","Pathogenic",
"421439","BRCA2","True","True","True","Likely pathogenic",
"421233","SOS2","True","True","True","Uncertain significance",
"421123","PTEN","True","True","True","Uncertain significance",
"420368","ATM","True","True","True","Pathogenic",
"420138","RYR1","True","True","True","Likely pathogenic",
"420008","ATM","True","True","True","Uncertain significance",
"419837","TP53","True","True","True","Likely benign",
"419217","BRCA2","True","True","True","Likely pathogenic",
"419119","PTEN","True","True","True","Likely benign",
"418671","BRCA1","True","True","True","Likely pathogenic",
"418572","UBE3A","True","True","True","Pathogenic",
"418437","PTEN","True","True","True","Uncertain significance",
"418225","GCK","True","True","True","Pathogenic",
"417940","GP1BA","True","True","True","Benign",
"417621","ATM/C11orf65","True","True","True","Uncertain significance",
"415836","RUNX1","True","True","True","Likely benign",
"414304","ENG/LOC102723566","True","True","True","Likely benign",
"413780","LDLR","True","True","True","Benign",
"412195","DICER1","True","True","True","Uncertain significance",
"412193","DICER1","True","True","True","Likely benign",
"412173","DICER1","True","True","True","Likely benign",
"412160","DICER1","True","True","True","Likely benign",
"411416","APC","True","True","True","Likely pathogenic",
"411406","APC","True","True","True","Likely pathogenic",
"410223","SLC6A8","True","True","True","Likely benign",
"409564","BRCA2","True","True","True","Likely pathogenic",
"409559","BRCA2","True","True","True","Likely benign",
"409429","BRCA2","True","True","True","Uncertain significance",
"409353","BRCA1","True","True","True","Likely pathogenic",
"407525","ATM","True","True","True","Pathogenic",
"407482","ATM","True","True","True","Pathogenic",
"406597","TP53","True","True","True","Pathogenic",
"406575","TP53","True","True","True","Benign",
"406166","LDLR","True","True","True","Likely pathogenic",
"406165","LDLR","True","True","True","Uncertain significance",
"403662","LDLR","True","True","True","Likely pathogenic",
"403392","RPGR","True","True","True","Benign",
"393000","SCN1A","True","True","True","Uncertain significance",
"392584","MECP2","True","True","True","Likely benign",
"390894","GAMT","True","True","True","Likely benign",
"390176","SNHG14/UBE3A","True","True","True","Likely benign",
"387822","GATM","True","True","True","Uncertain significance",
"383825","SCN2A","True","True","True","Likely pathogenic",
"383542","RMRP","True","True","True","Uncertain significance",
"382774","HNF1A","True","True","True","Likely benign",
"381599","GCK","True","True","True","Pathogenic",
"379509","MECP2","True","True","True","Benign",
"377433","ACTA1","True","True","True","Likely pathogenic",
"377410","ABCA4","True","True","True","Likely benign",
"377026","GCK","True","True","True","Likely pathogenic",
"376857","SOS2","True","True","True","Uncertain significance",
"376680","TP53","True","True","True","Pathogenic",
"376630","TP53","True","True","True","Pathogenic",
"376616","TP53","True","True","True","Likely pathogenic",
"375959","PTEN","True","True","True","Likely pathogenic",
"375833","LDLR","True","True","True","Uncertain significance",
"375815","LDLR","True","True","True","Uncertain significance",
"375798","LDLR","True","True","True","Uncertain significance",
"375778","LDLR","True","True","True","Uncertain significance",
"374139","RPE65","True","True","True","Pathogenic",
"374028","GUCY2D","True","True","True","Likely benign",
"373826","BRCA1","True","True","True","Likely pathogenic",
"373442","SLC6A8","True","True","True","Likely benign",
"372977","SCN1A","True","True","True","Uncertain significance",
"372684","LZTR1/LOC130067016","True","True","True","Pathogenic",
"372290","ABCA4","True","True","True","Pathogenic",
"371642","RS1/CDKL5","True","True","True","Uncertain significance",
"371636","ATM","True","True","True","Likely pathogenic",
"371481","GAA","True","True","True","Pathogenic",
"370998","GAA","True","True","True","Pathogenic",
"370775","SGCB","True","True","True","Pathogenic",
"370754","CDKL5/RS1","True","True","True","Pathogenic",
"370483","GAA","True","True","True","Likely pathogenic",
"370222","GAA","True","True","True","Pathogenic",
"370146","GAA","True","True","True","Pathogenic",
"368122","F8","True","True","True","Benign",
"368117","F8","True","True","True","Likely pathogenic",
"350222","IDUA","True","True","True","Likely benign",
"343224","GP9","True","True","True","Benign",
"343220","GP9","True","True","True","Benign",
"339878","RUNX1","True","True","True","Likely benign",
"339865","RUNX1","True","True","True","Likely benign",
"339858","RUNX1","True","True","True","Likely benign",
"339854","RUNX1","True","True","True","Likely benign",
"339852","RUNX1","True","True","True","Likely benign",
"339832","RUNX1","True","True","True","Likely benign",
"339829","RUNX1","True","True","True","Benign",
"339823","RUNX1","True","True","True","Likely benign",
"339808","RUNX1","True","True","True","Likely benign",
"339804","RUNX1","True","True","True","Likely benign",
"338424","HNF4A","True","True","True","Likely benign",
"338422","HNF4A","True","True","True","Uncertain significance",
"331730","SCN2A","True","True","True","Likely benign",
"328350","GAMT","True","True","True","Benign",
"328349","GAMT","True","True","True","Uncertain significance",
"328348","GAMT","True","True","True","Likely benign",
"328055","LDLR","True","True","True","Uncertain significance",
"328052","LDLR","True","True","True","Uncertain significance",
"325628","TP53","True","True","True","Benign",
"324995","ACADVL","True","True","True","Likely benign",
"324994","ACADVL","True","True","True","Likely benign",
"324989","ACADVL","True","True","True","Likely pathogenic",
"324052","SGCA/LOC121587601","True","True","True","Likely benign",
"323574","ITGA2B","True","True","True","Likely benign",
"323569","ITGA2B","True","True","True","Likely benign",
"323560","ITGA2B","True","True","True","Likely benign",
"311485","SGCG","True","True","True","Benign",
"310088","VWF","True","True","True","Likely benign",
"310063","VWF","True","True","True","Benign",
"310062","VWF","True","True","True","Benign",
"307456","HNF1A","True","True","True","Benign",
"307455","HNF1A","True","True","True","Likely benign",
"304099","ANO5","True","True","True","Likely benign",
"301423","PTEN","True","True","True","Pathogenic",
"298229","ABCA4","True","True","True","Uncertain significance",
"298228","ABCA4","True","True","True","Uncertain significance",
"298225","ABCA4","True","True","True","Likely benign",
"298223","ABCA4","True","True","True","Likely benign",
"298222","ABCA4","True","True","True","Pathogenic",
"291078","DYSF","True","True","True","Likely pathogenic",
"291062","DYSF","True","True","True","Likely benign",
"290309","DYSF","True","True","True","Pathogenic",
"290283","DYSF","True","True","True","Pathogenic",
"290198","DYSF","True","True","True","Likely pathogenic",
"289794","SGCA","True","True","True","Likely pathogenic",
"289650","SGCG","True","True","True","Likely pathogenic",
"289571","DYSF","True","True","True","Pathogenic",
"289245","DYSF","True","True","True","Pathogenic",
"289082","CAPN3","True","True","True","Pathogenic",
"288963","GAMT","True","True","True","Likely benign",
"288830","DYSF","True","True","True","Pathogenic",
"288442","DYSF","True","True","True","Pathogenic",
"288438","DYSF","True","True","True","Pathogenic",
"288116","DYSF","True","True","True","Pathogenic",
"286592","CAPN3","True","True","True","Pathogenic",
"286467","ANO5","True","True","True","Uncertain significance",
"286242","IDUA","True","True","True","Likely pathogenic",
"286151","DYSF","True","True","True","Pathogenic",
"286025","SGCA","True","True","True","Likely pathogenic",
"284946","CAPN3","True","True","True","Likely pathogenic",
"284945","SGCA","True","True","True","Pathogenic",
"284933","SGCB","True","True","True","Likely benign",
"284864","GAA","True","True","True","Likely pathogenic",
"284807","CAPN3","True","True","True","Pathogenic",
"284800","DYSF","True","True","True","Pathogenic",
"284776","GAA","True","True","True","Uncertain significance",
"284579","DYSF","True","True","True","Likely benign",
"284518","CAPN3","True","True","True","Likely pathogenic",
"284469","DYSF","True","True","True","Pathogenic",
"283885","SCN1A","True","True","True","Likely benign",
"283615","GUCY2D","True","True","True","Benign",
"283230","GAA","True","True","True","Pathogenic",
"283179","CAPN3","True","True","True","Pathogenic",
"283099","CAPN3","True","True","True","Pathogenic",
"283043","SGCB","True","True","True","Benign",
"282922","ACADVL","True","True","True","Likely benign",
"282873","CAPN3","True","True","True","Likely pathogenic",
"282681","CAPN3","True","True","True","Pathogenic",
"282623","CAPN3","True","True","True","Pathogenic",
"282512","CAPN3","True","True","True","Likely pathogenic",
"282494","CAPN3","True","True","True","Pathogenic",
"282410","DYSF","True","True","True","Pathogenic",
"282173","CAPN3","True","True","True","Pathogenic",
"281932","MTM1","True","True","True","Uncertain significance",
"281815","SLC9A6","True","True","True","Benign",
"281505","CAPN3","True","True","True","Pathogenic",
"281197","DYSF","True","True","True","Pathogenic",
"281148","SGCA","True","True","True","Pathogenic",
"281140","DYSF","True","True","True","Pathogenic",
"281056","GAA","True","True","True","Pathogenic",
"281014","DYSF","True","True","True","Likely benign",
"281012","DYSF","True","True","True","Likely pathogenic",
"280732","ACTA1","True","True","True","Likely pathogenic",
"280446","MAP2K1","True","True","True","Likely pathogenic",
"280068","DYSF","True","True","True","Likely pathogenic",
"279847","MECP2","True","True","True","Benign",
"279681","APC","True","True","True","Likely pathogenic",
"265909","LDLR","True","True","True","Benign",
"265521","CAPN3","True","True","True","Pathogenic",
"265418","IDUA","True","True","True","Pathogenic",
"265372","APC","True","True","True","Likely pathogenic",
"265174","GCK","True","True","True","Pathogenic",
"257196","RPGR","True","True","True","Benign",
"256702","VWF","True","True","True","Benign",
"256690","VWF","True","True","True","Benign",
"256682","VWF","True","True","True","Benign",
"256681","VWF","True","True","True","Benign",
"256679","VWF","True","True","True","Benign",
"256678","VWF","True","True","True","Benign",
"256677","VWF","True","True","True","Likely benign",
"256669","VWF","True","True","True","Benign",
"255840","CDKL5/RS1","True","True","True","Benign",
"255832","RPGR","True","True","True","Benign",
"255831","RPGR","True","True","True","Likely benign",
"255828","RPGR","True","True","True","Benign",
"255464","GP1BA","True","True","True","Benign",
"255462","GP1BA","True","True","True","Benign",
"255358","GAA","True","True","True","Likely benign",
"254876","CAPN3","True","True","True","Benign",
"254753","ATM","True","True","True","Uncertain significance",
"254719","SGCA","True","True","True","Benign",
"254698","ACADVL","True","True","True","Likely benign",
"254354","DICER1","True","True","True","Uncertain significance",
"252354","LDLR","True","True","True","Uncertain significance",
"252265","LDLR","True","True","True","Likely benign",
"252259","LDLR","True","True","True","Uncertain significance",
"252242","LDLR","True","True","True","Uncertain significance",
"252227","LDLR","True","True","True","Uncertain significance",
"252226","LDLR","True","True","True","Likely pathogenic",
"252192","LDLR","True","True","True","Uncertain significance",
"252185","LDLR","True","True","True","Likely pathogenic",
"252172","LDLR","True","True","True","Uncertain significance",
"252149","LDLR","True","True","True","Uncertain significance",
"252140","LDLR","True","True","True","Likely pathogenic",
"252132","LDLR","True","True","True","Uncertain significance",
"252122","LDLR","True","True","True","Uncertain significance",
"252121","LDLR","True","True","True","Uncertain significance",
"252061","LDLR","True","True","True","Likely pathogenic",
"252052","LDLR","True","True","True","Uncertain significance",
"252015","LDLR","True","True","True","Likely pathogenic",
"251909","LDLR","True","True","True","Uncertain significance",
"251896","LDLR","True","True","True","Uncertain significance",
"251858","LDLR","True","True","True","Uncertain significance",
"251856","LDLR","True","True","True","Likely pathogenic",
"251855","LDLR","True","True","True","Uncertain significance",
"251853","LDLR","True","True","True","Uncertain significance",
"251843","LDLR","True","True","True","Uncertain significance",
"251826","LDLR","True","True","True","Uncertain significance",
"251793","LDLR","True","True","True","Likely pathogenic",
"251792","LDLR","True","True","True","Pathogenic",
"251790","LDLR","True","True","True","Likely pathogenic",
"251764","LDLR","True","True","True","Likely benign",
"251749","LDLR","True","True","True","Likely pathogenic",
"251748","LDLR","True","True","True","Likely pathogenic",
"251736","LDLR","True","True","True","Likely pathogenic",
"251492","LDLR","True","True","True","Likely pathogenic",
"251487","LDLR","True","True","True","Uncertain significance",
"251479","LDLR","True","True","True","Likely pathogenic",
"251395","LDLR","True","True","True","Likely benign",
"251119","LDLR","True","True","True","Uncertain significance",
"251118","LDLR","True","True","True","Uncertain significance",
"251108","LDLR","True","True","True","Uncertain significance",
"251037","LDLR","True","True","True","Uncertain significance",
"251013","LDLR","True","True","True","Uncertain significance",
"250964","LDLR/LDLR-AS1","True","True","True","Uncertain significance",
"250960","LDLR/LDLR-AS1","True","True","True","Uncertain significance",
"250944","LDLR/LDLR-AS1","True","True","True","Uncertain significance",
"250929","LDLR/LDLR-AS1","True","True","True","Uncertain significance",
"250928","LDLR/LDLR-AS1","True","True","True","Uncertain significance",
"246402","APC","True","True","True","Uncertain significance",
"246118","TP53","True","True","True","Pathogenic",
"246082","DNM2","True","True","True","Likely pathogenic",
"245973","BRCA1","True","True","True","Likely pathogenic",
"242721","IDUA","True","True","True","Likely pathogenic",
"242418","DYSF","True","True","True","Pathogenic",
"239044","RUNX1","True","True","True","Likely benign",
"239042","RUNX1","True","True","True","Likely benign",
"237938","TP53","True","True","True","Likely pathogenic",
"237872","LDLR","True","True","True","Pathogenic",
"237686","RPGR","True","True","True","Benign",
"236537","USH2A","True","True","True","Pathogenic",
"236516","ABCA4","True","True","True","Pathogenic",
"236482","RPGR","True","True","True","Pathogenic",
"236481","RPGR","True","True","True","Likely pathogenic",
"236464","CEP290","True","True","True","Pathogenic",
"236113","ABCA4","True","True","True","Pathogenic",
"236109","ABCA4","True","True","True","Pathogenic",
"235851","TCF4","True","True","True","Benign",
"235639","VWF","True","True","True","Likely benign",
"233890","APC","True","True","True","Uncertain significance",
"232955","BRCA1","True","True","True","Likely pathogenic",
"232915","BRCA1","True","True","True","Likely pathogenic",
"232793","BRCA1","True","True","True","Likely pathogenic",
"232389","ATM/C11orf65","True","True","True","Likely pathogenic",
"232110","C11orf65/ATM","True","True","True","Likely pathogenic",
"232047","BRCA1","True","True","True","Likely pathogenic",
"231954","APC","True","True","True","Uncertain significance",
"231008","TP53","True","True","True","Benign",
"230520","APC","True","True","True","Likely pathogenic",
"230382","TP53","True","True","True","Likely benign",
"229616","USH2A","True","True","True","Uncertain significance",
"228954","MYO15A","True","True","True","Likely pathogenic",
"226361","LDLR","True","True","True","Uncertain significance",
"224753","USH2A","True","True","True","Uncertain significance",
"224749","MYO7A","True","True","True","Likely pathogenic",
"224543","PTEN","True","True","True","Pathogenic",
"224433","BRCA1","True","True","True","Likely benign",
"220763","ATM/C11orf65","True","True","True","Pathogenic",
"219923","KCNQ1","True","True","True","Uncertain significance",
"217924","APC","True","True","True","Pathogenic",
"217250","SGCA","True","True","True","Likely pathogenic",
"217227","DYSF","True","True","True","Pathogenic",
"217224","DYSF","True","True","True","Pathogenic",
"217160","CAPN3","True","True","True","Pathogenic",
"217151","CAPN3","True","True","True","Pathogenic",
"217150","CAPN3","True","True","True","Pathogenic",
"217147","CAPN3","True","True","True","Likely pathogenic",
"216263","BRCA2","True","True","True","Likely pathogenic",
"212376","LOC121627832/TCF4","True","True","True","Uncertain significance",
"212211","SLC6A8","True","True","True","Likely benign",
"211466","MECP2","True","True","True","Benign",
"211456","MECP2","True","True","True","Likely benign",
"207527","TCF4","True","True","True","Benign",
"207109","SCN8A","True","True","True","Likely pathogenic",
"206972","SCN2A","True","True","True","Likely pathogenic",
"205616","GATM","True","True","True","Likely benign",
"205610","GATM","True","True","True","Uncertain significance",
"205609","GATM","True","True","True","Likely benign",
"205608","GATM","True","True","True","Benign",
"205598","GAMT/LOC130062945","True","True","True","Likely benign",
"205591","GAMT/LOC130062945","True","True","True","Likely pathogenic",
"205588","GAMT","True","True","True","Likely benign",
"205582","GAMT","True","True","True","Uncertain significance",
"205581","GAMT","True","True","True","Likely pathogenic",
"205579","GAMT","True","True","True","Benign",
"205576","GAMT","True","True","True","Likely benign",
"205469","FOXG1","True","True","True","Benign",
"203584","ACADVL","True","True","True","Likely pathogenic",
"202088","SGCD","True","True","True","Uncertain significance",
"200922","LDLR","True","True","True","Pathogenic",
"200874","KCNQ1","True","True","True","Likely pathogenic",
"198696","IDUA","True","True","True","Likely pathogenic",
"198414","RPGR","True","True","True","Likely pathogenic",
"198208","AIPL1","True","True","True","Benign",
"198031","SGCA","True","True","True","Likely pathogenic",
"197624","CAPN3","True","True","True","Pathogenic",
"197504","DYSF","True","True","True","Benign",
"197463","DYSF","True","True","True","Likely benign",
"197402","ANO5","True","True","True","Pathogenic",
"197116","GUCY2D","True","True","True","Benign",
"197094","SGCA","True","True","True","Likely pathogenic",
"196465","AIPL1","True","True","True","Benign",
"196223","GAA","True","True","True","Uncertain significance",
"195634","ANO5","True","True","True","Likely pathogenic",
"195598","DYSF","True","True","True","Likely benign",
"195490","DYSF","True","True","True","Pathogenic",
"195031","GUCY2D","True","True","True","Benign",
"195029","GUCY2D","True","True","True","Benign",
"195024","GCK","True","True","True","Pathogenic",
"194699","GUCY2D","True","True","True","Likely benign",
"194479","TCF4","True","True","True","Likely benign",
"194354","DYSF","True","True","True","Pathogenic",
"193062","IDUA/SLC26A1","True","True","True","Likely pathogenic",
"192194","SGCD","True","True","True","Uncertain significance",
"189996","SCN1A","True","True","True","Likely pathogenic",
"189462","PTEN","True","True","True","Pathogenic",
"189414","PTEN","True","True","True","Likely pathogenic",
"189412","PTEN","True","True","True","Likely pathogenic",
"189177","ATM","True","True","True","Pathogenic",
"189104","C11orf65/ATM","True","True","True","Pathogenic",
"189040","GAA","True","True","True","Pathogenic",
"188785","GAA","True","True","True","Pathogenic",
"188484","GAA","True","True","True","Likely pathogenic",
"188342","TP53","True","True","True","Uncertain significance",
"187501","ATM","True","True","True","Likely pathogenic",
"187457","TP53","True","True","True","Benign",
"186418","ATM","True","True","True","Likely pathogenic",
"186242","C11orf65/ATM","True","True","True","Pathogenic",
"185659","APC","True","True","True","Uncertain significance",
"185253","BRCA2","True","True","True","Likely benign",
"185200","PTEN","True","True","True","Pathogenic",
"185120","TP53","True","True","True","Benign",
"185084","BRCA2","True","True","True","Uncertain significance",
"184863","TP53","True","True","True","Likely pathogenic",
"184068","PTEN","True","True","True","Likely benign",
"183262","RPGR","True","True","True","Pathogenic",
"183132","LDLR","True","True","True","Uncertain significance",
"182926","TP53","True","True","True","Likely benign",
"182922","TP53","True","True","True","Benign",
"181944","ATM","True","True","True","Likely benign",
"179025","NRAS","True","True","True","Uncertain significance",
"178937","USH2A","True","True","True","Likely pathogenic",
"177868","MAP2K2","True","True","True","Likely pathogenic",
"167730","TCF4","True","True","True","Benign",
"166969","CYP1B1/LOC128772254","True","True","True","Benign",
"166790","CAPN3","True","True","True","Pathogenic",
"166789","CAPN3","True","True","True","Uncertain significance",
"166665","AIPL1","True","True","True","Benign",
"164807","NRAS","True","True","True","Benign",
"164656","MYO7A","True","True","True","Likely pathogenic",
"164639","MYO6","True","True","True","Benign",
"163735","KCNQ1","True","True","True","Benign",
"161362","RYR1","True","True","True","Benign",
"161288","LDLR","True","True","True","Uncertain significance",
"160214","SNHG14/UBE3A","True","True","True","Likely pathogenic",
"160202","SNHG14/UBE3A","True","True","True","Uncertain significance",
"158923","MTM1","True","True","True","Likely pathogenic",
"158514","DNM2","True","True","True","Pathogenic",
"156695","CDKL5/RS1","True","True","True","Benign",
"156657","LOC130068854/MECP2","True","True","True","Likely benign",
"156628","MECP2","True","True","True","Benign",
"143791","CDKL5","True","True","True","Uncertain significance",
"143770","CDKL5","True","True","True","Benign",
"143761","MECP2","True","True","True","Uncertain significance",
"143679","MECP2","True","True","True","Likely benign",
"143607","MECP2","True","True","True","Benign",
"143574","MECP2","True","True","True","Benign",
"143490","MECP2","True","True","True","Pathogenic",
"143450","MECP2","True","True","True","Benign",
"143325","MECP2","True","True","True","Benign",
"143317","MECP2","True","True","True","Benign",
"143061","GUCY2D","True","True","True","Likely benign",
"142854","TP53","True","True","True","Likely benign",
"142624","TP53","True","True","True","Likely pathogenic",
"142617","BRCA2","True","True","True","Uncertain significance",
"142536","TP53","True","True","True","Pathogenic",
"142355","ATM/C11orf65","True","True","True","Pathogenic",
"142273","TP53","True","True","True","Benign",
"142261","PTEN","True","True","True","Pathogenic",
"142206","TP53","True","True","True","Uncertain significance",
"142187","ATM/C11orf65","True","True","True","Likely pathogenic",
"142158","TP53","True","True","True","Likely benign",
"141771","PTEN","True","True","True","Likely benign",
"141721","ATM/C11orf65","True","True","True","Uncertain significance",
"141566","TP53","True","True","True","Likely benign",
"141522","ATM","True","True","True","Likely pathogenic",
"141515","APC","True","True","True","Pathogenic",
"141335","BRCA2","True","True","True","Benign",
"141325","ATM","True","True","True","Pathogenic",
"141228","TP53","True","True","True","Likely benign",
"141159","TP53","True","True","True","Likely benign",
"140926","ATM","True","True","True","Likely benign",
"140897","ATM/C11orf65","True","True","True","Pathogenic",
"140889","ATM","True","True","True","Pathogenic",
"138538","NRAS","True","True","True","Likely benign",
"137450","GATM","True","True","True","Benign",
"135948","TP53","True","True","True","Benign",
"135912","PTEN","True","True","True","Likely benign",
"135910","PTEN","True","True","True","Likely pathogenic",
"135780","ATM/C11orf65","True","True","True","Pathogenic",
"133976","DICER1","True","True","True","Likely benign",
"133975","DICER1","True","True","True","Likely benign",
"133974","DICER1","True","True","True","Benign",
"133968","DICER1","True","True","True","Likely benign",
"133734","BRCA2","True","True","True","Likely benign",
"133206","RYR1","True","True","True","Conflicting classifications of pathogenicity",
"133175","RYR1","True","True","True","Benign/Likely benign",
"133163","RYR1","True","True","True","Uncertain significance",
"133162","RYR1","True","True","True","Likely pathogenic",
"133026","RYR1","True","True","True","Likely pathogenic",
"130208","LOC102724058/SCN1A","True","True","True","Uncertain significance",
"128945","DYSF","True","True","True","Benign",
"128391","ANO5","True","True","True","Benign",
"127663","KLLN/PTEN","True","True","True","Benign",
"127412","ATM/C11orf65","True","True","True","Likely benign",
"127362","ATM","True","True","True","Benign",
"126459","PIK3R1","True","True","True","Likely pathogenic",
"125777","BRCA1","True","True","True","Pathogenic",
"125519","BRCA1","True","True","True","Pathogenic",
"102895","PAH","True","True","True","Likely pathogenic",
"102813","PAH","True","True","True","Likely pathogenic",
"102801","PAH","True","True","True","Likely pathogenic",
"102791","PAH","True","True","True","Likely pathogenic",
"102728","PAH","True","True","True","Likely pathogenic",
"102695","PAH","True","True","True","Uncertain significance",
"102683","PAH","True","True","True","Likely pathogenic",
"102682","PAH","True","True","True","Likely pathogenic",
"102645","PAH","True","True","True","Likely pathogenic",
"102637","PAH","True","True","True","Likely pathogenic",
"102573","PAH","True","True","True","Likely pathogenic",
"102571","PAH","True","True","True","Pathogenic",
"102566","PAH","True","True","True","Likely pathogenic",
"102544","PAH","True","True","True","Likely pathogenic",
"102488","PAH","True","True","True","Likely pathogenic",
"102471","PAH","True","True","True","Likely pathogenic",
"102466","PAH","True","True","True","Likely pathogenic",
"102464","PAH","True","True","True","Likely pathogenic",
"100585","AIPL1","True","True","True","Benign",
"100560","RPGR","True","True","True","Benign",
"100512","VWF","True","True","True","Pathogenic",
"100503","VWF","True","True","True","Pathogenic",
"100436","VWF","True","True","True","Likely benign",
"100421","VWF","True","True","True","Likely pathogenic",
"100398","VWF","True","True","True","Pathogenic",
"100356","VWF","True","True","True","Uncertain significance",
"100343","VWF","True","True","True","Likely pathogenic",
"100337","VWF","True","True","True","Pathogenic",
"100313","VWF","True","True","True","Pathogenic",
"100312","VWF","True","True","True","Likely pathogenic",
"100311","VWF","True","True","True","Likely pathogenic",
"100309","VWF","True","True","True","Pathogenic",
"100308","VWF","True","True","True","Pathogenic",
"100306","VWF","True","True","True","Likely pathogenic",
"100279","VWF","True","True","True","Uncertain significance",
"100275","VWF","True","True","True","Likely benign",
"100274","VWF","True","True","True","Likely benign",
"100269","VWF","True","True","True","Pathogenic",
"100208","VWF","True","True","True","Likely pathogenic",
"100206","VWF","True","True","True","Benign",
"100188","VWF","True","True","True","Likely benign",
"100177","VWF","True","True","True","Likely pathogenic",
"99805","AIPL1","True","True","True","Benign",
"99801","AIPL1","True","True","True","Benign",
"99800","AIPL1","True","True","True","Benign",
"99794","AIPL1","True","True","True","Benign",
"99789","AIPL1","True","True","True","Benign",
"99460","ABCA4","True","True","True","Pathogenic",
"99413","ABCA4","True","True","True","Likely benign",
"99403","ABCA4","True","True","True","Pathogenic",
"99338","ABCA4/LOC126805793","True","True","True","Pathogenic",
"99303","ABCA4","True","True","True","Pathogenic",
"99300","ABCA4","True","True","True","Pathogenic",
"99283","ABCA4","True","True","True","Pathogenic",
"99249","ABCA4","True","True","True","Pathogenic",
"99224","ABCA4","True","True","True","Pathogenic",
"99217","ABCA4","True","True","True","Pathogenic",
"99110","ABCA4","True","True","True","Pathogenic",
"99108","ABCA4","True","True","True","Pathogenic",
"99084","ABCA4","True","True","True","Pathogenic",
"99073","ABCA4","True","True","True","Pathogenic",
"99021","RS1","True","True","True","Likely pathogenic",
"99020","RS1","True","True","True","Pathogenic",
"99016","CDKL5/RS1","True","True","True","Likely pathogenic",
"99015","CDKL5/RS1","True","True","True","Likely pathogenic",
"99014","CDKL5/RS1","True","True","True","Likely pathogenic",
"98986","CDKL5/RS1","True","True","True","Pathogenic",
"98983","CDKL5/RS1","True","True","True","Pathogenic",
"98969","CDKL5/RS1","True","True","True","Likely benign",
"98961","CDKL5/RS1","True","True","True","Likely benign",
"98960","CDKL5/RS1","True","True","True","Pathogenic",
"98958","CDKL5/RS1","True","True","True","Likely pathogenic",
"98946","RS1","True","True","True","Uncertain significance",
"98943","CDKL5/RS1","True","True","True","Likely pathogenic",
"98936","CDKL5/RS1","True","True","True","Pathogenic",
"98921","CDKL5/RS1","True","True","True","Uncertain significance",
"98904","RPE65","True","True","True","Likely pathogenic",
"98851","RPE65","True","True","True","Pathogenic",
"98816","RPGR","True","True","True","Pathogenic",
"98806","RPGR","True","True","True","Benign",
"98796","RPGR","True","True","True","Pathogenic",
"98782","RPGR","True","True","True","Pathogenic",
"98780","RPGR","True","True","True","Pathogenic",
"98779","RPGR","True","True","True","Pathogenic",
"98742","RPGR","True","True","True","Pathogenic",
"98732","RPGR","True","True","True","Pathogenic",
"98729","RPGR","True","True","True","Pathogenic",
"98728","RPGR","True","True","True","Pathogenic",
"98611","GUCY2D","True","True","True","Likely pathogenic",
"98590","GUCY2D","True","True","True","Likely pathogenic",
"98582","GUCY2D","True","True","True","Pathogenic",
"98581","GUCY2D","True","True","True","Likely pathogenic",
"98558","GUCY2D","True","True","True","Benign",
"98548","GUCY2D","True","True","True","Benign",
"98539","GUCY2D","True","True","True","Likely benign",
"98536","GUCY2D","True","True","True","Likely pathogenic",
"96950","BRCA1","True","True","True","Likely pathogenic",
"96949","BRCA1","True","True","True","Likely pathogenic",
"96944","BRCA1","True","True","True","Uncertain significance",
"96859","BRCA2","True","True","True","Likely pathogenic",
"96684","ANO5","True","True","True","Benign",
"94358","DYSF","True","True","True","Pathogenic",
"94340","DYSF","True","True","True","Pathogenic",
"94334","DYSF","True","True","True","Benign",
"94331","DYSF","True","True","True","Pathogenic",
"94327","DYSF","True","True","True","Likely benign",
"94325","DYSF","True","True","True","Benign",
"94324","DYSF","True","True","True","Likely pathogenic",
"94323","DYSF","True","True","True","Benign",
"94315","DYSF","True","True","True","Benign",
"94311","DYSF","True","True","True","Benign",
"94307","DYSF","True","True","True","Benign",
"94301","DYSF","True","True","True","Benign",
"94300","DYSF","True","True","True","Benign",
"94291","DYSF","True","True","True","Pathogenic",
"94289","DYSF","True","True","True","Benign",
"94282","DYSF","True","True","True","Benign",
"94270","DYSF","True","True","True","Benign",
"94264","DYSF","True","True","True","Benign",
"94262","DYSF","True","True","True","Pathogenic",
"93664","SCN1A","True","True","True","Likely benign",
"93549","ACTA1","True","True","True","Likely pathogenic",
"92854","RPGR","True","True","True","Benign",
"92850","RPGR","True","True","True","Benign",
"92820","PTEN","True","True","True","Pathogenic",
"92662","SGCB","True","True","True","Benign",
"92655","SGCG","True","True","True","Benign",
"92649","IDUA","True","True","True","Benign",
"92636","IDUA","True","True","True","Likely pathogenic",
"92635","IDUA","True","True","True","Likely benign",
"92634","IDUA","True","True","True","Pathogenic",
"92437","CYP1B1","True","True","True","Benign",
"92436","CYP1B1","True","True","True","Benign",
"92435","CYP1B1/LOC128772254","True","True","True","Likely benign",
"92408","CAPN3","True","True","True","Pathogenic",
"92302","SGCA","True","True","True","Likely pathogenic",
"92301","SGCA","True","True","True","Likely pathogenic",
"92292","ACADVL","True","True","True","Likely pathogenic",
"92270","ACADVL","True","True","True","Uncertain significance",
"91389","RPGR","True","True","True","Pathogenic",
"88675","PIK3CD","True","True","True","Pathogenic",
"68099","LDLR","True","True","True","Uncertain significance",
"67130","KCNQ1","True","True","True","Uncertain significance",
"67078","KCNQ1","True","True","True","Benign",
"67075","KCNQ1","True","True","True","Likely benign",
"67059","KCNQ1/KCNQ1-AS1","True","True","True","Uncertain significance",
"67027","KCNQ1","True","True","True","Uncertain significance",
"67026","KCNQ1","True","True","True","Benign",
"65961","RYR1","True","True","True","Uncertain significance",
"65956","RYR1","True","True","True","Uncertain significance",
"65711","AIPL1","True","True","True","Pathogenic",
"65708","AIPL1","True","True","True","Benign",
"56730","CEP290","True","True","True","Pathogenic",
"55718","BRCA1","True","True","True","Likely pathogenic",
"55631","BRCA1","True","True","True","Likely pathogenic",
"55613","BRCA1","True","True","True","Uncertain significance",
"55573","BRCA1","True","True","True","Likely pathogenic",
"55552","BRCA1","True","True","True","Likely pathogenic",
"55530","BRCA1","True","True","True","Pathogenic",
"55415","BRCA1","True","True","True","Likely pathogenic",
"55412","BRCA1","True","True","True","Likely pathogenic",
"55399","BRCA1","True","True","True","Likely pathogenic",
"55397","BRCA1","True","True","True","Uncertain significance",
"55383","BRCA1","True","True","True","Likely pathogenic",
"53083","KCNQ1","True","True","True","Likely pathogenic",
"53047","KCNQ1","True","True","True","Likely pathogenic",
"53034","KCNQ1","True","True","True","Uncertain significance",
"53031","KCNQ1","True","True","True","Uncertain significance",
"52955","KCNQ1","True","True","True","Likely pathogenic",
"52865","BRCA2","True","True","True","Benign",
"52712","BRCA2","True","True","True","Likely pathogenic",
"52568","BRCA2","True","True","True","Likely pathogenic",
"52563","BRCA2","True","True","True","Likely pathogenic",
"52491","BRCA2","True","True","True","Uncertain significance",
"52411","BRCA2","True","True","True","Likely pathogenic",
"52400","BRCA2","True","True","True","Likely pathogenic",
"52056","BRCA2","True","True","True","Likely pathogenic",
"51085","BRCA2","True","True","True","Benign",
"44575","NRAS","True","True","True","Likely benign",
"43628","TNNT2","True","True","True","Likely pathogenic",
"43565","SLC26A4","True","True","True","Pathogenic",
"43491","SLC26A4","True","True","True","Likely benign",
"42487","KCNQ1","True","True","True","Likely benign",
"42098","RYR1","True","True","True","Pathogenic",
"40612","RAF1","True","True","True","Likely benign",
"40484","PTPN11","True","True","True","Pathogenic",
"40476","NRAS","True","True","True","Likely benign",
"36833","HNF1A","True","True","True","Benign",
"36816","HNF1A","True","True","True","Likely pathogenic",
"36490","MECP2","True","True","True","Benign",
"36464","LDLR","True","True","True","Likely benign",
"36456","LDLR","True","True","True","Uncertain significance",
"36437","KCNQ1-AS1/KCNQ1","True","True","True","Benign",
"36342","HNF4A","True","True","True","Uncertain significance",
"36258","GCK","True","True","True","Pathogenic",
"36227","GCK","True","True","True","Likely pathogenic",
"36211","GCK","True","True","True","Likely pathogenic",
"36179","GCK","True","True","True","Likely pathogenic",
"35555","TP53","True","True","True","Benign",
"31012","VWF","True","True","True","Likely pathogenic",
"21014","ACADVL","True","True","True","Likely benign",
"18443","DYSF","True","True","True","Pathogenic",
"18291","ACTA1","True","True","True","Pathogenic",
"18288","ACTA1","True","True","True","Likely pathogenic",
"18039","SERPINC1","True","True","True","Likely pathogenic",
"18033","SERPINC1","True","True","True","Uncertain significance",
"18020","SERPINC1","True","True","True","Likely pathogenic",
"18012","SERPINC1","True","True","True","Pathogenic",
"16038","GP1BB/SEPT5-GP1BB","True","True","True","Likely pathogenic",
"15690","HBA2/LOC106804612","True","True","True","Likely pathogenic",
"15624","HBA1/HBA2/LOC106804612","True","True","True","Pathogenic",
"15405","HBB/LOC106099062/LOC107133510","True","True","True","Pathogenic",
"15239","HBB/LOC106099062/LOC107133510","True","True","True","Pathogenic",
"14933","HNF1A","True","True","True","Pathogenic",
"13533","GP9","True","True","True","Likely pathogenic",
"13532","GP9","True","True","True","Likely pathogenic",
"13529","GP9","True","True","True","Pathogenic",
"13328","PTPN11","True","True","True","Pathogenic",
"12982","RYR1","True","True","True","Conflicting classifications of pathogenicity; drug response",
"12376","TP53","True","True","True","Likely pathogenic",
"12347","TP53","True","True","True","Pathogenic",
"11925","IDUA","True","True","True","Pathogenic",
"11920","IDUA","True","True","True","Likely pathogenic",
"11915","IDUA","True","True","True","Likely pathogenic",
"10251","F8","True","True","True","Benign",
"10156","F8","True","True","True","Likely benign",
"9916","RPGR","True","True","True","Likely pathogenic",
"9902","RPGR","True","True","True","Likely pathogenic",
"9897","RPGR","True","True","True","Uncertain significance",
"9888","CDKL5/RS1","True","True","True","Pathogenic",
"9887","CDKL5/RS1","True","True","True","Pathogenic",
"9439","SGCA","True","True","True","Pathogenic",
"8712","SGCB","True","True","True","Pathogenic",
"8274","MAP2K2","True","True","True","Pathogenic",
"7960","MYOC","True","True","True","Pathogenic",
"7904","ABCA4","True","True","True","Pathogenic",
"7901","ABCA4/ABCA4","True","True","True","Pathogenic",
"7900","ABCA4","True","True","True","Pathogenic",
"7898","ABCA4","True","True","True","Pathogenic",
"7884","ABCA4","True","True","True","Likely benign",
"7744","CYP1B1","True","True","True","Likely benign",
"7739","CYP1B1","True","True","True","Uncertain significance",
"7737","CYP1B1","True","True","True","Pathogenic",
"7735","CYP1B1","True","True","True","Pathogenic",
"7732","CYP1B1","True","True","True","Likely pathogenic",
"6682","DYSF","True","True","True","Pathogenic",
"6675","DYSF","True","True","True","Pathogenic",
"6672","DYSF","True","True","True","Pathogenic",
"6671","DYSF","True","True","True","Likely pathogenic",
"6668","DYSF","True","True","True","Pathogenic",
"6667","DYSF/LOC122787137","True","True","True","Benign",
"5567","AIPL1","True","True","True","Likely pathogenic",
"5566","AIPL1","True","True","True","Pathogenic",
"4157","GP1BA","True","True","True","Pathogenic",
"4026","GAA","True","True","True","Likely pathogenic",
"4022","GAA","True","True","True","Pathogenic",
"3690","LDLR","True","True","True","Pathogenic",
"3119","KCNQ1","True","True","True","Likely pathogenic",
"3114","KCNQ1","True","True","True","Uncertain significance",
"3035","ATM","True","True","True","Pathogenic",
"3022","ATM/C11orf65","True","True","True","Likely pathogenic",
"3021","ATM/C11orf65","True","True","True","Pathogenic",
"2166","ANO5","True","True","True","Pathogenic",
"2164","ANO5","True","True","True","Pathogenic",
"318","VWF","True","True","True","Pathogenic",
"314","VWF","True","True","True","Likely benign",
"313","VWF","True","True","True","Likely pathogenic",
"311","VWF","True","True","True","Likely pathogenic",
"293","VWF","True","True","True","Uncertain significance",
"292","VWF","True","True","True","Uncertain significance",
"288","VWF","True","True","True","Pathogenic",
"287","VWF","True","True","True","Likely pathogenic",
"285","VWF","True","True","True","Pathogenic",
"4848993","RPE65","True","True","True","Likely pathogenic",
"4742486","HNF1A","True","True","True","Likely pathogenic",
"4687494","GP9","True","True","True","Likely pathogenic",
"4077155","PIK3R1","True","True","True","Uncertain significance",
"3948866","RUNX1","True","True","True","Uncertain significance",
"3901863","GCK","True","True","True","Likely pathogenic",
"3901120","PIK3R1","True","True","True","Uncertain significance",
"3896422","CEP290","True","True","True","Likely pathogenic",
"3771197","PAH","True","True","True","Uncertain significance",
"3767319","PIK3R1","True","True","True","Likely pathogenic",
"3668347","RUNX1/RUNX1-AS1","True","True","True","Likely pathogenic",
"3661587","GCK","True","True","True","Likely pathogenic",
"3605803","CTLA4","True","True","True","Benign",
"3602116","GCK","True","True","True","Pathogenic",
"3601978","HNF4A","True","True","True","Likely pathogenic",
"3385344","PIK3R1","True","True","True","Likely pathogenic",
"3367215","RUNX1","True","True","True","Likely pathogenic",
"3340471","RUNX1/RUNX1-AS1","True","True","True","Likely pathogenic",
"3336850","RUNX1/RUNX1-AS1","True","True","True","Likely pathogenic",
"3256144","GAMT","True","True","True","Likely pathogenic",
"3233998","GCK","True","True","True","Likely pathogenic",
"3233349","RPE65","True","True","True","Pathogenic",
"3068533","HNF4A","True","True","True","Pathogenic",
"2946266","RPE65","True","True","True","Likely pathogenic",
"2945021","RPE65","True","True","True","Likely pathogenic",
"2865406","ABCA4","True","True","True","Uncertain significance",
"2758089","CAPN3","True","True","True","Pathogenic",
"2751155","RUNX1/RUNX1-AS1","True","True","True","Likely benign",
"2734986","GCK","True","True","True","Likely pathogenic",
"2709658","ADA/LOC107303343","True","True","True","Uncertain significance",
"2675763","GAA","True","True","True","Uncertain significance",
"2665098","RUNX1-AS1/RUNX1","True","True","True","Pathogenic",
"2633656","RUNX1/RUNX1-AS1","True","True","True","Likely pathogenic",
"2581619","IDUA","True","True","True","Likely pathogenic",
"2575101","MYOC","True","True","True","Likely pathogenic",
"2570632","MYOC","True","True","True","Likely pathogenic",
"2570631","MYOC","True","True","True","Likely pathogenic",
"2570629","MYOC","True","True","True","Likely benign",
"2570619","MYOC","True","True","True","Likely benign",
"2534971","PIK3R1","True","True","True","Uncertain significance",
"2534434","PIK3CD","True","True","True","Uncertain significance",
"2505288","MYOC","True","True","True","Likely benign",
"2505287","MYOC","True","True","True","Likely pathogenic",
"2503896","GP9","True","True","True","Likely pathogenic",
"2500839","MYOC","True","True","True","Likely pathogenic",
"2500837","MYOC","True","True","True","Likely pathogenic",
"2500835","MYOC","True","True","True","Likely pathogenic",
"2500830","MYOC","True","True","True","Likely benign",
"2443682","RUNX1/RUNX1-AS1","True","True","True","Likely pathogenic",
"2442289","MYOC","True","True","True","Likely benign",
"2442287","MYOC","True","True","True","Uncertain significance",
"2442285","MYOC","True","True","True","Likely benign",
"2442273","MYOC","True","True","True","Uncertain significance",
"2441144","DYSF","True","True","True","Pathogenic",
"2441119","DYSF","True","True","True","Likely pathogenic",
"2429764","MYOC","True","True","True","Likely pathogenic",
"2429763","MYOC","True","True","True","Likely benign",
"2429760","MYOC","True","True","True","Likely pathogenic",
"2429758","MYOC","True","True","True","Likely benign",
"2429327","SGCA","True","True","True","Pathogenic",
"2428796","RUNX1","True","True","True","Likely benign",
"2229884","MECP2","True","True","True","Pathogenic",
"2202283","GAA","True","True","True","Likely pathogenic",
"2184620","IDUA","True","True","True","Uncertain significance",
"2154687","RPE65","True","True","True","Likely pathogenic",
"2151916","USH2A","True","True","True","Uncertain significance",
"2137414","PAH","True","True","True","Uncertain significance",
"2137408","PAH","True","True","True","Likely pathogenic",
"2136531","GCK","True","True","True","Pathogenic",
"2104788","PIK3R1","True","True","True","Likely pathogenic",
"2035105","ABCA4","True","True","True","Uncertain significance",
"2033861","PTEN","True","True","True","Pathogenic",
"2022313","PTEN","True","True","True","Likely pathogenic",
"2021273","ABCA4","True","True","True","Likely pathogenic",
"2018845","RPE65","True","True","True","Pathogenic",
"1933344","GCK","True","True","True","Likely pathogenic",
"1928684","LOC130068098/RPGR","True","True","True","Likely pathogenic",
"1810378","MYOC","True","True","True","Likely pathogenic",
"1801853","GCK","True","True","True","Uncertain significance",
"1742308","ACVRL1","True","True","True","Uncertain significance",
"1723651","MAP2K1","True","True","True","Likely pathogenic",
"1723173","MYOC","True","True","True","Likely benign",
"1723168","MYOC","True","True","True","Likely benign",
"1705456","GCK","True","True","True","Likely pathogenic",
"1695472","SCN1A","True","True","True","Likely benign",
"1692647","RUNX1","True","True","True","Likely benign",
"1691234","GP1BB/SEPT5-GP1BB","True","True","True","Uncertain significance",
"1691233","GP1BB/SEPT5-GP1BB","True","True","True","Uncertain significance",
"1687090","C12orf43/HNF1A","True","True","True","Likely benign",
"1687072","HNF1A","True","True","True","Pathogenic",
"1686794","MYOC","True","True","True","Likely pathogenic",
"1686793","MYOC","True","True","True","Likely pathogenic",
"1686788","MYOC","True","True","True","Likely pathogenic",
"1686785","MYOC","True","True","True","Pathogenic",
"1686523","BRCA2","True","True","True","Likely benign",
"1684391","RUNX1/RUNX1-AS1","True","True","True","Likely pathogenic",
"1684030","VWF","True","True","True","Uncertain significance",
"1683999","VWF","True","True","True","Likely pathogenic",
"1683998","VWF","True","True","True","Uncertain significance",
"1679547","GCK","True","True","True","Pathogenic",
"1679546","GCK","True","True","True","Uncertain significance",
"1676716","HNF1A","True","True","True","Likely pathogenic",
"1652693","RUNX1","True","True","True","Likely benign",
"1640498","ACVRL1","True","True","True","Uncertain significance",
"1639209","ABCA4","True","True","True","Uncertain significance",
"1638023","MECP2","True","True","True","Benign",
"1624912","PIK3R1","True","True","True","Uncertain significance",
"1578921","CDKL5","True","True","True","Likely benign",
"1573734","PIK3CD","True","True","True","Likely benign",
"1559116","ABCA4","True","True","True","Uncertain significance",
"1527905","SERPINC1","True","True","True","Likely pathogenic",
"1527893","SERPINC1","True","True","True","Uncertain significance",
"1524222","LOC126862483/TP53/WRAP53","True","True","True","Uncertain significance",
"1521979","DYSF","True","True","True","Likely pathogenic",
"1518631","RUNX1","True","True","True","Pathogenic",
"1514901","PAH","True","True","True","Uncertain significance",
"1504560","PAH","True","True","True","Likely pathogenic",
"1491619","DYSF","True","True","True","Uncertain significance",
"1480944","PAH","True","True","True","Uncertain significance",
"1466051","RUNX1-AS1/RUNX1","True","True","True","Likely pathogenic",
"1464253","GCK","True","True","True","Pathogenic",
"1457684","PIK3CD","True","True","True","Likely pathogenic",
"1454181","LDLR","True","True","True","Uncertain significance",
"1439558","MYOC","True","True","True","Pathogenic",
"1434322","GAA","True","True","True","Likely pathogenic",
"1410089","ABCA4","True","True","True","Likely pathogenic",
"1406866","PIK3CD","True","True","True","Likely pathogenic",
"1393351","PIK3R1","True","True","True","Likely pathogenic",
"1351602","RUNX1/RUNX1-AS1","True","True","True","Likely pathogenic",
"1342964","MYOC","True","True","True","Likely pathogenic",
"1342957","HNF1A","True","True","True","Benign",
"1342197","MYOC","True","True","True","Likely pathogenic",
"1342196","MYOC","True","True","True","Pathogenic",
"1338955","ACVRL1","True","True","True","Uncertain significance",
"1338576","GCK","True","True","True","Pathogenic",
"1338461","HNF1A","True","True","True","Benign",
"1338110","RUNX1","True","True","True","Likely benign",
"1337576","CTLA4","True","True","True","Likely benign",
"1334144","HNF1A","True","True","True","Pathogenic",
"1330358","RYR1","True","True","True","Pathogenic",
"1327615","HNF1A","True","True","True","Likely pathogenic",
"1324499","GP1BB/SEPT5-GP1BB","True","True","True","Pathogenic",
"1322957","GAA","True","True","True","Likely pathogenic",
"1319676","PIK3R1","True","True","True","Likely benign",
"1319162","CDKL5","True","True","True","Likely benign",
"1314795","TCF4","True","True","True","Likely benign",
"1313921","MYOC","True","True","True","Likely benign",
"1210302","RYR1","True","True","True","Likely pathogenic",
"1204725","CDKL5/RS1","True","True","True","Likely benign",
"1180840","CAPN3","True","True","True","Likely pathogenic",
"1180752","ACTA1","True","True","True","Uncertain significance",
"1173106","MYOC","True","True","True","Likely pathogenic",
"1171382","BRCA2","True","True","True","Likely pathogenic",
"1171040","LDLR","True","True","True","Likely pathogenic",
"1167755","IL2RG","True","True","True","Likely benign",
"1167086","TCF4","True","True","True","Uncertain significance",
"1144056","RUNX1","True","True","True","Likely benign",
"1143236","CTLA4","True","True","True","Benign",
"1142095","RUNX1","True","True","True","Likely benign",
"1135117","RUNX1","True","True","True","Likely benign",
"1132785","PIK3R1","True","True","True","Uncertain significance",
"1130934","RUNX1","True","True","True","Likely benign",
"1124345","RUNX1","True","True","True","Likely benign",
"1116571","RUNX1","True","True","True","Likely benign",
"1099856","RUNX1","True","True","True","Likely benign",
"1088939","RUNX1","True","True","True","Likely benign",
"1082907","CTLA4","True","True","True","Benign",
"1074952","CEP290","True","True","True","Pathogenic",
"1072425","RMRP","True","True","True","Likely pathogenic",
"1070754","RPE65","True","True","True","Likely pathogenic",
"1068471","SERPINC1","True","True","True","Likely pathogenic",
"1066954","RPE65","True","True","True","Pathogenic",
"1066706","SERPINC1","True","True","True","Uncertain significance",
"1054111","ATM/C11orf65","True","True","True","Likely pathogenic",
"1052453","SGCA","True","True","True","Likely pathogenic",
"1048143","ABCA4","True","True","True","Pathogenic",
"1048132","ABCA4/ABCA4","True","True","True","Pathogenic",
"1043062","PTEN","True","True","True","Likely pathogenic",
"1042020","PTEN","True","True","True","Likely pathogenic",
"1035066","CTLA4","True","True","True","Benign",
"1031446","GP1BA","True","True","True","Likely pathogenic",
"1027500","SCN2A","True","True","True","Uncertain significance",
"1026085","PIK3CD","True","True","True","Likely benign",
"1008671","LOC102724058/SCN1A","True","True","True","Likely pathogenic",
"1001692","SERPINC1","True","True","True","Likely pathogenic",
"1000050","SCN1A","True","True","True","Likely pathogenic",
"998284","HNF1A","True","True","True","Likely benign",
"998237","HNF1A","True","True","True","Uncertain significance",
"995367","GCK","True","True","True","Likely pathogenic",
"993015","GP9","True","True","True","Uncertain significance",
"987755","PAH","True","True","True","Likely pathogenic",
"985854","F9","True","True","True","Benign",
"977327","BRAF","True","True","True","Uncertain significance",
"972811","HNF1A","True","True","True","Likely benign",
"972809","GCK","True","True","True","Uncertain significance",
"972807","GCK","True","True","True","Uncertain significance",
"972775","GCK","True","True","True","Pathogenic",
"972747","GAA","True","True","True","Pathogenic",
"971992","PAH","True","True","True","Likely pathogenic",
"971212","PIK3CD/LOC126805612","True","True","True","Likely benign",
"968717","CEP290","True","True","True","Uncertain significance",
"963211","LOC129935461/CTLA4","True","True","True","Benign",
"962629","TP53","True","True","True","Likely benign",
"941354","LOC126805612/PIK3CD","True","True","True","Likely benign",
"935418","PIK3CD","True","True","True","Uncertain significance",
"933619","SCN2A","True","True","True","Likely pathogenic",
"932837","ACADVL","True","True","True","Uncertain significance",
"929411","DICER1","True","True","True","Likely pathogenic",
"928997","IDUA","True","True","True","Likely pathogenic",
"922959","BRCA2","True","True","True","Likely pathogenic",
"918070","GCK","True","True","True","Pathogenic",
"918065","HNF1A","True","True","True","Uncertain significance",
"914831","F8","True","True","True","Likely benign",
"902701","GP9","True","True","True","Benign",
"875033","MYOC","True","True","True","Likely benign",
"871409","CEP290","True","True","True","Pathogenic",
"870645","ATM/C11orf65","True","True","True","Likely pathogenic",
"869485","DYSF","True","True","True","Likely pathogenic",
"869219","HBA2/LOC106804612","True","True","True","Uncertain significance",
"867727","BRCA1","True","True","True","Likely pathogenic",
"867094","ABCA4","True","True","True","Likely pathogenic",
"866808","CEP290","True","True","True","Likely pathogenic",
"866538","ABCA4","True","True","True","Likely pathogenic",
"866298","ABCA4","True","True","True","Pathogenic",
"866229","ABCA4","True","True","True","Pathogenic",
"863577","RAG1","True","True","True","Likely pathogenic",
"861979","PIK3R1","True","True","True","Uncertain significance",
"856798","RUNX1","True","True","True","Likely pathogenic",
"846790","PIK3CD","True","True","True","Likely benign",
"834882","PIK3CD","True","True","True","Likely benign",
"829832","RPE65","True","True","True","Pathogenic",
"827732","PIK3R1","True","True","True","Likely pathogenic",
"827289","BRCA2","True","True","True","Likely pathogenic",
"826421","DICER1","True","True","True","Likely benign",
"825830","BRCA1","True","True","True","Uncertain significance",
"824232","TP53","True","True","True","Likely pathogenic",
"813953","SGCA","True","True","True","Likely pathogenic",
"813157","CEP290","True","True","True","Likely pathogenic",
"810877","F9","True","True","True","Uncertain significance",
"806157","ABCA4","True","True","True","Uncertain significance",
"804857","GCK","True","True","True","Pathogenic",
"804839","GCK","True","True","True","Likely pathogenic",
"804466","CEP290","True","True","True","Pathogenic",
"803543","JAK3","True","True","True","Likely pathogenic",
"802880","CEP290","True","True","True","Likely pathogenic",
"802875","CEP290/LOC129390514","True","True","True","Pathogenic",
"802613","PTEN","True","True","True","Uncertain significance",
"799593","LOC110006319/HBB/LOC107133510","True","True","True","Uncertain significance",
"798853","ABCA4","True","True","True","Likely benign",
"779623","RMRP","True","True","True","Likely benign",
"772581","RPE65","True","True","True","Likely benign",
"770679","PIK3CD","True","True","True","Likely benign",
"764550","PIK3CD","True","True","True","Likely benign",
"761366","RUNX1/RUNX1-AS1","True","True","True","Likely benign",
"755769","RUNX1","True","True","True","Likely benign",
"754124","RMRP","True","True","True","Benign",
"741101","CTLA4","True","True","True","Benign",
"709503","LOC126805612/PIK3CD","True","True","True","Benign",
"697933","CEP290","True","True","True","Benign",
"696130","SLC9A6","True","True","True","Benign",
"661941","CTLA4","True","True","True","Benign",
"661395","SCN3A","True","True","True","Likely benign",
"660211","RAG1","True","True","True","Pathogenic",
"659203","SGCA","True","True","True","Likely pathogenic",
"659046","CEP290","True","True","True","Pathogenic",
"657939","PIK3CD","True","True","True","Likely benign",
"652571","CAPN3","True","True","True","Likely pathogenic",
"644329","PIK3CD","True","True","True","Likely benign",
"644144","ATM/C11orf65","True","True","True","Pathogenic",
"642308","PIK3CD","True","True","True","Likely benign",
"638077","IDUA","True","True","True","Pathogenic",
"636389","CTLA4","True","True","True","Pathogenic",
"632970","RMRP","True","True","True","Likely pathogenic",
"631580","MYOC","True","True","True","Likely benign",
"630829","BRCA2","True","True","True","Pathogenic",
"627400","F9","True","True","True","Likely pathogenic",
"627374","SERPINC1","True","True","True","Pathogenic",
"627237","GP1BB/SEPT5-GP1BB","True","True","True","Likely pathogenic",
"627155","F9","True","True","True","Pathogenic",
"627039","GP1BB/SEPT5-GP1BB","True","True","True","Likely pathogenic",
"625855","MYOC","True","True","True","Likely pathogenic",
"624584","IL2RG","True","True","True","Likely pathogenic",
"623475","CTLA4","True","True","True","Likely pathogenic",
"619747","VWF","True","True","True","Likely pathogenic",
"618559","CEP290","True","True","True","Pathogenic",
"618107","F8","True","True","True","Likely pathogenic",
"597829","DYSF","True","True","True","Uncertain significance",
"597186","UBE3A","True","True","True","Benign",
"595539","CEP290","True","True","True","Likely benign",
"595306","CAPN3","True","True","True","Likely pathogenic",
"590772","PAH","True","True","True","Uncertain significance",
"590580","RYR1","True","True","True","Pathogenic",
"590575","RYR1","True","True","True","Likely pathogenic",
"585928","GCK","True","True","True","Pathogenic",
"585916","GCK","True","True","True","Likely pathogenic",
"580378","RMRP","True","True","True","Likely pathogenic",
"579305","DICER1","True","True","True","Likely benign",
"577152","DICER1","True","True","True","Likely benign",
"575051","RUNX1","True","True","True","Likely benign",
"573410","ACVRL1","True","True","True","Likely pathogenic",
"572074","PIK3CD","True","True","True","Likely benign",
"568788","DICER1","True","True","True","Likely benign",
"567919","SCN2A","True","True","True","Likely pathogenic",
"566728","MECP2","True","True","True","Benign",
"566085","DYSF","True","True","True","Uncertain significance",
"565486","ADA","True","True","True","Likely pathogenic",
"561234","RUNX1","True","True","True","Pathogenic",
"556184","IDUA","True","True","True","Pathogenic",
"556156","IDUA","True","True","True","Likely pathogenic",
"554960","SLC26A4","True","True","True","Uncertain significance",
"554593","IDUA","True","True","True","Pathogenic",
"554213","IDUA","True","True","True","Uncertain significance",
"551287","PAH","True","True","True","Likely pathogenic",
"551236","DYSF","True","True","True","Pathogenic",
"550333","SGCA","True","True","True","Pathogenic",
"548686","BMPR2","True","True","True","Likely pathogenic",
"546887","CTLA4","True","True","True","Benign",
"543572","DICER1","True","True","True","Likely benign",
"541727","ACADVL","True","True","True","Likely benign",
"541717","ACADVL","True","True","True","Uncertain significance",
"541085","PIK3CD","True","True","True","Likely benign",
"533773","RMRP","True","True","True","Benign",
"533771","RMRP","True","True","True","Benign",
"532686","RUNX1","True","True","True","Likely benign",
"532685","RUNX1/RUNX1-AS1","True","True","True","Likely benign",
"532683","RUNX1","True","True","True","Likely benign",
"532682","RUNX1","True","True","True","Likely benign",
"532681","RUNX1","True","True","True","Likely benign",
"524012","TCF4","True","True","True","Pathogenic",
"522564","SCN3A","True","True","True","Benign",
"516580","DICER1","True","True","True","Benign",
"511136","ACADVL","True","True","True","Likely benign",
"501050","DYSF","True","True","True","Likely benign",
"500215","DYSF","True","True","True","Likely benign",
"498954","DYSF","True","True","True","Pathogenic",
"497131","DYSF","True","True","True","Likely pathogenic",
"496397","BRCA1","True","True","True","Uncertain significance",
"496280","MECP2/LOC130068854","True","True","True","Benign",
"496120","LOC102724058/SCN1A","True","True","True","Uncertain significance",
"493118","SCN8A","True","True","True","Benign",
"491662","LDLR","True","True","True","Uncertain significance",
"490724","ATM/C11orf65","True","True","True","Uncertain significance",
"490685","ATM/C11orf65","True","True","True","Uncertain significance",
"487451","RMRP","True","True","True","Likely pathogenic",
"486555","TP53","True","True","True","Pathogenic",
"483092","BRCA2","True","True","True","Pathogenic",
"482997","BRCA2","True","True","True","Likely benign",
"481607","BRCA2","True","True","True","Uncertain significance",
"481525","BRCA2","True","True","True","Likely pathogenic",
"479623","DICER1","True","True","True","Likely benign",
"479223","BRCA1","True","True","True","Likely benign",
"477064","DICER1","True","True","True","Likely benign",
"475275","CTLA4","True","True","True","Benign",
"474882","ACADVL","True","True","True","Pathogenic",
"474031","PIK3CD","True","True","True","Likely benign",
"471337","SGCA","True","True","True","Pathogenic",
"468706","PTEN","True","True","True","Likely pathogenic",
"468639","CAPN3","True","True","True","Likely pathogenic",
"465206","RMRP","True","True","True","Benign",
"464006","RUNX1","True","True","True","Likely benign",
"464005","RUNX1","True","True","True","Likely benign",
"464001","RUNX1","True","True","True","Likely benign",
"464000","RUNX1","True","True","True","Likely benign",
"463993","RUNX1/RUNX1-AS1","True","True","True","Uncertain significance",
"462524","BRCA2","True","True","True","Uncertain significance",
"462411","BRCA2","True","True","True","Uncertain significance",
"453684","ATM","True","True","True","Likely pathogenic",
"450915","CEP290","True","True","True","Pathogenic",
"449448","CEP290","True","True","True","Pathogenic",
"448982","ACADVL","True","True","True","Likely pathogenic",
"448182","RYR1","True","True","True","Likely pathogenic",
"447443","GJB2","True","True","True","Uncertain significance",
"447422","GCK","True","True","True","Likely pathogenic",
"447408","GCK","True","True","True","Likely pathogenic",
"447404","GCK","True","True","True","Pathogenic",
"447402","GCK","True","True","True","Pathogenic",
"446500","PIK3R1","True","True","True","Likely pathogenic",
"440656","LDLR","True","True","True","Likely pathogenic",
"440616","LDLR","True","True","True","Likely pathogenic",
"440611","LDLR","True","True","True","Uncertain significance",
"439773","HBA2/LOC106804612","True","True","True","Benign",
"439111","HBA2/LOC106804612","True","True","True","Uncertain significance",
"438137","RPGR","True","True","True","Uncertain significance",
"436960","TCF4","True","True","True","Benign",
"435309","GCK","True","True","True","Uncertain significance",
"435305","GCK","True","True","True","Likely pathogenic",
"432062","TCF4","True","True","True","Pathogenic",
"431973","GCK","True","True","True","Pathogenic",
"431553","LDLR","True","True","True","Uncertain significance",
"426292","CDKL5","True","True","True","Benign",
"426011","ACVRL1","True","True","True","Likely pathogenic",
"425783","BMPR2","True","True","True","Uncertain significance",
"425781","BMPR2","True","True","True","Pathogenic",
"425732","BMPR2","True","True","True","Likely pathogenic",
"425730","BMPR2","True","True","True","Likely pathogenic",
"424409","PIK3CD","True","True","True","Likely benign",
"423044","BRCA1","True","True","True","Uncertain significance",
"421804","TP53","True","True","True","Uncertain significance",
"418777","ATM/C11orf65","True","True","True","Likely pathogenic",
"417992","ABCA4","True","True","True","Likely pathogenic",
"415829","RUNX1","True","True","True","Likely benign",
"414014","RPGR","True","True","True","Benign",
"412129","DICER1","True","True","True","Likely benign",
"411299","ACVRL1","True","True","True","Likely pathogenic",
"403218","MYOC","True","True","True","Benign",
"392545","SGCG","True","True","True","Pathogenic",
"379545","ACADVL","True","True","True","Likely benign",
"379208","RMRP","True","True","True","Likely pathogenic",
"376633","TP53","True","True","True","Pathogenic",
"376020","RUNX1/RUNX1-AS1","True","True","True","Uncertain significance",
"376019","RUNX1/RUNX1-AS1","True","True","True","Uncertain significance",
"375836","LDLR","True","True","True","Likely pathogenic",
"375827","LDLR","True","True","True","Uncertain significance",
"372467","PIK3R1","True","True","True","Pathogenic",
"372319","CEP290/RLIG1","True","True","True","Likely benign",
"336956","DYSF","True","True","True","Benign",
"327284","TCF4","True","True","True","Benign",
"327245","TCF4","True","True","True","Benign",
"316210","GATM","True","True","True","Likely benign",
"310090","VWF","True","True","True","Likely benign",
"310086","VWF","True","True","True","Likely benign",
"310084","VWF","True","True","True","Likely benign",
"310076","VWF","True","True","True","Likely benign",
"304505","RAG1","True","True","True","Likely benign",
"301416","PTEN","True","True","True","Uncertain significance",
"298242","ABCA4","True","True","True","Likely benign",
"298241","ABCA4","True","True","True","Likely benign",
"298240","ABCA4","True","True","True","Likely benign",
"298237","ABCA4","True","True","True","Uncertain significance",
"298236","ABCA4","True","True","True","Likely benign",
"298019","RPE65","True","True","True","Likely benign",
"293715","MYOC","True","True","True","Likely benign",
"290515","DYSF","True","True","True","Likely pathogenic",
"290284","DYSF","True","True","True","Pathogenic",
"289098","ANO5","True","True","True","Likely pathogenic",
"288860","DYSF","True","True","True","Likely pathogenic",
"288397","DYSF","True","True","True","Uncertain significance",
"288008","DYSF","True","True","True","Likely benign",
"286920","DYSF","True","True","True","Likely benign",
"286743","DYSF","True","True","True","Likely pathogenic",
"285852","ACADVL","True","True","True","Likely pathogenic",
"285460","CAPN3","True","True","True","Likely pathogenic",
"285200","DYSF","True","True","True","Uncertain significance",
"284708","SGCA","True","True","True","Pathogenic",
"284685","SGCA","True","True","True","Pathogenic",
"284515","CAPN3","True","True","True","Pathogenic",
"284471","DYSF","True","True","True","Pathogenic",
"284385","CAPN3","True","True","True","Likely pathogenic",
"284122","CAPN3","True","True","True","Pathogenic",
"283475","DYSF","True","True","True","Likely pathogenic",
"283243","DYSF","True","True","True","Pathogenic",
"282646","CAPN3","True","True","True","Likely pathogenic",
"282624","DYSF","True","True","True","Pathogenic",
"282449","DYSF","True","True","True","Pathogenic",
"282408","DYSF","True","True","True","Likely pathogenic",
"281954","DYSF","True","True","True","Pathogenic",
"281479","RYR1","True","True","True","Likely pathogenic",
"281250","CEP290","True","True","True","Likely benign",
"281081","CAPN3","True","True","True","Likely benign",
"267609","BRCA1","True","True","True","Uncertain significance",
"267514","BRCA1","True","True","True","Likely pathogenic",
"265904","LDLR","True","True","True","Likely pathogenic",
"265487","DYSF","True","True","True","Pathogenic",
"261827","CEP290","True","True","True","Benign",
"258182","RUNX1","True","True","True","Likely benign",
"256694","VWF","True","True","True","Benign",
"256659","VWF","True","True","True","Benign",
"256655","VWF","True","True","True","Benign",
"256654","VWF","True","True","True","Benign",
"252310","LDLR","True","True","True","Benign",
"252225","LDLR","True","True","True","Uncertain significance",
"252152","LDLR","True","True","True","Uncertain significance",
"252130","LDLR","True","True","True","Uncertain significance",
"252129","LDLR","True","True","True","Uncertain significance",
"252111","LDLR","True","True","True","Uncertain significance",
"252035","LDLR","True","True","True","Likely pathogenic",
"251960","LDLR","True","True","True","Uncertain significance",
"251901","LDLR","True","True","True","Uncertain significance",
"251762","LDLR","True","True","True","Uncertain significance",
"251725","LDLR","True","True","True","Uncertain significance",
"251656","LDLR","True","True","True","Uncertain significance",
"251567","LDLR","True","True","True","Uncertain significance",
"251515","LDLR","True","True","True","Likely pathogenic",
"251371","LDLR","True","True","True","Uncertain significance",
"251113","LDLR","True","True","True","Likely pathogenic",
"251112","LDLR","True","True","True","Likely pathogenic",
"251047","LDLR","True","True","True","Uncertain significance",
"250958","LDLR/LDLR-AS1","True","True","True","Uncertain significance",
"242527","DYSF","True","True","True","Pathogenic",
"242046","DICER1","True","True","True","Likely benign",
"236469","CEP290","True","True","True","Pathogenic",
"236129","ABCA4","True","True","True","Pathogenic",
"236111","ABCA4","True","True","True","Pathogenic",
"235256","ACADVL","True","True","True","Uncertain significance",
"233573","ATM","True","True","True","Pathogenic",
"231552","BRCA2","True","True","True","Likely pathogenic",
"230152","ATM/C11orf65","True","True","True","Uncertain significance",
"226380","LDLR","True","True","True","Pathogenic",
"226379","LDLR","True","True","True","Pathogenic",
"226350","LDLR","True","True","True","Likely pathogenic",
"225732","BRCA2","True","True","True","Uncertain significance",
"225711","BRCA1","True","True","True","Likely pathogenic",
"224402","RYR1","True","True","True","Likely benign",
"220050","CEP290","True","True","True","Likely benign",
"219532","TP53","True","True","True","Likely pathogenic",
"217641","CEP290","True","True","True","Likely benign",
"216472","TP53","True","True","True","Benign",
"215578","ATM","True","True","True","Uncertain significance",
"209182","PIK3R1","True","True","True","Uncertain significance",
"207545","TCF4","True","True","True","Pathogenic",
"207134","SCN8A","True","True","True","Likely benign",
"206975","SCN2A","True","True","True","Likely pathogenic",
"206974","SCN2A","True","True","True","Uncertain significance",
"203364","MYO15A","True","True","True","Likely benign",
"201154","RYR1","True","True","True","Pathogenic",
"198495","DYSF","True","True","True","Pathogenic",
"197716","ACTA1","True","True","True","Pathogenic",
"197403","ANO5","True","True","True","Uncertain significance",
"197093","ACVRL1","True","True","True","Likely benign",
"197004","DYSF","True","True","True","Likely benign",
"196175","DYSF","True","True","True","Pathogenic",
"195989","CEP290","True","True","True","Likely benign",
"195450","CAPN3","True","True","True","Likely pathogenic",
"193786","ACADVL","True","True","True","Likely pathogenic",
"193037","CAPN3","True","True","True","Pathogenic",
"188786","GAA","True","True","True","Pathogenic",
"186913","BRCA1","True","True","True","Likely pathogenic",
"184040","ATM","True","True","True","Likely benign",
"183109","LDLR","True","True","True","Likely pathogenic",
"182243","BRCA2","True","True","True","Uncertain significance",
"182082","BRCA1","True","True","True","Likely pathogenic",
"181989","ATM","True","True","True","Uncertain significance",
"178148","TPM1","True","True","True","Likely benign",
"177780","MYBPC3","True","True","True","Uncertain significance",
"177636","TNNT2","True","True","True","Likely pathogenic",
"167024","DYSF","True","True","True","Likely benign",
"166820","CDKL5","True","True","True","Likely benign",
"166792","CAPN3","True","True","True","Benign",
"166647","ACADVL","True","True","True","Uncertain significance",
"165510","TNNI3","True","True","True","Likely pathogenic",
"164401","MYH7","True","True","True","Pathogenic",
"164379","MYH7","True","True","True","Uncertain significance",
"164114","MYBPC3","True","True","True","Likely pathogenic",
"164113","MYBPC3","True","True","True","Likely pathogenic",
"164070","MYBPC3","True","True","True","Uncertain significance",
"161305","MYBPC3","True","True","True","Benign",
"161303","MYBPC3","True","True","True","Likely benign",
"160208","UBE3A","True","True","True","Uncertain significance",
"159719","PIK3R1","True","True","True","Uncertain significance",
"156630","MECP2","True","True","True","Benign",
"143466","MECP2","True","True","True","Benign",
"142784","BRCA2","True","True","True","Likely pathogenic",
"141634","ATM/C11orf65","True","True","True","Likely pathogenic",
"140823","ATM/C11orf65","True","True","True","Likely pathogenic",
"140553","ANO5","True","True","True","Pathogenic",
"136727","CEP290","True","True","True","Benign",
"135039","PIK3R1","True","True","True","Benign",
"134586","JAK3","True","True","True","Likely benign",
"134572","JAK3","True","True","True","Likely benign",
"133973","DICER1","True","True","True","Benign",
"133625","ATM","True","True","True","Likely benign",
"133624","ATM","True","True","True","Likely benign",
"133219","RYR1","True","True","True","Likely pathogenic",
"133183","RYR1","True","True","True","Pathogenic/Likely pathogenic; drug response",
"133181","RYR1","True","True","True","Uncertain significance",
"133098","RYR1","True","True","True","Pathogenic/Likely pathogenic",
"133070","RYR1","True","True","True","VUS-high",
"133040","RYR1","True","True","True","Pathogenic",
"133021","RYR1","True","True","True","Likely benign",
"133017","RYR1","True","True","True","Pathogenic/Likely pathogenic",
"133012","RYR1","True","True","True","Pathogenic/Likely pathogenic",
"132808","PIK3CD/LOC126805612","True","True","True","Likely pathogenic",
"132807","PIK3CD","True","True","True","Pathogenic",
"128572","CAPN3","True","True","True","Benign",
"128570","CAPN3","True","True","True","Pathogenic",
"127823","TP53","True","True","True","Uncertain significance",
"127812","TP53","True","True","True","Uncertain significance",
"127343","ATM","True","True","True","Benign",
"126269","CEP290","True","True","True","Benign",
"126268","CEP290/RLIG1","True","True","True","Benign",
"125900","BRCA1","True","True","True","Uncertain significance",
"120269","PAH","True","True","True","Likely pathogenic",
"102898","PAH","True","True","True","Pathogenic",
"102827","PAH","True","True","True","Likely pathogenic",
"102805","PAH","True","True","True","Pathogenic",
"102799","PAH","True","True","True","Pathogenic",
"102797","PAH","True","True","True","Pathogenic",
"102760","PAH","True","True","True","Likely pathogenic",
"102732","PAH","True","True","True","Likely pathogenic",
"102690","PAH","True","True","True","Likely pathogenic",
"102497","PAH","True","True","True","Pathogenic",
"102486","PAH","True","True","True","Likely pathogenic",
"102485","PAH","True","True","True","Likely pathogenic",
"100409","VWF","True","True","True","Uncertain significance",
"100408","VWF","True","True","True","Uncertain significance",
"100395","VWF","True","True","True","Pathogenic",
"100340","VWF","True","True","True","Pathogenic",
"100333","VWF","True","True","True","Uncertain significance",
"100316","VWF","True","True","True","Pathogenic",
"99476","ABCA4","True","True","True","Pathogenic",
"99463","ABCA4","True","True","True","Pathogenic",
"99438","ABCA4","True","True","True","Pathogenic",
"99432","ABCA4","True","True","True","Pathogenic",
"99428","ABCA4","True","True","True","Pathogenic",
"99343","ABCA4","True","True","True","Uncertain significance",
"99265","ABCA4","True","True","True","Pathogenic",
"99246","ABCA4","True","True","True","Likely benign",
"99114","ABCA4","True","True","True","Pathogenic",
"99096","ABCA4","True","True","True","Pathogenic",
"98900","RPE65","True","True","True","Pathogenic",
"98754","RPGR","True","True","True","Pathogenic",
"98741","RPGR","True","True","True","Benign",
"98739","RPGR","True","True","True","Pathogenic",
"98738","RPGR","True","True","True","Likely pathogenic",
"98735","RPGR","True","True","True","Uncertain significance",
"96877","BRCA2","True","True","True","Pathogenic",
"96860","BRCA2","True","True","True","Uncertain significance",
"96685","ANO5","True","True","True","Pathogenic",
"96679","ANO5","True","True","True","Pathogenic",
"94363","DYSF","True","True","True","Likely pathogenic",
"94341","DYSF","True","True","True","Benign",
"94329","DYSF","True","True","True","Benign",
"94303","DYSF","True","True","True","Pathogenic",
"94299","DYSF","True","True","True","Likely benign",
"92870","ABCA4","True","True","True","Pathogenic",
"92867","ABCA4","True","True","True","Pathogenic",
"92469","GAA","True","True","True","Likely pathogenic",
"92414","CAPN3","True","True","True","Pathogenic",
"92407","CAPN3","True","True","True","Pathogenic",
"92405","CAPN3","True","True","True","Pathogenic",
"91641","BRCA1","True","True","True","Uncertain significance",
"91457","BRCA2","True","True","True","Uncertain significance",
"68640","LOC102724058/SCN1A","True","True","True","Likely pathogenic",
"65979","RYR1","True","True","True","Pathogenic/Likely pathogenic; drug response",
"60763","PIK3R1","True","True","True","Pathogenic",
"60762","PIK3R1","True","True","True","Uncertain significance",
"55732","BRCA1","True","True","True","Uncertain significance",
"55507","BRCA1","True","True","True","Uncertain significance",
"55433","BRCA1","True","True","True","Uncertain significance",
"55425","BRCA1","True","True","True","Pathogenic",
"54704","BRCA1","True","True","True","Likely pathogenic",
"52823","BRCA2","True","True","True","Likely pathogenic",
"52513","BRCA2","True","True","True","Likely pathogenic",
"52448","BRCA2","True","True","True","Uncertain significance",
"52424","BRCA2","True","True","True","Uncertain significance",
"52422","BRCA2","True","True","True","Likely pathogenic",
"51795","BRCA2","True","True","True","Likely pathogenic",
"45191","GJD2-DT/ACTC1","True","True","True","Likely pathogenic",
"44587","MAP2K1","True","True","True","Pathogenic",
"43676","TNNT2","True","True","True","Uncertain significance",
"43673","TNNT2","True","True","True","Likely pathogenic",
"43449","TPM1","True","True","True","Benign",
"43424","TPM1","True","True","True","Uncertain significance",
"43389","TNNI3","True","True","True","Likely pathogenic",
"43168","MYO7A","True","True","True","Pathogenic",
"43121","MYL3","True","True","True","Uncertain significance",
"42900","LOC126861898/MYH7","True","True","True","Benign",
"42827","MYH7","True","True","True","Uncertain significance",
"42744","MYBPC3","True","True","True","Uncertain significance",
"42644","MYBPC3","True","True","True","Uncertain significance",
"42541","MYBPC3","True","True","True","Pathogenic",
"42537","MYBPC3","True","True","True","Likely pathogenic",
"42035","SGCB","True","True","True","Pathogenic",
"41682","PTEN","True","True","True","Benign",
"38202","BRCA2","True","True","True","Pathogenic",
"38184","BRCA2","True","True","True","Likely pathogenic",
"38158","BRCA2","True","True","True","Likely pathogenic",
"37986","BRCA2","True","True","True","Likely pathogenic",
"37421","BRCA1","True","True","True","Benign",
"36714","RAG1","True","True","True","Pathogenic",
"36312","HBB/LOC107133510/LOC110006319","True","True","True","Pathogenic",
"36294","HBB/LOC106099062/LOC107133510","True","True","True","Uncertain significance",
"36259","GCK","True","True","True","Likely pathogenic",
"36240","GCK","True","True","True","Pathogenic",
"31780","MYL3","True","True","True","Uncertain significance",
"30563","DICER1","True","True","True","Likely pathogenic",
"18331","ACTC1/GJD2-DT","True","True","True","Pathogenic",
"18041","SERPINC1","True","True","True","Uncertain significance",
"18023","SERPINC1","True","True","True","Pathogenic",
"18021","SERPINC1","True","True","True","Likely pathogenic",
"15488","HBB/LOC107133510/LOC110006319","True","True","True","Pathogenic",
"15483","HBB/LOC107133510/LOC110006319","True","True","True","Uncertain significance",
"15464","HBB/LOC106099062/LOC107133510","True","True","True","Pathogenic",
"15454","HBB/LOC106099062/LOC107133510","True","True","True","Pathogenic",
"14944","HNF1A","True","True","True","Likely pathogenic",
"14940","HNF1A","True","True","True","Benign",
"14063","MYL3","True","True","True","Uncertain significance",
"12411","TNNT2","True","True","True","Likely benign",
"10599","F9","True","True","True","Uncertain significance",
"9435","SGCA","True","True","True","Pathogenic",
"9324","BRCA2","True","True","True","Benign",
"7958","MYOC","True","True","True","Benign",
"7957","MYOC","True","True","True","Likely pathogenic",
"7954","MYOC","True","True","True","Pathogenic",
"7950","MYOC","True","True","True","Likely pathogenic",
"7947","MYOC","True","True","True","Pathogenic",
"7913","ABCA4","True","True","True","Likely benign",
"4151","GP1BA","True","True","True","Likely pathogenic",
"3047","ATM","True","True","True","Pathogenic",
"2165","ANO5","True","True","True","Likely pathogenic",
"2006","SGCG","True","True","True","Pathogenic",
"1971","ADA","True","True","True","Likely pathogenic",
"1958","ADA","True","True","True","Pathogenic",
"1337","CEP290","True","True","True","Pathogenic",
"1335","CEP290","True","True","True","Likely pathogenic",
"583","PAH","True","True","True","Pathogenic",
"304","VWF","True","True","True","Likely pathogenic",
