"uid","accession","gene","cls","title"
"3380944","VCV003380944.4","F8","Uncertain significance","NM_000132.4(F8):c.332C>T (p.Ala111Val)"
"3233995","VCV003233995.4","GCK","Pathogenic","NM_000162.5(GCK):c.1228G>A (p.Gly410Ser)"
"3061340","VCV003061340.3","RUNX1/RUNX1-AS1","Uncertain significance","NM_001754.5(RUNX1):c.509-1G>A"
"2944236","VCV002944236.4","RPE65","Likely pathogenic","NM_000329.3(RPE65):c.55G>A (p.Val19Met)"
"2925658","VCV002925658.5","CDKL5","Uncertain significance","NM_001323289.2(CDKL5):c.609G>C (p.Glu203Asp)"
"2911507","VCV002911507.6","RUNX1","Likely pathogenic","NM_001754.5(RUNX1):c.351+2T>C"
"2900640","VCV002900640.7","RUNX1","Likely benign","NM_001754.5(RUNX1):c.1155C>T (p.Tyr385=)"
"2879097","VCV002879097.6","RUNX1-AS1/RUNX1","Likely benign","NM_001754.5(RUNX1):c.430C>T (p.Leu144=)"
"2865768","VCV002865768.7","RUNX1","Likely benign","NM_001754.5(RUNX1):c.180C>A (p.Ala60=)"
"2857333","VCV002857333.4","RUNX1","Likely pathogenic","NM_001754.5(RUNX1):c.1271_1272insTCTC (p.Pro425fs)"
"2857331","VCV002857331.4","RUNX1","Likely pathogenic","NM_001754.5(RUNX1):c.1295dup (p.Cys432fs)"
"2840535","VCV002840535.4","RUNX1","Likely pathogenic","NM_001754.5(RUNX1):c.1014_1033del (p.Leu339fs)"
"2834488","VCV002834488.6","RUNX1","Likely benign","NM_001754.5(RUNX1):c.102C>A (p.Ala34=)"
"2831823","VCV002831823.7","RUNX1","Likely benign","NM_001754.5(RUNX1):c.126G>A (p.Pro42=)"
"2825312","VCV002825312.4","RUNX1","Uncertain significance","NM_001754.5(RUNX1):c.952dup (p.Ser318fs)"
"2820100","VCV002820100.4","RUNX1","Likely pathogenic","NM_001754.5(RUNX1):c.1221C>A (p.Tyr407Ter)"
"2814451","VCV002814451.6","RUNX1/RUNX1-AS1","Likely benign","NM_001754.5(RUNX1):c.480C>T (p.Asp160=)"
"2814422","VCV002814422.6","RUNX1","Likely benign","NM_001754.5(RUNX1):c.958C>A (p.Arg320=)"
"2808511","VCV002808511.4","RUNX1/RUNX1-AS1","Likely pathogenic","NM_001754.5(RUNX1):c.551_552insTACCACAGAGCCATCTGTG (p.Gln185fs)"
"2808406","VCV002808406.4","RUNX1","Likely pathogenic","NM_001754.5(RUNX1):c.1432_1433del (p.Arg478fs)"
"2808278","VCV002808278.6","RUNX1","Likely benign","NM_001754.5(RUNX1):c.756C>T (p.Ser252=)"
"2773776","VCV002773776.3","APC","Uncertain significance","NM_000038.6(APC):c.8488dup (p.Ser2830fs)"
"2765748","VCV002765748.5","DICER1","Likely pathogenic","NM_177438.3(DICER1):c.734+3A>T"
"2758582","VCV002758582.4","HNF1A","Likely pathogenic","NM_000545.8(HNF1A):c.769A>C (p.Asn257His)"
"2755227","VCV002755227.7","RUNX1","Likely benign","NM_001754.5(RUNX1):c.1131C>T (p.Tyr377=)"
"2755226","VCV002755226.6","RUNX1","Likely benign","NM_001754.5(RUNX1):c.1191A>G (p.Gln397=)"
"2752334","VCV002752334.4","RUNX1","Uncertain significance","NM_001754.5(RUNX1):c.1389C>T (p.Pro463=)"
"2750603","VCV002750603.6","RUNX1","Uncertain significance","NM_001754.5(RUNX1):c.154A>G (p.Met52Val)"
"2746579","VCV002746579.4","HNF1A","Likely pathogenic","NM_000545.8(HNF1A):c.498C>A (p.Tyr166Ter)"
"2746077","VCV002746077.4","RUNX1/RUNX1-AS1","Likely pathogenic","NM_001754.5(RUNX1):c.356dup (p.Ala120fs)"
"2736967","VCV002736967.4","HNF4A","Pathogenic","NM_175914.5(HNF4A):c.199C>T (p.Arg67Trp)"
"2736407","VCV002736407.25","AIPL1","Likely pathogenic","NM_014336.5(AIPL1):c.152A>G (p.Asp51Gly)"
"2735019","VCV002735019.4","GCK","Likely pathogenic","NM_000162.5(GCK):c.365T>C (p.Leu122Pro)"
"2734991","VCV002734991.5","GCK","Likely pathogenic","NM_000162.5(GCK):c.1189C>T (p.Arg397Cys)"
"2734988","VCV002734988.4","GCK","Pathogenic","NM_000162.5(GCK):c.1235T>C (p.Val412Ala)"
"2734274","VCV002734274.4","RUNX1","Likely pathogenic","NM_001754.5(RUNX1):c.1203del (p.Ser402fs)"
"2721246","VCV002721246.4","RUNX1","Likely benign","NM_001754.5(RUNX1):c.165G>T (p.Ala55=)"
"2718511","VCV002718511.5","RUNX1","Uncertain significance","NM_001754.5(RUNX1):c.189C>T (p.Ala63=)"
"2710027","VCV002710027.6","RYR1","Likely pathogenic","NM_000540.3(RYR1):c.10171G>T (p.Glu3391Ter)"
"2699087","VCV002699087.7","RUNX1","Likely benign","NM_001754.5(RUNX1):c.862C>T (p.Leu288=)"
"2688626","VCV002688626.3","ATM/C11orf65","Uncertain significance","NM_000051.4(ATM):c.8732C>A (p.Thr2911Asn)"
"2677430","VCV002677430.1","PAH","Pathogenic","NM_000277.3(PAH):c.1002C>A (p.Cys334Ter)"
"2674972","VCV002674972.7","DYSF","Pathogenic","NM_001130987.2(DYSF):c.5149T>C (p.Cys1717Arg)"
"2674961","VCV002674961.7","DYSF","Pathogenic","NM_001130987.2(DYSF):c.959dup (p.Asp320fs)"
"2635335","VCV002635335.2","RUNX1","Pathogenic","NM_001754.5(RUNX1):c.311del (p.Thr104fs)"
"2635153","VCV002635153.7","GCK","Pathogenic","NC_000007.14:g.44189510C>G"
"2609932","VCV002609932.5","MECP2","Likely benign","NM_001110792.2(MECP2):c.1189C>T (p.Pro397Ser)"
"2585325","VCV002585325.4","ABCA4","Pathogenic","NM_000350.3(ABCA4):c.5371dup (p.Ala1791fs)"
"2583432","VCV002583432.5","APC","Uncertain significance","NM_000038.6(APC):c.8090C>G (p.Ser2697Ter)"
"2580600","VCV002580600.4","HNF4A","Likely pathogenic","NM_175914.5(HNF4A):c.577G>T (p.Asp193Tyr)"
"2579542","VCV002579542.25","RUNX1","Likely pathogenic","NM_001754.5(RUNX1):c.1345C>T (p.Gln449Ter)"
"2578349","VCV002578349.2","GCK","Pathogenic","NM_000162.5(GCK):c.898G>C (p.Glu300Gln)"
"2572723","VCV002572723.4","MECP2","Likely benign","NM_001110792.2(MECP2):c.105C>G (p.Asp35Glu)"
"2567920","VCV002567920.4","GCK","Pathogenic","NM_000162.5(GCK):c.458C>A (p.Pro153His)"
"2562354","VCV002562354.7","APC","Uncertain significance","NM_000038.6(APC):c.8446C>T (p.Arg2816Ter)"
"2505626","VCV002505626.4","MECP2","Pathogenic","NM_001110792.2(MECP2):c.380G>A (p.Arg127His)"
"2500039","VCV002500039.3","GCK","Pathogenic","NM_000162.5(GCK):c.232G>T (p.Asp78Tyr)"
"2447222","VCV002447222.10","PTEN","Likely pathogenic","NM_000314.8(PTEN):c.1027-1852A>G"
"2445404","VCV002445404.6","DICER1","Uncertain significance","NM_177438.3(DICER1):c.2188G>C (p.Asp730His)"
"2443586","VCV002443586.7","FOXG1","Likely pathogenic","NM_005249.5(FOXG1):c.748G>A (p.Gly250Ser)"
"2441110","VCV002441110.7","DYSF","Pathogenic","NM_001130987.2(DYSF):c.5687A>G (p.His1896Arg)"
"2441107","VCV002441107.12","DYSF","Pathogenic","NM_001130987.2(DYSF):c.5413G>A (p.Glu1805Lys)"
"2435687","VCV002435687.6","SCN2A","Likely pathogenic","NM_001040142.2(SCN2A):c.1094C>T (p.Thr365Met)"
"2431839","VCV002431839.4","GCK","Pathogenic","NM_000162.5(GCK):c.579+4del"
"2429353","VCV002429353.6","SERPINC1","Pathogenic","NM_000488.4(SERPINC1):c.490C>T (p.Arg164Ter)"
"2421530","VCV002421530.8","LOC121627832/TCF4","Benign","NM_001083962.2(TCF4):c.1370A>G (p.Asp457Gly)"
"2417518","VCV002417518.17","RPGR","Pathogenic","NM_001034853.2(RPGR):c.1561C>T (p.Gln521Ter)"
"2362516","VCV002362516.4","RUNX1","Benign","NM_001754.5(RUNX1):c.1265A>G (p.Glu422Gly)"
"2355672","VCV002355672.15","UBE3A","Benign","NM_130839.5(UBE3A):c.43G>A (p.Asp15Asn)"
"2203049","VCV002203049.7","CYP1B1","Likely pathogenic","NM_000104.4(CYP1B1):c.988_989delinsTT (p.Ala330Phe)"
"2163677","VCV002163677.5","RAG2","Uncertain significance","NM_000536.4(RAG2):c.302A>G (p.Asn101Ser)"
"2149933","VCV002149933.8","RPE65","Likely pathogenic","NM_000329.3(RPE65):c.1039C>T (p.Arg347Cys)"
"2146436","VCV002146436.7","RUNX1","Likely benign","NM_001754.5(RUNX1):c.805+18C>T"
"2138734","VCV002138734.7","F9","Likely pathogenic","NM_000133.4(F9):c.86C>T (p.Thr29Ile)"
"2138538","VCV002138538.6","RPGR","Pathogenic","NM_001034853.2(RPGR):c.2007G>A (p.Trp669Ter)"
"2137915","VCV002137915.8","GUCY2D","Pathogenic","NM_000180.4(GUCY2D):c.1762C>T (p.Arg588Trp)"
"2136907","VCV002136907.7","PTEN","Pathogenic","NM_000314.8(PTEN):c.157G>A (p.Val53Ile)"
"2136853","VCV002136853.5","DCLRE1C","Likely pathogenic","NM_001033855.3(DCLRE1C):c.82G>C (p.Ala28Pro)"
"2136852","VCV002136852.4","DCLRE1C","Likely pathogenic","NM_001033855.3(DCLRE1C):c.95C>G (p.Ser32Cys)"
"2136526","VCV002136526.7","GCK","Likely pathogenic","NM_000162.5(GCK):c.451T>C (p.Ser151Pro)"
"2131688","VCV002131688.7","RPE65","Likely pathogenic","NM_000329.3(RPE65):c.1282_1303del (p.Gly428fs)"
"2121544","VCV002121544.6","RUNX1","Uncertain significance","NM_001754.5(RUNX1):c.135C>T (p.Thr45=)"
"2118854","VCV002118854.5","DCLRE1C","Likely pathogenic","NM_001033855.3(DCLRE1C):c.140T>A (p.Leu47Ter)"
"2118600","VCV002118600.5","RPGR","Likely pathogenic","NM_001034853.2(RPGR):c.823G>T (p.Gly275Cys)"
"2110257","VCV002110257.5","RPE65","Pathogenic","NM_000329.3(RPE65):c.10C>T (p.Gln4Ter)"
"2108802","VCV002108802.7","FOXN1","Likely pathogenic","NM_001369369.1(FOXN1):c.1367T>A (p.Leu456Ter)"
"2106464","VCV002106464.5","RUNX1","Likely pathogenic","NM_001754.5(RUNX1):c.1277dup (p.Arg427fs)"
"2092471","VCV002092471.5","RUNX1-AS1/RUNX1","Likely pathogenic","NM_001754.5(RUNX1):c.385_395del (p.Leu129fs)"
"2092257","VCV002092257.6","ITGB3/EFCAB13-DT","Uncertain significance","NM_000212.3(ITGB3):c.2249G>A (p.Arg750Gln)"
"2090169","VCV002090169.7","RUNX1","Likely benign","NM_001754.5(RUNX1):c.765C>T (p.His255=)"
"2088001","VCV002088001.6","ADA","Uncertain significance","NM_000022.4(ADA):c.1078+2T>C"
"2078744","VCV002078744.7","LZTR1","Likely pathogenic","NM_006767.4(LZTR1):c.1149+1G>T"
"2063683","VCV002063683.9","ITGB3","Benign","NM_000212.3(ITGB3):c.1914-7C>T"
"2057364","VCV002057364.4","LDLR","Uncertain significance","NM_000527.5(LDLR):c.2106G>C (p.Met702Ile)"
"2052397","VCV002052397.9","HNF1A","Benign","NM_000545.8(HNF1A):c.1135C>T (p.Pro379Ser)"
"2042433","VCV002042433.5","RUNX1/RUNX1-AS1","Uncertain significance","NM_001754.5(RUNX1):c.509-13C>T"
"2031214","VCV002031214.10","SLC6A8","Pathogenic","NM_005629.4(SLC6A8):c.1136_1137del (p.Glu379fs)"
"2028205","VCV002028205.5","RUNX1","Likely pathogenic","NM_001754.5(RUNX1):c.1417G>T (p.Glu473Ter)"
"2021682","VCV002021682.7","RUNX1","Likely benign","NM_001754.5(RUNX1):c.1095C>A (p.Gly365=)"
"2019436","VCV002019436.6","RAG2","Likely pathogenic","NM_000536.4(RAG2):c.3G>A (p.Met1Ile)"
"2018786","VCV002018786.7","HNF4A","Likely pathogenic","NM_175914.5(HNF4A):c.932G>T (p.Arg311Leu)"
"2013398","VCV002013398.8","RUNX1/RUNX1-AS1","Likely benign","NM_001754.5(RUNX1):c.361C>T (p.Leu121=)"
"2008798","VCV002008798.5","RUNX1","Likely pathogenic","NM_001754.5(RUNX1):c.1233_1236dup (p.Ser413fs)"
"1997400","VCV001997400.5","RUNX1","Likely benign","NM_001754.5(RUNX1):c.967+6C>G"
"1988566","VCV001988566.7","RUNX1/RUNX1-AS1","Likely benign","NM_001754.5(RUNX1):c.474T>C (p.Phe158=)"
"1986858","VCV001986858.7","RPE65","Pathogenic","NM_000329.3(RPE65):c.1291T>C (p.Tyr431His)"
"1973721","VCV001973721.6","RUNX1","Uncertain significance","NM_001754.5(RUNX1):c.806-8C>A"
"1966519","VCV001966519.4","FOXN1","Likely pathogenic","NM_001369369.1(FOXN1):c.1049C>T (p.Pro350Leu)"
"1954374","VCV001954374.6","SERPINC1","Uncertain significance","NM_000488.4(SERPINC1):c.1219-8A>G"
"1948845","VCV001948845.8","RUNX1","Likely benign","NM_001754.5(RUNX1):c.58+8C>T"
"1901178","VCV001901178.6","RAG2","Uncertain significance","NM_000536.4(RAG2):c.95G>T (p.Gly32Val)"
"1879751","VCV001879751.32","CDKL5","Likely pathogenic","NM_001323289.2(CDKL5):c.863C>G (p.Thr288Arg)"
"1879048","VCV001879048.4","ITGA2B","Uncertain significance","NM_000419.5(ITGA2B):c.2254C>G (p.Leu752Val)"
"1879046","VCV001879046.8","ITGA2B","Uncertain significance","NM_000419.5(ITGA2B):c.1139G>A (p.Gly380Asp)"
"1878806","VCV001878806.5","FOXG1","Likely pathogenic","NM_005249.5(FOXG1):c.706A>G (p.Asn236Asp)"
"1807279","VCV001807279.9","GCK","Likely pathogenic","NM_000162.5(GCK):c.167A>C (p.Lys56Thr)"
"1803135","VCV001803135.5","RPE65","Uncertain significance","NM_000329.3(RPE65):c.1087C>T (p.Pro363Ser)"
"1802549","VCV001802549.4","SLC6A8","Pathogenic","NM_005629.4(SLC6A8):c.1428C>G (p.Tyr476Ter)"
"1802337","VCV001802337.10","RPGR","Uncertain significance","NM_001034853.2(RPGR):c.934G>T (p.Asp312Tyr)"
"1802328","VCV001802328.6","RPGR","Pathogenic","NM_001034853.2(RPGR):c.2716G>T (p.Glu906Ter)"
"1791142","VCV001791142.8","TCF4/TCF4-AS1","Uncertain significance","NM_001083962.2(TCF4):c.242C>G (p.Thr81Ser)"
"1790283","VCV001790283.8","FOXG1","Benign","NM_005249.5(FOXG1):c.237_239del (p.Pro80del)"
"1761584","VCV001761584.8","HNF4A","Uncertain significance","NM_175914.5(HNF4A):c.7A>C (p.Ser3Arg)"
"1759366","VCV001759366.9","DICER1","Uncertain significance","NM_177438.3(DICER1):c.1020G>T (p.Leu340=)"
"1746350","VCV001746350.3","GCK","Likely pathogenic","NM_000162.5(GCK):c.524G>A (p.Gly175Glu)"
"1744752","VCV001744752.7","ACVRL1","Uncertain significance","NM_000020.3(ACVRL1):c.500C>G (p.Ser167Cys)"
"1741488","VCV001741488.3","GCK","Pathogenic","NM_000162.5(GCK):c.455T>C (p.Phe152Ser)"
"1730178","VCV001730178.8","TP53","Likely benign","NM_000546.6(TP53):c.331C>G (p.Leu111Val)"
"1713278","VCV001713278.6","DICER1","Likely pathogenic","NM_177438.3(DICER1):c.5365-4A>G"
"1713223","VCV001713223.10","ATM/C11orf65","Pathogenic","NM_000051.4(ATM):c.6372C>G (p.Tyr2124Ter)"
"1710503","VCV001710503.3","RUNX1","Likely pathogenic","NM_001754.5(RUNX1):c.1110del (p.Met371fs)"
"1704126","VCV001704126.8","GCK","Likely pathogenic","NM_000162.5(GCK):c.389T>C (p.Ile130Thr)"
"1701951","VCV001701951.5","RUNX1","Likely benign","NM_001754.5(RUNX1):c.267G>A (p.Leu89=)"
"1701950","VCV001701950.2","RUNX1","Uncertain significance","NM_001754.5(RUNX1):c.161A>T (p.Glu54Val)"
"1700674","VCV001700674.6","GCK","Pathogenic","NM_000162.5(GCK):c.1247A>G (p.His416Arg)"
"1700386","VCV001700386.4","CDKL5","Likely pathogenic","NM_001323289.2(CDKL5):c.545T>C (p.Leu182Pro)"
"1700183","VCV001700183.21","MECP2","Uncertain significance","NM_001110792.2(MECP2):c.1240_1241insT (p.Pro414fs)"
"1696131","VCV001696131.8","ITGA2B","Benign","NM_000419.5(ITGA2B):c.1600+16G>T"
"1695383","VCV001695383.2","RUNX1","Pathogenic","NM_001754.5(RUNX1):c.268del (p.Val90fs)"
"1695377","VCV001695377.2","ITGB3","Pathogenic","NM_000212.3(ITGB3):c.1309G>T (p.Glu437Ter)"
"1693552","VCV001693552.5","GAA","Pathogenic","NM_000152.5(GAA):c.2411G>A (p.Trp804Ter)"
"1692645","VCV001692645.2","RUNX1","Likely benign","NM_001754.5(RUNX1):c.-59-5C>T"
"1691744","VCV001691744.4","PTEN","Likely pathogenic","NM_000314.8(PTEN):c.198G>T (p.Lys66Asn)"
"1691480","VCV001691480.4","ITGA2B","Uncertain significance","NM_000419.5(ITGA2B):c.2264G>C (p.Arg755Pro)"
"1691465","VCV001691465.3","ITGA2B","Uncertain significance","NM_000419.5(ITGA2B):c.1139G>T (p.Gly380Val)"
"1691459","VCV001691459.4","ITGB3","Likely pathogenic","NM_000212.3(ITGB3):c.989T>A (p.Ile330Asn)"
"1687238","VCV001687238.5","DICER1","Uncertain significance","NM_177438.3(DICER1):c.2257-2A>G"
"1685787","VCV001685787.5","F8","Benign","NM_000132.4(F8):c.5703C>A (p.Ile1901=)"
"1685327","VCV001685327.3","GCK","Uncertain significance","NM_000162.5(GCK):c.1017G>C (p.Glu339Asp)"
"1684814","VCV001684814.10","ITGA2B","Benign","NM_000419.5(ITGA2B):c.1374C>G (p.Ile458Met)"
"1684453","VCV001684453.2","RUNX1/RUNX1-AS1","Uncertain significance","NM_001754.5(RUNX1):c.389T>A (p.Val130Asp)"
"1684398","VCV001684398.6","RUNX1","Likely pathogenic","NM_001754.5(RUNX1):c.965C>G (p.Ser322Ter)"
"1684385","VCV001684385.4","F8","Uncertain significance","NM_000132.4(F8):c.248C>G (p.Pro83Arg)"
"1684365","VCV001684365.11","GP1BA","Likely pathogenic","NM_000173.7(GP1BA):c.434T>C (p.Leu145Pro)"
"1684322","VCV001684322.2","ITGA2B","Likely pathogenic","NM_000419.5(ITGA2B):c.2169del (p.Pro723_Met724insTer)"
"1684321","VCV001684321.2","ITGA2B","Likely pathogenic","NM_000419.5(ITGA2B):c.2174del (p.Lys725fs)"
"1683587","VCV001683587.2","IL7R","Uncertain significance","NM_002185.5(IL7R):c.41T>C (p.Leu14Ser)"
"1679555","VCV001679555.5","GCK","Uncertain significance","NM_000162.5(GCK):c.524G>C (p.Gly175Ala)"
"1679125","VCV001679125.10","RPE65","Pathogenic","NM_000329.3(RPE65):c.938A>G (p.His313Arg)"
"1670723","VCV001670723.9","MECP2","Likely benign","NM_001110792.2(MECP2):c.1156G>C (p.Glu386Gln)"
"1658090","VCV001658090.11","ABCA4","Likely benign","NM_000350.3(ABCA4):c.2884C>T (p.Leu962=)"
"1642471","VCV001642471.12","RUNX1","Likely benign","NM_001754.5(RUNX1):c.1209C>T (p.Tyr403=)"
"1604076","VCV001604076.11","MECP2","Benign","NM_001110792.2(MECP2):c.631C>T (p.Pro211Ser)"
"1602756","VCV001602756.11","RUNX1","Likely benign","NM_001754.5(RUNX1):c.58+12C>T"
"1592483","VCV001592483.12","RUNX1","Likely benign","NM_001754.5(RUNX1):c.1308C>T (p.Ser436=)"
"1587386","VCV001587386.11","RUNX1","Likely benign","NM_001754.5(RUNX1):c.990C>T (p.Phe330=)"
"1556993","VCV001556993.12","RUNX1","Likely benign","NM_001754.5(RUNX1):c.213G>A (p.Leu71=)"
"1552198","VCV001552198.11","RUNX1","Likely benign","NM_001754.5(RUNX1):c.777T>C (p.Phe259=)"
"1546102","VCV001546102.12","RUNX1","Likely benign","NM_001754.5(RUNX1):c.996C>T (p.Asp332=)"
"1533052","VCV001533052.9","RUNX1","Uncertain significance","NM_001754.5(RUNX1):c.98-17G>A"
"1528554","VCV001528554.12","RUNX1/RUNX1-AS1","Likely benign","NM_001754.5(RUNX1):c.519C>T (p.Phe173=)"
"1526094","VCV001526094.3","IDUA","Likely pathogenic","NM_000203.5(IDUA):c.589G>A (p.Gly197Ser)"
"1524507","VCV001524507.10","RUNX1","Likely benign","NM_001754.5(RUNX1):c.1038C>T (p.Arg346=)"
"1517590","VCV001517590.9","FOXN1","Uncertain significance","NM_001369369.1(FOXN1):c.928-2A>G"
"1497214","VCV001497214.6","RPGR","Uncertain significance","NM_001034853.2(RPGR):c.501T>A (p.Asn167Lys)"
"1496916","VCV001496916.11","CDKL5","Uncertain significance","NM_001323289.2(CDKL5):c.530A>G (p.Tyr177Cys)"
"1486967","VCV001486967.7","RUNX1","Likely benign","NM_001754.5(RUNX1):c.1089C>T (p.Gly363=)"
"1484777","VCV001484777.9","RUNX1/RUNX1-AS1","Likely pathogenic","NM_001754.5(RUNX1):c.401C>T (p.Ala134Val)"
"1478168","VCV001478168.18","SCN2A","Likely pathogenic","NM_001040142.2(SCN2A):c.5636T>C (p.Met1879Thr)"
"1472875","VCV001472875.7","GCK","Pathogenic","NM_000162.5(GCK):c.1228G>C (p.Gly410Arg)"
"1471754","VCV001471754.13","HNF1A","Benign","NM_000545.8(HNF1A):c.1136C>A (p.Pro379His)"
"1470027","VCV001470027.11","RPE65","Likely pathogenic","NM_000329.3(RPE65):c.1590C>A (p.Phe530Leu)"
"1465512","VCV001465512.8","RUNX1/RUNX1-AS1","Likely benign","NM_001754.5(RUNX1):c.508+4C>T"
"1460663","VCV001460663.7","RUNX1","Likely pathogenic","NM_001754.5(RUNX1):c.965del (p.Leu321_Ser322insTer)"
"1459284","VCV001459284.33","RUNX1","Likely benign","NM_001754.5(RUNX1):c.225C>T (p.Asp75=)"
"1456275","VCV001456275.9","FOXN1","Likely pathogenic","NM_001369369.1(FOXN1):c.1010del (p.Gly337fs)"
"1455223","VCV001455223.11","IDUA","Likely pathogenic","NM_000203.5(IDUA):c.536C>T (p.Thr179Met)"
"1451826","VCV001451826.9","SGCG","Uncertain significance","NM_000231.3(SGCG):c.66T>A (p.Tyr22Ter)"
"1445004","VCV001445004.9","RPE65","Pathogenic","NM_000329.3(RPE65):c.1580A>G (p.His527Arg)"
"1438811","VCV001438811.11","DCLRE1C","Likely pathogenic","NM_001033855.3(DCLRE1C):c.95C>T (p.Ser32Phe)"
"1438062","VCV001438062.9","ITGB3","Uncertain significance","NM_000212.3(ITGB3):c.55del (p.Ala19fs)"
"1433815","VCV001433815.10","DYSF","Pathogenic","NM_001130987.2(DYSF):c.2266C>T (p.Gln756Ter)"
"1420866","VCV001420866.9","GAMT","Likely pathogenic","NM_000156.6(GAMT):c.520T>C (p.Trp174Arg)"
"1409309","VCV001409309.10","GAA","Likely pathogenic","NM_000152.5(GAA):c.2189+3G>C"
"1407049","VCV001407049.14","ATM/C11orf65","Uncertain significance","NM_000051.4(ATM):c.8599G>C (p.Gly2867Arg)"
"1406981","VCV001406981.9","ADA","Likely pathogenic","NM_000022.4(ADA):c.603C>A (p.Tyr201Ter)"
"1406308","VCV001406308.12","PTEN","Likely pathogenic","NM_000314.8(PTEN):c.334C>G (p.Leu112Val)"
"1399221","VCV001399221.10","SNHG14/UBE3A","Uncertain significance","NM_130839.5(UBE3A):c.1310G>A (p.Arg437Gln)"
"1398841","VCV001398841.9","RUNX1","Likely benign","NM_001754.5(RUNX1):c.968-8C>A"
"1398400","VCV001398400.11","BMPR2","Uncertain significance","NM_001204.7(BMPR2):c.2526G>T (p.Arg842Ser)"
"1393864","VCV001393864.8","IL7R","Uncertain significance","NM_002185.5(IL7R):c.135G>C (p.Gln45His)"
"1384058","VCV001384058.9","HNF1A","Likely pathogenic","NM_000545.8(HNF1A):c.511C>G (p.Arg171Gly)"
"1381345","VCV001381345.8","ACVRL1","Likely pathogenic","NM_000020.3(ACVRL1):c.151T>G (p.Cys51Gly)"
"1371213","VCV001371213.8","RUNX1","Likely benign","NM_001754.5(RUNX1):c.956G>A (p.Ser319Asn)"
"1369885","VCV001369885.7","IL2RG","Likely pathogenic","NM_000206.3(IL2RG):c.216C>A (p.Cys72Ter)"
"1368262","VCV001368262.8","RUNX1","Uncertain significance","NM_001754.5(RUNX1):c.968-3C>T"
"1367009","VCV001367009.9","ABCA4","Uncertain significance","NM_000350.3(ABCA4):c.5986G>A (p.Ala1996Thr)"
"1364174","VCV001364174.7","DCLRE1C","Likely pathogenic","NM_001033855.3(DCLRE1C):c.180C>A (p.Tyr60Ter)"
"1348351","VCV001348351.11","RUNX1","Likely pathogenic","NM_001754.5(RUNX1):c.805+1G>T"
"1348299","VCV001348299.18","GAA","Likely pathogenic","NM_000152.5(GAA):c.1903A>G (p.Asn635Asp)"
"1342951","VCV001342951.4","HNF1A","Pathogenic","NM_000545.8(HNF1A):c.17G>A (p.Ser6Asn)"
"1342669","VCV001342669.4","SCN2A","Uncertain significance","NM_001040142.2(SCN2A):c.1108T>C (p.Phe370Leu)"
"1338564","VCV001338564.5","RUNX1","Likely pathogenic","NM_001754.5(RUNX1):c.1142_1145dup (p.Pro383fs)"
"1338528","VCV001338528.8","RUNX1/RUNX1-AS1","Likely pathogenic","NM_001754.5(RUNX1):c.508G>C (p.Gly170Arg)"
"1338462","VCV001338462.8","HNF1A","Likely pathogenic","NM_000545.8(HNF1A):c.415C>T (p.Leu139Phe)"
"1338172","VCV001338172.5","RUNX1","Likely benign","NM_001754.5(RUNX1):c.1323G>C (p.Leu441=)"
"1338044","VCV001338044.5","RUNX1","Pathogenic","NM_001754.5(RUNX1):c.830del (p.Pro277fs)"
"1336530","VCV001336530.11","ITGA2B","Likely benign","NM_000419.5(ITGA2B):c.1210+8A>G"
"1335461","VCV001335461.35","ADA","Likely pathogenic","NM_000022.4(ADA):c.763G>T (p.Glu255Ter)"
"1335387","VCV001335387.36","CYP1B1","Pathogenic","NM_000104.4(CYP1B1):c.797GCAACTTCA[1] (p.Ser269_Phe271del)"
"1334161","VCV001334161.15","GJB2","Uncertain significance","NM_004004.6(GJB2):c.585G>C (p.Met195Ile)"
"1330339","VCV001330339.7","ITGB3/LOC130061045","Pathogenic","NM_000212.3(ITGB3):c.856G>A (p.Gly286Arg)"
"1327504","VCV001327504.5","GAA","Pathogenic","NM_000152.5(GAA):c.827_845del (p.Ile276fs)"
"1327501","VCV001327501.5","GAA","Pathogenic","NM_000152.5(GAA):c.971dup (p.Ser325fs)"
"1323540","VCV001323540.5","RUNX1","Likely pathogenic","NM_001754.5(RUNX1):c.957_958insG (p.Arg320fs)"
"1323115","VCV001323115.4","IL7R","Likely pathogenic","NM_002185.5(IL7R):c.235G>T (p.Glu79Ter)"
"1322192","VCV001322192.15","DCLRE1C","Pathogenic","NM_001033855.3(DCLRE1C):c.571C>T (p.Arg191Ter)"
"1321180","VCV001321180.11","RPE65","Pathogenic","NM_000329.3(RPE65):c.1451-1G>A"
"1319385","VCV001319385.5","RUNX1","Likely benign","NM_001754.5(RUNX1):c.98-21T>C"
"1318841","VCV001318841.8","RUNX1","Likely benign","NM_001754.5(RUNX1):c.1272G>A (p.Ser424=)"
"1309924","VCV001309924.9","BMPR2","Uncertain significance","NM_001204.7(BMPR2):c.1087C>G (p.Leu363Val)"
"1305363","VCV001305363.3","GAMT/LOC130062945","Likely pathogenic","NM_000156.6(GAMT):c.114C>T (p.Gly38=)"
"1303265","VCV001303265.5","MECP2","Likely benign","NM_001110792.2(MECP2):c.1151_1154delinsCCCA (p.His384_Ser385delinsProGln)"
"1303122","VCV001303122.8","ACTA1","Likely pathogenic","NM_001100.4(ACTA1):c.1043T>A (p.Leu348Gln)"
"1303094","VCV001303094.3","GCK","Likely pathogenic","NM_000162.5(GCK):c.1166TCA[1] (p.Ile390del)"
"1299751","VCV001299751.5","HNF4A","Likely pathogenic","NM_175914.5(HNF4A):c.3G>A (p.Met1Ile)"
"1299600","VCV001299600.7","GCK","Likely benign","NM_000162.5(GCK):c.142G>A (p.Glu48Lys)"
"1285165","VCV001285165.15","GP1BA","Benign","NM_000173.7(GP1BA):c.206C>T (p.Pro69Leu)"
"1270876","VCV001270876.2","RUNX1/RUNX1-AS1","Likely benign","NM_001754.5(RUNX1):c.352-141_352-137del"
"1256306","VCV001256306.11","GCK","Likely pathogenic","NM_000162.5(GCK):c.1147T>C (p.Ser383Pro)"
"1253809","VCV001253809.9","RYR1","Pathogenic","NM_000540.3(RYR1):c.8310+1G>T"
"1220767","VCV001220767.4","RUNX1/RUNX1-AS1","Likely benign","NM_001754.5(RUNX1):c.352-292T>C"
"1219872","VCV001219872.5","RUNX1/RUNX1-AS1","Benign","NM_001754.5(RUNX1):c.613+108G>A"
"1219617","VCV001219617.17","GAA","Uncertain significance","NM_000152.5(GAA):c.1940G>T (p.Cys647Phe)"
"1215092","VCV001215092.11","SLC9A6","Benign","NM_001379110.1(SLC9A6):c.1269G>C (p.Lys423Asn)"
"1213912","VCV001213912.6","RPE65","Likely pathogenic","NM_000329.3(RPE65):c.143G>A (p.Gly48Glu)"
"1212000","VCV001212000.5","MECP2","Likely benign","NM_001110792.2(MECP2):c.1244C>G (p.Pro415Arg)"
"1211932","VCV001211932.4","RUNX1","Likely pathogenic","NM_001754.5(RUNX1):c.1221C>G (p.Tyr407Ter)"
"1210204","VCV001210204.2","EFCAB13-DT/ITGB3","Likely pathogenic","NM_000212.3(ITGB3):c.2302-1G>A"
"1200483","VCV001200483.11","RUNX1","Benign","NM_001754.5(RUNX1):c.-59-1G>A"
"1199613","VCV001199613.5","RUNX1/RUNX1-AS1","Benign","NM_001754.5(RUNX1):c.613+158C>T"
"1199408","VCV001199408.13","FOXN1","Likely pathogenic","NM_001369369.1(FOXN1):c.1364_1367del (p.Tyr455fs)"
"1199323","VCV001199323.9","IL2RG","Likely benign","NM_000206.3(IL2RG):c.1061A>G (p.His354Arg)"
"1190471","VCV001190471.16","GAA","Uncertain significance","NM_000152.5(GAA):c.701C>T (p.Thr234Met)"
"1187938","VCV001187938.5","TCF4","Likely benign","NM_001083962.2(TCF4):c.8A>G (p.His3Arg)"
"1187157","VCV001187157.3","RUNX1","Benign","NM_001754.5(RUNX1):c.98-1411_98-1410del"
"1186689","VCV001186689.29","HNF4A","Likely pathogenic","NM_175914.5(HNF4A):c.691C>T (p.Arg231Trp)"
"1184933","VCV001184933.6","LZTR1","Uncertain significance","NM_006767.4(LZTR1):c.1687G>C (p.Glu563Gln)"
"1182096","VCV001182096.13","PTEN","Pathogenic","NM_000314.8(PTEN):c.209+4A>G"
"1180314","VCV001180314.6","ABCA4","Likely benign","NM_000350.3(ABCA4):c.1356+11_1356+12insG"
"1177402","VCV001177402.5","NEB","Uncertain significance","NM_001164508.2(NEB):c.1015del (p.Ala339fs)"
"1172577","VCV001172577.1","IL2RG","Uncertain significance","NM_000206.3(IL2RG):c.655T>C (p.Tyr219His)"
"1170846","VCV001170846.15","MECP2","Benign","NM_001110792.2(MECP2):c.1171C>T (p.Pro391Ser)"
"1170692","VCV001170692.12","SERPINC1","Likely pathogenic","NM_000488.4(SERPINC1):c.439A>G (p.Thr147Ala)"
"1170282","VCV001170282.8","FOXN1","Likely benign","NM_001369369.1(FOXN1):c.1664C>T (p.Ala555Val)"
"1169227","VCV001169227.23","RPGR","Likely benign","NM_001034853.2(RPGR):c.1105C>T (p.Arg369Cys)"
"1164535","VCV001164535.12","RS1","Likely benign","NM_000330.4(RS1):c.150G>T (p.Trp50Cys)"
"1162089","VCV001162089.12","RUNX1","Likely benign","NM_001754.5(RUNX1):c.1383C>T (p.Asn461=)"
"1156194","VCV001156194.12","RUNX1","Likely benign","NM_001754.5(RUNX1):c.84T>C (p.Ser28=)"
"1155928","VCV001155928.13","RUNX1","Likely benign","NM_001754.5(RUNX1):c.735C>T (p.Pro245=)"
"1151351","VCV001151351.12","DNM2","Benign","NM_001005361.3(DNM2):c.654C>T (p.Asp218=)"
"1144398","VCV001144398.9","DCLRE1C","Uncertain significance","NM_001033855.3(DCLRE1C):c.291T>C (p.Asp97=)"
"1142515","VCV001142515.10","RUNX1","Uncertain significance","NM_001754.5(RUNX1):c.806-7T>G"
"1142221","VCV001142221.10","RUNX1/RUNX1-AS1","Uncertain significance","NM_001754.5(RUNX1):c.352-12_352-9del"
"1141521","VCV001141521.12","RUNX1/RUNX1-AS1","Likely benign","NM_001754.5(RUNX1):c.513A>G (p.Lys171=)"
"1130279","VCV001130279.10","RUNX1","Uncertain significance","NM_001754.5(RUNX1):c.614-5A>G"
"1128874","VCV001128874.13","RUNX1","Likely benign","NM_001754.5(RUNX1):c.172C>T (p.Leu58=)"
"1117757","VCV001117757.10","RPE65","Uncertain significance","NM_000329.3(RPE65):c.353+7G>A"
"1115091","VCV001115091.13","RUNX1","Likely benign","NM_001754.5(RUNX1):c.1221C>T (p.Tyr407=)"
"1114376","VCV001114376.13","RUNX1","Likely benign","NM_001754.5(RUNX1):c.891C>T (p.His297=)"
"1112108","VCV001112108.13","BMPR2","Likely benign","NM_001204.7(BMPR2):c.1037C>A (p.Thr346Asn)"
"1109435","VCV001109435.11","FOXG1","Uncertain significance","NM_005249.5(FOXG1):c.313_314insAGCCGC (p.Leu104_Pro105insGlnPro)"
"1098776","VCV001098776.29","FBN1","Likely pathogenic","NM_000138.5(FBN1):c.7409G>T (p.Cys2470Phe)"
"1097518","VCV001097518.13","RUNX1","Likely benign","NM_001754.5(RUNX1):c.117C>T (p.Arg39=)"
"1094989","VCV001094989.12","RUNX1","Likely benign","NM_001754.5(RUNX1):c.255C>T (p.His85=)"
"1094336","VCV001094336.9","SERPINC1","Likely benign","NM_000488.4(SERPINC1):c.719A>G (p.Asn240Ser)"
"1082500","VCV001082500.13","RUNX1","Likely benign","NM_001754.5(RUNX1):c.27A>C (p.Ser9=)"
"1077574","VCV001077574.13","RUNX1","Uncertain significance","NM_001754.5(RUNX1):c.98-4G>A"
"1068066","VCV001068066.9","IL2RG/LOC126863274","Pathogenic","NM_000206.3(IL2RG):c.116-1G>A"
"1066305","VCV001066305.20","LZTR1","Likely pathogenic","NM_006767.4(LZTR1):c.263+1G>A"
"1066149","VCV001066149.11","IL2RG","Pathogenic","NM_000206.3(IL2RG):c.184T>C (p.Cys62Arg)"
"1057551","VCV001057551.14","DICER1","Uncertain significance","NM_177438.3(DICER1):c.1472A>G (p.Asn491Ser)"
"1055290","VCV001055290.12","DICER1","Uncertain significance","NM_177438.3(DICER1):c.1261G>A (p.Asp421Asn)"
"1051987","VCV001051987.14","ACTA1","Likely pathogenic","NM_001100.4(ACTA1):c.617-5C>A"
"1050623","VCV001050623.8","RAG1","Uncertain significance","NM_000448.3(RAG1):c.2291G>A (p.Arg764His)"
"1050028","VCV001050028.8","APC","Likely pathogenic","NM_000038.6(APC):c.423-8A>G"
"1048589","VCV001048589.17","GAA","Uncertain significance","NM_000152.5(GAA):c.2783A>G (p.Tyr928Cys)"
"1047160","VCV001047160.9","TCF4","Likely benign","NM_001083962.2(TCF4):c.1951C>G (p.Pro651Ala)"
"1045299","VCV001045299.9","RUNX1","Likely pathogenic","NM_001754.5(RUNX1):c.316T>C (p.Trp106Arg)"
"1041897","VCV001041897.7","RUNX1","Likely pathogenic","NM_001754.5(RUNX1):c.1214_1217dup (p.Tyr407fs)"
"1028611","VCV001028611.8","IL2RG","Pathogenic","NM_000206.3(IL2RG):c.269+1G>T"
"1025291","VCV001025291.10","APC","Likely pathogenic","NM_000038.6(APC):c.933G>C (p.Lys311Asn)"
"1023481","VCV001023481.9","SLC6A8","Likely pathogenic","NM_005629.4(SLC6A8):c.191_193del (p.Ser64del)"
"1021635","VCV001021635.9","FOXG1","Likely benign","NM_005249.5(FOXG1):c.227C>T (p.Pro76Leu)"
"1015734","VCV001015734.11","RUNX1","Likely benign","NM_001754.5(RUNX1):c.998C>T (p.Pro333Leu)"
"1012092","VCV001012092.9","PTEN","Likely pathogenic","NM_000314.8(PTEN):c.113C>A (p.Pro38His)"
"1010655","VCV001010655.11","MECP2","Benign","NM_001110792.2(MECP2):c.1289T>C (p.Met430Thr)"
"1007447","VCV001007447.10","RUNX1","Likely benign","NM_001754.5(RUNX1):c.258G>A (p.Pro86=)"
"996200","VCV000996200.4","ITGA2B","Likely pathogenic","NM_000419.5(ITGA2B):c.1021G>A (p.Ala341Thr)"
"996158","VCV000996158.3","ITGA2B","Pathogenic","NM_000419.5(ITGA2B):c.2613del (p.Leu872fs)"
"995686","VCV000995686.16","ENG/LOC102723566","Likely pathogenic","NM_001114753.3(ENG):c.1645T>G (p.Cys549Gly)"
"995600","VCV000995600.13","ENG","Likely pathogenic","NM_001114753.3(ENG):c.1807G>A (p.Gly603Arg)"
"995373","VCV000995373.3","GCK","Likely pathogenic","NM_000162.5(GCK):c.737G>A (p.Gly246Glu)"
"995370","VCV000995370.4","GCK","Pathogenic","NM_000162.5(GCK):c.454T>C (p.Phe152Leu)"
"995121","VCV000995121.6","HNF4A","Pathogenic","NM_175914.5(HNF4A):c.334C>T (p.Arg112Trp)"
"994542","VCV000994542.19","HNF1A","Uncertain significance","NM_000545.8(HNF1A):c.1637A>C (p.Asp546Ala)"
"993809","VCV000993809.20","BMPR2","Likely benign","NM_001204.7(BMPR2):c.2186G>C (p.Gly729Ala)"
"993226","VCV000993226.10","LDLR","Likely pathogenic","NM_000527.5(LDLR):c.1567G>C (p.Val523Leu)"
"993127","VCV000993127.8","VWF","Likely benign","NM_000552.5(VWF):c.2510C>A (p.Ala837Asp)"
"988867","VCV000988867.5","RUNX1","Uncertain significance","NM_001754.5(RUNX1):c.1270T>G (p.Ser424Ala)"
"988809","VCV000988809.2","RUNX1","Uncertain significance","NM_001754.5(RUNX1):c.98-1G>A"
"988616","VCV000988616.11","TP53","Pathogenic","NM_000546.6(TP53):c.840A>T (p.Arg280Ser)"
"983781","VCV000983781.9","ADA","Likely pathogenic","NM_000022.4(ADA):c.516C>A (p.Tyr172Ter)"
"982610","VCV000982610.4","GCK","Uncertain significance","NM_000162.5(GCK):c.1154G>A (p.Gly385Glu)"
"982495","VCV000982495.13","ENG/LOC102723566","Likely pathogenic","NM_001114753.3(ENG):c.1268A>G (p.Asn423Ser)"
"974639","VCV000974639.9","GUCY2D","Likely pathogenic","NM_000180.4(GUCY2D):c.2132C>T (p.Pro711Leu)"
"973960","VCV000973960.9","RPE65","Pathogenic","NM_000329.3(RPE65):c.993G>A (p.Trp331Ter)"
"973956","VCV000973956.5","RPE65","Likely pathogenic","NM_000329.3(RPE65):c.571A>G (p.Asn191Asp)"
"973955","VCV000973955.13","RPE65","Likely pathogenic","NM_000329.3(RPE65):c.246-11A>G"
"973858","VCV000973858.13","TP53","Likely pathogenic","NM_000546.6(TP53):c.482_487del (p.Ala161_Tyr163delinsAsp)"
"973830","VCV000973830.24","LZTR1","Pathogenic","NM_006767.4(LZTR1):c.993+1G>A"
"973191","VCV000973191.5","GCK","Pathogenic","NM_000162.5(GCK):c.1148del (p.Ser383fs)"
"972785","VCV000972785.6","HNF4A","Uncertain significance","NM_175914.5(HNF4A):c.589C>A (p.Leu197Met)"
"972784","VCV000972784.8","HNF4A","Uncertain significance","NM_175914.5(HNF4A):c.422G>A (p.Arg141Gln)"
"972774","VCV000972774.5","GCK","Likely benign","NM_000162.5(GCK):c.203G>A (p.Gly68Asp)"
"972756","VCV000972756.6","HNF1A","Likely benign","NM_000545.8(HNF1A):c.503G>A (p.Arg168His)"
"972755","VCV000972755.5","HNF1A","Uncertain significance","NM_000545.8(HNF1A):c.703G>C (p.Glu235Gln)"
"972751","VCV000972751.11","HNF1A","Likely pathogenic","NM_000545.8(HNF1A):c.343G>T (p.Val115Leu)"
"971945","VCV000971945.21","GAA","Uncertain significance","NM_000152.5(GAA):c.316C>T (p.Arg106Cys)"
"969463","VCV000969463.34","MECP2","Benign","NM_001110792.2(MECP2):c.55G>A (p.Glu19Lys)"
"968598","VCV000968598.12","RPE65","Likely pathogenic","NM_000329.3(RPE65):c.124C>T (p.Leu42Phe)"
"964193","VCV000964193.10","RPE65","Likely pathogenic","NM_000329.3(RPE65):c.536C>T (p.Ala179Val)"
"957296","VCV000957296.14","ABCA4","Likely pathogenic","NM_000350.3(ABCA4):c.2900C>T (p.Ala967Val)"
"953502","VCV000953502.26","CEP290","Pathogenic","NM_025114.4(CEP290):c.4655AAG[2] (p.Glu1554del)"
"953057","VCV000953057.7","ITGA2B","Pathogenic","NM_000419.5(ITGA2B):c.2965del (p.Ala989fs)"
"947844","VCV000947844.11","RUNX1","Likely benign","NM_001754.5(RUNX1):c.1053C>T (p.Gly351=)"
"945025","VCV000945025.6","DCLRE1C","Likely benign","NM_001033855.3(DCLRE1C):c.572G>A (p.Arg191Gln)"
"942974","VCV000942974.13","USH2A","Uncertain significance","NM_206933.4(USH2A):c.4823A>G (p.His1608Arg)"
"942968","VCV000942968.12","SLC6A8","Likely benign","NM_005629.4(SLC6A8):c.1483G>A (p.Ala495Thr)"
"942448","VCV000942448.12","RPE65","Likely pathogenic","NM_000329.3(RPE65):c.917C>T (p.Thr306Ile)"
"941841","VCV000941841.11","SLC6A8","Uncertain significance","NM_005629.4(SLC6A8):c.467_469del (p.Phe156del)"
"941268","VCV000941268.15","ACADVL","Likely pathogenic","NM_000018.4(ACADVL):c.878+1G>C"
"940222","VCV000940222.15","BRCA2","Pathogenic","NM_000059.4(BRCA2):c.8754+5G>C"
"936561","VCV000936561.23","PTEN","Pathogenic","NM_000314.8(PTEN):c.212G>A (p.Cys71Tyr)"
"936307","VCV000936307.13","RAG1","Uncertain significance","NM_000448.3(RAG1):c.1088G>A (p.Cys363Tyr)"
"935255","VCV000935255.43","CAPN3","Pathogenic","NM_000070.3(CAPN3):c.1865_1866del (p.Glu622fs)"
"934697","VCV000934697.10","CEP290","Pathogenic","NM_025114.4(CEP290):c.1753C>T (p.Gln585Ter)"
"934410","VCV000934410.16","TP53","Likely pathogenic","NM_000546.6(TP53):c.379T>C (p.Ser127Pro)"
"933119","VCV000933119.9","DICER1","Uncertain significance","NM_177438.3(DICER1):c.4889G>T (p.Arg1630Leu)"
"933019","VCV000933019.7","DICER1","Uncertain significance","NM_177438.3(DICER1):c.2461C>T (p.Arg821Cys)"
"932987","VCV000932987.7","DICER1","Pathogenic","NM_177438.3(DICER1):c.5113G>A (p.Glu1705Lys)"
"932843","VCV000932843.9","ACADVL","Likely pathogenic","NM_000018.4(ACADVL):c.746G>A (p.Trp249Ter)"
"932221","VCV000932221.25","GAA","Likely pathogenic","NM_000152.5(GAA):c.1820G>A (p.Gly607Asp)"
"931873","VCV000931873.4","RUNX1","Likely pathogenic","NM_001754.5(RUNX1):c.1277_1278insCCCCCCCCCCC (p.Arg427fs)"
"931135","VCV000931135.16","DNM2","Likely pathogenic","NM_001005361.3(DNM2):c.1948G>A (p.Glu650Lys)"
"928882","VCV000928882.14","RMRP","Likely pathogenic","NR_003051.4(RMRP):n.195G>A"
"927875","VCV000927875.21","KCNQ1","Likely benign","NM_000218.3(KCNQ1):c.1252G>A (p.Val418Ile)"
"926526","VCV000926526.6","LDLR","Uncertain significance","NM_000527.5(LDLR):c.1366C>T (p.Leu456Phe)"
"917409","VCV000917409.16","HNF4A","Benign","NM_175914.5(HNF4A):c.724G>A (p.Val242Met)"
"911766","VCV000911766.9","GCK","Likely benign","NM_000162.5(GCK):c.10G>A (p.Asp4Asn)"
"908615","VCV000908615.7","GCK","Benign","NM_000162.5(GCK):c.1024A>C (p.Thr342Pro)"
"898915","VCV000898915.12","RUNX1","Likely benign","NM_001754.5(RUNX1):c.59-12C>G"
"898790","VCV000898790.5","RUNX1","Likely benign","NM_001754.5(RUNX1):c.*1788A>G"
"898486","VCV000898486.14","BMPR2","Uncertain significance","NM_001204.7(BMPR2):c.1698T>A (p.Ile566=)"
"898481","VCV000898481.12","BMPR2","Likely benign","NM_001204.7(BMPR2):c.1512T>G (p.Leu504=)"
"897773","VCV000897773.9","RUNX1/RUNX1-AS1","Likely benign","NM_001754.5(RUNX1):c.585C>T (p.Ile195=)"
"897628","VCV000897628.5","RUNX1","Likely benign","NM_001754.5(RUNX1):c.*1967G>A"
"897238","VCV000897238.8","BMPR2","Benign","NM_001204.7(BMPR2):c.-924A>G"
"896040","VCV000896040.5","RUNX1","Likely benign","NM_001754.5(RUNX1):c.*2531C>T"
"895825","VCV000895825.5","RUNX1","Likely benign","NM_001754.5(RUNX1):c.*1158C>G"
"892241","VCV000892241.8","ITGA2B","Likely benign","NM_000419.5(ITGA2B):c.2862G>A (p.Val954=)"
"892239","VCV000892239.8","ITGA2B","Likely benign","NM_000419.5(ITGA2B):c.3061-4C>T"
"891955","VCV000891955.8","ITGB3","Likely benign","NM_000212.3(ITGB3):c.1605C>T (p.His535=)"
"891087","VCV000891087.7","ITGA2B","Uncertain significance","NM_000419.5(ITGA2B):c.1888G>A (p.Val630Ile)"
"890675","VCV000890675.15","LOC126862757/TCF4","Benign","NM_001083962.2(TCF4):c.903C>T (p.Asn301=)"
"890528","VCV000890528.12","ITGA2B","Likely benign","NM_000419.5(ITGA2B):c.2348+15G>A"
"889447","VCV000889447.9","ITGB3","Likely benign","NM_000212.3(ITGB3):c.261C>G (p.Ala87=)"
"888872","VCV000888872.14","DNM2","Benign","NM_001005361.3(DNM2):c.2414C>T (p.Ser805Leu)"
"879138","VCV000879138.13","RAG1","Likely benign","NM_000448.3(RAG1):c.486T>A (p.Asp162Glu)"
"876603","VCV000876603.7","SERPINC1","Likely benign","NM_000488.4(SERPINC1):c.47T>C (p.Val16Ala)"
"875116","VCV000875116.15","RPE65","Uncertain significance","NM_000329.3(RPE65):c.1129-5C>T"
"874235","VCV000874235.13","RPE65","Uncertain significance","NM_000329.3(RPE65):c.859-11C>T"
"872112","VCV000872112.45","UBE3A","Uncertain significance","NM_130839.5(UBE3A):c.1609-8A>G"
"871729","VCV000871729.23","KCNQ1","Uncertain significance","NM_000218.3(KCNQ1):c.604+3_604+6dup"
"871507","VCV000871507.43","ABCA4","Pathogenic","NM_000350.3(ABCA4):c.5753A>T (p.Asp1918Val)"
"870846","VCV000870846.24","SERPINC1","Likely benign","NM_000488.4(SERPINC1):c.29C>A (p.Thr10Asn)"
"870346","VCV000870346.10","RPE65","Likely pathogenic","NM_000329.3(RPE65):c.484A>C (p.Thr162Pro)"
"870345","VCV000870345.2","RPE65","Pathogenic","NM_000329.3(RPE65):c.354G>T (p.Arg118Ser)"
"870344","VCV000870344.10","RPE65","Likely pathogenic","NM_000329.3(RPE65):c.1328T>C (p.Val443Ala)"
"870343","VCV000870343.12","RPE65","Pathogenic","NM_000329.3(RPE65):c.1380G>A (p.Trp460Ter)"
"869415","VCV000869415.8","FOXN1","Pathogenic","NM_001369369.1(FOXN1):c.1465del (p.Gln489fs)"
"869245","VCV000869245.13","HBB/LOC106099062/LOC107133510","Uncertain significance","NM_000518.5(HBB):c.92+13G>T"
"866922","VCV000866922.16","CEP290","Likely pathogenic","NM_025114.4(CEP290):c.2414T>C (p.Leu805Pro)"
"866638","VCV000866638.5","RPGR","Likely pathogenic","NM_001034853.2(RPGR):c.823G>C (p.Gly275Arg)"
"866507","VCV000866507.3","RPE65","Likely pathogenic","NM_000329.3(RPE65):c.331C>A (p.Pro111Thr)"
"866421","VCV000866421.7","ABCA4","Likely pathogenic","NM_000350.3(ABCA4):c.629T>A (p.Leu210Gln)"
"866404","VCV000866404.4","RS1","Likely pathogenic","NM_000330.4(RS1):c.176G>A (p.Cys59Tyr)"
"866339","VCV000866339.17","CEP290","Likely pathogenic","NM_025114.4(CEP290):c.5254C>T (p.Arg1752Trp)"
"865946","VCV000865946.10","RPE65","Likely pathogenic","NM_000329.3(RPE65):c.302C>T (p.Thr101Ile)"
"865888","VCV000865888.6","RPGR","Pathogenic","NM_001034853.2(RPGR):c.247+5G>A"
"865841","VCV000865841.11","RPE65","Likely pathogenic","NM_000329.3(RPE65):c.1040G>A (p.Arg347His)"
"864108","VCV000864108.24","GAA","Uncertain significance","NM_000152.5(GAA):c.842G>A (p.Arg281Gln)"
"863657","VCV000863657.11","SERPINC1","Pathogenic","NM_000488.4(SERPINC1):c.1157T>C (p.Ile386Thr)"
"859216","VCV000859216.41","GUCY2D","Uncertain significance","NM_000180.4(GUCY2D):c.2179G>A (p.Gly727Ser)"
"858838","VCV000858838.11","DYSF","Likely pathogenic","NM_001130987.2(DYSF):c.6125G>A (p.Gly2042Asp)"
"857533","VCV000857533.11","RAG2","Uncertain significance","NM_000536.4(RAG2):c.53G>T (p.Gly18Val)"
"857069","VCV000857069.11","RAG2","Uncertain significance","NM_000536.4(RAG2):c.501A>C (p.Arg167Ser)"
"856299","VCV000856299.11","TP53","Pathogenic","NM_000546.6(TP53):c.761T>A (p.Ile254Asn)"
"854960","VCV000854960.15","GAMT","Uncertain significance","NM_000156.6(GAMT):c.440_441del (p.His147fs)"
"854239","VCV000854239.9","RUNX1","Likely benign","NM_001754.5(RUNX1):c.1030G>A (p.Asp344Asn)"
"854099","VCV000854099.10","GAMT","Pathogenic","NM_000156.6(GAMT):c.328-2A>G"
"853965","VCV000853965.13","GATM","Uncertain significance","NM_001482.3(GATM):c.297A>G (p.Thr99=)"
"852208","VCV000852208.8","FOXN1","Uncertain significance","NM_001369369.1(FOXN1):c.361G>A (p.Ala121Thr)"
"851266","VCV000851266.13","MECP2","Likely benign","NM_001110792.2(MECP2):c.641C>G (p.Ala214Gly)"
"850613","VCV000850613.10","RPE65","Likely pathogenic","NM_000329.3(RPE65):c.1301C>A (p.Ala434Glu)"
"848699","VCV000848699.12","ACVRL1","Likely pathogenic","NM_000020.3(ACVRL1):c.982C>T (p.His328Tyr)"
"846000","VCV000846000.11","RUNX1/RUNX1-AS1","Likely benign","NM_001754.5(RUNX1):c.508+6T>C"
"843641","VCV000843641.16","TP53","Pathogenic","NM_000546.6(TP53):c.754_762del (p.Leu252_Ile254del)"
"839263","VCV000839263.13","ABCA4","Uncertain significance","NM_000350.3(ABCA4):c.5383T>G (p.Leu1795Val)"
"836280","VCV000836280.13","DICER1","Likely pathogenic","NM_177438.3(DICER1):c.1908-3C>G"
"836080","VCV000836080.10","RUNX1","Uncertain significance","NM_001754.5(RUNX1):c.1367_1426dup (p.Glu456_Ala475dup)"
"835308","VCV000835308.12","RUNX1/RUNX1-AS1","Likely benign","NM_001754.5(RUNX1):c.510G>T (p.Gly170=)"
"827578","VCV000827578.4","FOXN1","Likely pathogenic","NM_001369369.1(FOXN1):c.1418del (p.Pro473fs)"
"827572","VCV000827572.11","FOXN1","Pathogenic","NM_001369369.1(FOXN1):c.958C>T (p.Arg320Trp)"
"822326","VCV000822326.12","APC","Uncertain significance","NM_000038.6(APC):c.835-17A>G"
"820795","VCV000820795.9","PTEN","Likely pathogenic","NM_000314.8(PTEN):c.213T>G (p.Cys71Trp)"
"818179","VCV000818179.15","GAMT","Pathogenic","NM_000156.6(GAMT):c.505T>C (p.Cys169Arg)"
"817462","VCV000817462.12","ACTA1","Pathogenic","NM_001100.4(ACTA1):c.217dup (p.Ile73fs)"
"813972","VCV000813972.6","DYSF","Likely pathogenic","NM_001130987.2(DYSF):c.850A>G (p.Thr284Ala)"
"813969","VCV000813969.6","DYSF","Likely pathogenic","NM_001130987.2(DYSF):c.5921C>T (p.Pro1974Leu)"
"812738","VCV000812738.3","RUNX1","Uncertain significance","NM_001754.5(RUNX1):c.1164del (p.Ser389fs)"
"812420","VCV000812420.9","RPGR","Pathogenic","NM_001034853.2(RPGR):c.592G>A (p.Gly198Arg)"
"811810","VCV000811810.11","F8","Uncertain significance","NM_000132.4(F8):c.5815G>C (p.Ala1939Pro)"
"811513","VCV000811513.9","F9","Likely pathogenic","NM_000133.4(F9):c.1325G>A (p.Gly442Glu)"
"811223","VCV000811223.20","RPE65","Likely benign","NM_000329.3(RPE65):c.1129-14A>G"
"811219","VCV000811219.14","F8","Pathogenic","NM_000132.4(F8):c.6622C>G (p.Gln2208Glu)"
"810971","VCV000810971.10","F8","Benign","NM_000132.4(F8):c.6276G>A (p.Val2092=)"
"810849","VCV000810849.7","LDLR","Likely pathogenic","NM_000527.5(LDLR):c.1981C>G (p.Pro661Ala)"
"810564","VCV000810564.42","RPGR","Likely pathogenic","NM_001034853.2(RPGR):c.3373C>T (p.Gln1125Ter)"
"804918","VCV000804918.26","HNF4A","Pathogenic","NM_175914.5(HNF4A):c.869G>A (p.Arg290His)"
"804852","VCV000804852.14","GCK","Pathogenic","NM_000162.5(GCK):c.629T>C (p.Met210Thr)"
"804837","VCV000804837.6","GCK","Pathogenic","NM_000162.5(GCK):c.1156C>G (p.Leu386Val)"
"804834","VCV000804834.4","GCK","Likely pathogenic","NM_000162.5(GCK):c.1136C>T (p.Ala379Val)"
"804215","VCV000804215.7","HBA2/LOC106804612","Likely pathogenic","NM_000517.6(HBA2):c.313T>C (p.Cys105Arg)"
"804214","VCV000804214.10","TP53","Pathogenic","NM_000546.6(TP53):c.428T>C (p.Val143Ala)"
"804101","VCV000804101.9","SLC6A8","Likely pathogenic","NM_005629.4(SLC6A8):c.1396G>A (p.Gly466Arg)"
"804100","VCV000804100.5","SLC6A8","Uncertain significance","NM_005629.4(SLC6A8):c.1068C>T (p.Gly356=)"
"804024","VCV000804024.5","IL2RG","Uncertain significance","NM_000206.3(IL2RG):c.292A>G (p.Lys98Glu)"
"803716","VCV000803716.3","CDKL5","Uncertain significance","NM_001323289.2(CDKL5):c.364G>A (p.Ala122Thr)"
"802861","VCV000802861.35","ACVRL1","Likely benign","NM_000020.3(ACVRL1):c.652C>T (p.Arg218Trp)"
"802564","VCV000802564.4","DCLRE1C","Likely pathogenic","NM_001033855.3(DCLRE1C):c.206T>A (p.Leu69Ter)"
"801497","VCV000801497.18","RPE65","Pathogenic","NM_000329.3(RPE65):c.560G>A (p.Gly187Glu)"
"801294","VCV000801294.36","VWF","Uncertain significance","NM_000552.5(VWF):c.1613C>T (p.Pro538Leu)"
"801292","VCV000801292.11","VWF","Likely benign","NM_000552.5(VWF):c.1037C>T (p.Thr346Ile)"
"801086","VCV000801086.12","BRCA1","Likely pathogenic","NM_007294.4(BRCA1):c.5257A>G (p.Arg1753Gly)"
"800346","VCV000800346.1","IL7R","Uncertain significance","NM_002185.5(IL7R):c.205C>G (p.Leu69Val)"
"800204","VCV000800204.14","BMPR2","Likely benign","NM_001204.7(BMPR2):c.220A>G (p.Lys74Glu)"
"798429","VCV000798429.10","F9","Uncertain significance","NM_000133.4(F9):c.471T>C (p.Cys157=)"
"789504","VCV000789504.17","RPE65","Likely benign","NM_000329.3(RPE65):c.295G>A (p.Val99Ile)"
"774811","VCV000774811.37","PPP1CB","Benign","NM_002709.3(PPP1CB):c.27C>T (p.Asp9=)"
"772770","VCV000772770.12","RPE65","Likely benign","NM_000329.3(RPE65):c.1244-5C>T"
"767598","VCV000767598.34","RPE65","Likely benign","NM_000329.3(RPE65):c.585C>T (p.Cys195=)"
"764654","VCV000764654.10","DICER1","Likely benign","NM_177438.3(DICER1):c.1753-7T>C"
"762975","VCV000762975.13","RUNX1","Likely benign","NM_001754.5(RUNX1):c.968-7C>T"
"760670","VCV000760670.13","RUNX1","Likely benign","NM_001754.5(RUNX1):c.861C>T (p.Tyr287=)"
"759891","VCV000759891.8","ITGB3","Likely benign","NM_000212.3(ITGB3):c.1764G>C (p.Thr588=)"
"753166","VCV000753166.12","PIK3CD","Likely benign","NM_005026.5(PIK3CD):c.449C>T (p.Ala150Val)"
"744318","VCV000744318.5","RPE65","Pathogenic","NM_000329.3(RPE65):c.675C>A (p.Ile225=)"
"738411","VCV000738411.9","ITGB3","Likely benign","NM_000212.3(ITGB3):c.1089C>T (p.Ser363=)"
"733403","VCV000733403.17","JAK3","Likely benign","NM_000215.4(JAK3):c.938G>A (p.Gly313Glu)"
"731652","VCV000731652.29","GP1BB/SEPT5-GP1BB","Benign","NM_000407.5(GP1BB):c.119G>A (p.Gly40Glu)"
"731417","VCV000731417.6","ITGA2B","Likely benign","NM_000419.5(ITGA2B):c.322C>A (p.Arg108=)"
"728480","VCV000728480.16","FOXN1","Likely benign","NM_001369369.1(FOXN1):c.1886C>T (p.Thr629Met)"
"716567","VCV000716567.17","RPE65","Likely benign","NM_000329.3(RPE65):c.441A>G (p.Thr147=)"
"714463","VCV000714463.17","GAA","Uncertain significance","NM_000152.5(GAA):c.1346C>T (p.Ser449Leu)"
"712831","VCV000712831.10","FOXN1","Likely benign","NM_001369369.1(FOXN1):c.362C>T (p.Ala121Val)"
"705625","VCV000705625.13","IL7R","Likely benign","NM_002185.5(IL7R):c.314G>A (p.Ser105Asn)"
"702064","VCV000702064.7","ITGA2B","Likely benign","NM_000419.5(ITGA2B):c.945+9C>A"
"701352","VCV000701352.17","F9","Benign","NM_000133.4(F9):c.60A>G (p.Leu20=)"
"699735","VCV000699735.13","RUNX1","Benign","NM_001754.5(RUNX1):c.812G>A (p.Arg271Lys)"
"699299","VCV000699299.5","F8","Uncertain significance","NM_000132.4(F8):c.1272-5T>C"
"695909","VCV000695909.49","F9","Benign","NM_000133.4(F9):c.8G>A (p.Arg3His)"
"694627","VCV000694627.8","SERPINC1","Likely pathogenic","NM_000488.4(SERPINC1):c.624+1G>A"
"694617","VCV000694617.12","SCN1B","Pathogenic","NM_001037.5(SCN1B):c.449-2A>G"
"694309","VCV000694309.5","SCN8A","Likely pathogenic","NM_001330260.2(SCN8A):c.3953A>G (p.Asn1318Ser)"
"689636","VCV000689636.15","HNF4A","Likely pathogenic","NM_175914.5(HNF4A):c.2T>C (p.Met1Thr)"
"666959","VCV000666959.10","F8","Likely pathogenic","NM_000132.4(F8):c.984T>G (p.Phe328Leu)"
"665887","VCV000665887.10","FOXN1","Likely pathogenic","NM_001369369.1(FOXN1):c.1392_1401del (p.Pro465fs)"
"664780","VCV000664780.17","TCF4","Likely benign","NM_001083962.2(TCF4):c.466C>A (p.Pro156Thr)"
"664582","VCV000664582.27","GAA","Likely pathogenic","NM_000152.5(GAA):c.671G>A (p.Arg224Gln)"
"662490","VCV000662490.23","CAPN3","Likely pathogenic","NM_000070.3(CAPN3):c.1327T>C (p.Ser443Pro)"
"660852","VCV000660852.6","SERPINC1","Uncertain significance","NM_000488.4(SERPINC1):c.536T>C (p.Phe179Ser)"
"658837","VCV000658837.11","RPE65","Likely pathogenic","NM_000329.3(RPE65):c.991_993dup (p.Trp331dup)"
"657805","VCV000657805.27","ACVRL1","Pathogenic","NM_000020.3(ACVRL1):c.706G>A (p.Glu236Lys)"
"656631","VCV000656631.5","FOXN1","Likely pathogenic","NM_001369369.1(FOXN1):c.974T>C (p.Leu325Pro)"
"655951","VCV000655951.12","MECP2","Likely benign","NM_001110792.2(MECP2):c.1117C>T (p.Pro373Ser)"
"655729","VCV000655729.13","MECP2","Pathogenic","NM_001110792.2(MECP2):c.948G>C (p.Lys316Asn)"
"654655","VCV000654655.10","SNHG14/UBE3A","Likely pathogenic","NM_130839.5(UBE3A):c.2444G>A (p.Gly815Glu)"
"654469","VCV000654469.15","ACTA1","Pathogenic","NM_001100.4(ACTA1):c.283G>A (p.Glu95Lys)"
"654335","VCV000654335.5","DCLRE1C","Uncertain significance","NM_001033855.3(DCLRE1C):c.1991G>A (p.Arg664Gln)"
"654211","VCV000654211.14","SERPINC1","Likely pathogenic","NM_000488.4(SERPINC1):c.449A>C (p.Gln150Pro)"
"651569","VCV000651569.9","F9","Likely pathogenic","NM_000133.4(F9):c.88G>A (p.Val30Ile)"
"650904","VCV000650904.25","RAG2","Likely pathogenic","NM_000536.4(RAG2):c.1396C>T (p.Leu466Phe)"
"646645","VCV000646645.10","RUNX1","Uncertain significance","NM_001754.5(RUNX1):c.969G>A (p.Thr323=)"
"646006","VCV000646006.11","PTEN","Pathogenic","NM_000314.8(PTEN):c.476G>A (p.Arg159Lys)"
"644342","VCV000644342.5","FOXN1","Likely pathogenic","NM_001369369.1(FOXN1):c.880G>C (p.Val294Leu)"
"642956","VCV000642956.10","RUNX1/RUNX1-AS1","Pathogenic","NM_001754.5(RUNX1):c.508+2T>C"
"642844","VCV000642844.11","RUNX1","Likely benign","NM_001754.5(RUNX1):c.1107G>A (p.Ser369=)"
"642787","VCV000642787.7","IL7R","Likely pathogenic","NM_002185.5(IL7R):c.355A>T (p.Lys119Ter)"
"642707","VCV000642707.42","RYR1","Pathogenic","NM_000540.3(RYR1):c.8888T>C (p.Leu2963Pro)"
"640778","VCV000640778.11","RUNX1","Likely pathogenic","NM_001754.5(RUNX1):c.1035_1036dup (p.Arg346fs)"
"638952","VCV000638952.20","BRCA1","Likely pathogenic","NM_007294.4(BRCA1):c.70T>A (p.Cys24Ser)"
"638853","VCV000638853.20","TP53","Pathogenic","NM_000546.6(TP53):c.97-1G>A"
"638559","VCV000638559.8","FBN1","Pathogenic","NM_000138.5(FBN1):c.5966G>T (p.Cys1989Phe)"
"636203","VCV000636203.3","RPGR","Likely pathogenic","NM_001034853.2(RPGR):c.492G>T (p.Trp164Cys)"
"636202","VCV000636202.7","RPE65","Pathogenic","NM_000329.3(RPE65):c.329A>G (p.Asp110Gly)"
"635233","VCV000635233.15","SERPINC1","Likely benign","NM_000488.4(SERPINC1):c.299A>G (p.Asp100Gly)"
"633606","VCV000633606.22","TP53","Pathogenic","NM_000546.6(TP53):c.919+1G>A"
"633211","VCV000633211.11","FBN1","Pathogenic","NM_000138.5(FBN1):c.6410G>A (p.Cys2137Tyr)"
"632823","VCV000632823.11","GAA","Likely pathogenic","NM_000152.5(GAA):c.1905C>A (p.Asn635Lys)"
"632819","VCV000632819.14","FBN1","Pathogenic","NM_000138.5(FBN1):c.5558G>A (p.Cys1853Tyr)"
"632813","VCV000632813.3","FBN1","Likely pathogenic","NM_000138.5(FBN1):c.6866G>C (p.Cys2289Ser)"
"632362","VCV000632362.12","CYP1B1","Uncertain significance","NM_000104.4(CYP1B1):c.985G>A (p.Gly329Ser)"
"627341","VCV000627341.4","SERPINC1","Uncertain significance","NM_000488.4(SERPINC1):c.592T>C (p.Tyr198His)"
"627328","VCV000627328.5","F8","Pathogenic","NM_000132.4(F8):c.5303G>A (p.Arg1768His)"
"627284","VCV000627284.3","ITGA2B","Uncertain significance","NM_000419.5(ITGA2B):c.2507G>C (p.Gly836Ala)"
"627180","VCV000627180.11","F9","Pathogenic","NM_000133.4(F9):c.520+13A>G"
"627177","VCV000627177.3","F9","Likely pathogenic","NM_000133.4(F9):c.407T>C (p.Ile136Thr)"
"627165","VCV000627165.6","F8","Pathogenic","NM_000132.4(F8):c.979C>G (p.Leu327Val)"
"627100","VCV000627100.3","RUNX1/RUNX1-AS1","Uncertain significance","NM_001754.5(RUNX1):c.578T>A (p.Ile193Asn)"
"627098","VCV000627098.3","ITGA2B","Uncertain significance","NM_000419.5(ITGA2B):c.574+5G>A"
"627020","VCV000627020.7","ITGA2B","Pathogenic","NM_000419.5(ITGA2B):c.1772A>C (p.Asp591Ala)"
"626948","VCV000626948.3","ITGA2B","Uncertain significance","NM_000419.5(ITGA2B):c.1005_1013del (p.His335_Leu338delinsGln)"
"626912","VCV000626912.10","RRAS2","Likely pathogenic","NM_012250.6(RRAS2):c.208G>A (p.Ala70Thr)"
"626107","VCV000626107.12","FOXN1","Likely pathogenic","NM_001369369.1(FOXN1):c.1585del (p.Leu529fs)"
"625952","VCV000625952.5","GAMT","Likely benign","NM_000156.6(GAMT):c.570+161T>A"
"625945","VCV000625945.12","FOXN1","Likely benign","NM_001369369.1(FOXN1):c.382C>T (p.Arg128Trp)"
"624606","VCV000624606.4","RAG2","Uncertain significance","NM_000536.4(RAG2):c.1A>G (p.Met1Val)"
"623143","VCV000623143.9","ITGB3","Uncertain significance","NM_000212.3(ITGB3):c.778-2A>G"
"619937","VCV000619937.10","VWF","Likely benign","NM_000552.5(VWF):c.5173C>T (p.Pro1725Ser)"
"619932","VCV000619932.19","VWF","Likely benign","NM_000552.5(VWF):c.2900G>A (p.Gly967Asp)"
"619750","VCV000619750.17","VWF","Uncertain significance","NM_000552.5(VWF):c.4130C>T (p.Ala1377Val)"
"618643","VCV000618643.10","F9","Likely pathogenic","NM_000133.4(F9):c.196G>A (p.Glu66Lys)"
"618502","VCV000618502.31","ACADVL","Uncertain significance","NM_000018.4(ACADVL):c.1838G>A (p.Arg613Gln)"
"618119","VCV000618119.10","FBN1","Uncertain significance","NM_000138.5(FBN1):c.6185A>G (p.Tyr2062Cys)"
"618104","VCV000618104.33","F8","Pathogenic","NM_000132.4(F8):c.1094A>G (p.Tyr365Cys)"
"617950","VCV000617950.12","ACADVL","Uncertain significance","NM_000018.4(ACADVL):c.521T>C (p.Val174Ala)"
"617874","VCV000617874.7","FBN1","Uncertain significance","NM_000138.5(FBN1):c.3428G>A (p.Gly1143Asp)"
"617543","VCV000617543.9","DYSF","Likely pathogenic","NM_001130987.2(DYSF):c.5711G>A (p.Gly1904Asp)"
"599033","VCV000599033.3","LZTR1","Uncertain significance","NM_006767.4(LZTR1):c.361C>G (p.His121Asp)"
"598004","VCV000598004.19","DCLRE1C","Benign","NM_001033855.3(DCLRE1C):c.1894G>A (p.Glu632Lys)"
"596790","VCV000596790.12","GUCY2D","Likely pathogenic","NM_000180.4(GUCY2D):c.2384G>A (p.Arg795Gln)"
"593841","VCV000593841.18","RPGR","Pathogenic","NM_001034853.2(RPGR):c.154G>A (p.Gly52Arg)"
"593593","VCV000593593.13","GAA","Uncertain significance","NM_000152.5(GAA):c.2105G>C (p.Arg702Pro)"
"590456","VCV000590456.9","RYR1","Likely pathogenic","NM_000540.3(RYR1):c.14539G>C (p.Val4847Leu)"
"590108","VCV000590108.52","MECP2","Likely benign","NM_001110792.2(MECP2):c.1345C>A (p.Gln449Lys)"
"590069","VCV000590069.11","MECP2","Benign","NM_001110792.2(MECP2):c.301C>T (p.Arg101Cys)"
"590042","VCV000590042.7","MECP2","Likely benign","NM_001110792.2(MECP2):c.1193_1198del (p.Leu398_Pro399del)"
"589521","VCV000589521.8","MECP2","Benign","NM_001110792.2(MECP2):c.1186C>T (p.Pro396Ser)"
"587398","VCV000587398.4","HNF4A","Likely pathogenic","NM_175914.5(HNF4A):c.427-1G>A"
"586023","VCV000586023.31","HNF4A","Pathogenic","NM_175914.5(HNF4A):c.932G>A (p.Arg311His)"
"586019","VCV000586019.3","HNF4A","Uncertain significance","NM_175914.5(HNF4A):c.593T>G (p.Leu198Arg)"
"585924","VCV000585924.18","GCK","Pathogenic","NM_000162.5(GCK):c.680-2A>G"
"585921","VCV000585921.4","GCK","Likely pathogenic","NM_000162.5(GCK):c.466C>T (p.His156Tyr)"
"585920","VCV000585920.3","GCK","Uncertain significance","NM_000162.5(GCK):c.377T>C (p.Ile126Thr)"
"585919","VCV000585919.12","GCK","Likely pathogenic","NM_000162.5(GCK):c.364C>G (p.Leu122Val)"
"585918","VCV000585918.7","GCK","Pathogenic","NM_000162.5(GCK):c.322T>C (p.Tyr108His)"
"585917","VCV000585917.8","GCK","Pathogenic","NM_000162.5(GCK):c.185T>C (p.Val62Ala)"
"585914","VCV000585914.5","GCK","Likely pathogenic","NM_000162.5(GCK):c.1310C>T (p.Thr437Ile)"
"585912","VCV000585912.3","GCK","Uncertain significance","NM_000162.5(GCK):c.1280T>G (p.Val427Gly)"
"585907","VCV000585907.3","GCK","Likely pathogenic","NM_000162.5(GCK):c.1054del (p.Ile351_Leu352insTer)"
"585094","VCV000585094.5","GP1BA","Uncertain significance","NM_000173.7(GP1BA):c.92T>C (p.Val31Ala)"
"582515","VCV000582515.14","PIK3CD","Likely pathogenic","NM_005026.5(PIK3CD):c.1574A>G (p.Glu525Gly)"
"580203","VCV000580203.18","DICER1","Pathogenic","NM_177438.3(DICER1):c.5096-12G>A"
"578525","VCV000578525.7","PIK3CD","Likely pathogenic","NM_005026.5(PIK3CD):c.1002C>G (p.Asn334Lys)"
"575500","VCV000575500.12","RUNX1","Likely benign","NM_001754.5(RUNX1):c.856C>A (p.Gln286Lys)"
"573475","VCV000573475.12","RAG2","Uncertain significance","NM_000536.4(RAG2):c.35T>C (p.Ile12Thr)"
"570737","VCV000570737.15","FBN1","Likely pathogenic","NM_000138.5(FBN1):c.5885A>G (p.Tyr1962Cys)"
"569458","VCV000569458.13","RUNX1","Likely benign","NM_001754.5(RUNX1):c.82_84del (p.Ser28del)"
"568706","VCV000568706.18","SCN8A","Benign","NM_001330260.2(SCN8A):c.4687A>G (p.Ile1563Val)"
"567760","VCV000567760.16","RUNX1","Likely benign","NM_001754.5(RUNX1):c.764A>G (p.His255Arg)"
"567608","VCV000567608.19","CDH1","Pathogenic","NM_004360.5(CDH1):c.687+1G>A"
"567124","VCV000567124.14","DYSF","Likely pathogenic","NM_001130987.2(DYSF):c.5210C>G (p.Pro1737Arg)"
"565574","VCV000565574.10","LOC102723566/ENG","Uncertain significance","NM_001114753.3(ENG):c.1160T>C (p.Leu387Pro)"
"561716","VCV000561716.33","LZTR1","Likely pathogenic","NM_006767.4(LZTR1):c.848G>A (p.Arg283Gln)"
"561249","VCV000561249.4","RUNX1","Benign","NM_001754.5(RUNX1):c.58+23A>G"
"561244","VCV000561244.4","RUNX1-AS1/RUNX1","Pathogenic","NM_001754.5(RUNX1):c.504_508dup (p.Gly170fs)"
"561238","VCV000561238.4","RUNX1/RUNX1-AS1","Pathogenic","NM_001754.5(RUNX1):c.424dup (p.Ala142fs)"
"561228","VCV000561228.6","RUNX1","Pathogenic","NM_001754.5(RUNX1):c.159del (p.Ser53fs)"
"561220","VCV000561220.6","RUNX1","Likely benign","NM_001754.5(RUNX1):c.-2C>T"
"560679","VCV000560679.8","RIT1","Uncertain significance","NM_006912.6(RIT1):c.233G>A (p.Gly78Glu)"
"560497","VCV000560497.5","RPE65","Likely pathogenic","NM_000329.3(RPE65):c.433G>C (p.Ala145Pro)"
"560496","VCV000560496.11","RPE65","Pathogenic","NM_000329.3(RPE65):c.1399C>T (p.Pro467Ser)"
"560463","VCV000560463.15","GUCY2D","Pathogenic","NM_000180.4(GUCY2D):c.2303G>A (p.Arg768Gln)"
"559523","VCV000559523.17","RPE65","Pathogenic","NM_000329.3(RPE65):c.242G>T (p.Arg81Ile)"
"558132","VCV000558132.4","LOC126861615/PAH","Pathogenic","NM_000277.3(PAH):c.910C>T (p.Gln304Ter)"
"557885","VCV000557885.15","IDUA","Pathogenic","NM_000203.5(IDUA):c.1045_1047del (p.Asp349del)"
"557676","VCV000557676.20","ACADVL","Pathogenic","NM_000018.4(ACADVL):c.956C>A (p.Ser319Ter)"
"557260","VCV000557260.12","IDUA","Likely pathogenic","NM_000203.5(IDUA):c.1073_1093del (p.His358_Thr364del)"
"556315","VCV000556315.12","ATM","Pathogenic","NM_000051.4(ATM):c.3102T>G (p.Tyr1034Ter)"
"556178","VCV000556178.13","RPE65","Likely pathogenic","NM_000329.3(RPE65):c.982C>T (p.Leu328Phe)"
"556104","VCV000556104.15","RPE65","Likely pathogenic","NM_000329.3(RPE65):c.755T>C (p.Phe252Ser)"
"555998","VCV000555998.56","GAA","Uncertain significance","NM_000152.5(GAA):c.1048G>A (p.Val350Met)"
"555864","VCV000555864.23","GAA","Likely pathogenic","NM_000152.5(GAA):c.1437+1G>A"
"555820","VCV000555820.23","GAA","Likely pathogenic","NM_000152.5(GAA):c.1099T>C (p.Trp367Arg)"
"555727","VCV000555727.21","GAA","Uncertain significance","NM_000152.5(GAA):c.2174G>A (p.Arg725Gln)"
"555264","VCV000555264.18","ADA","Pathogenic","NM_000022.4(ADA):c.716G>A (p.Gly239Asp)"
"555182","VCV000555182.5","ADA","Pathogenic","NM_000022.4(ADA):c.603C>G (p.Tyr201Ter)"
"553493","VCV000553493.15","NEB","Likely pathogenic","NM_001164508.2(NEB):c.6076-1G>T"
"552776","VCV000552776.11","GAA","Likely pathogenic","NM_000152.5(GAA):c.1216G>A (p.Asp406Asn)"
"552042","VCV000552042.11","NEB","Pathogenic","NM_001164508.2(NEB):c.6937C>T (p.Arg2313Ter)"
"551915","VCV000551915.8","GJB2","Pathogenic","NM_004004.6(GJB2):c.2T>G (p.Met1Arg)"
"551588","VCV000551588.20","ACADVL","Likely pathogenic","NM_000018.4(ACADVL):c.619T>C (p.Ser207Pro)"
"550799","VCV000550799.43","IDUA","Pathogenic","NM_000203.5(IDUA):c.1139A>G (p.Gln380Arg)"
"550716","VCV000550716.7","GJB2","Likely pathogenic","NM_004004.6(GJB2):c.1A>T (p.Met1Leu)"
"550622","VCV000550622.22","LOC130060113/ACADVL","Likely pathogenic","NM_000018.4(ACADVL):c.105_109dup (p.Arg37fs)"
"550010","VCV000550010.7","GAA","Likely pathogenic","NM_000152.5(GAA):c.1552-2A>G"
"549981","VCV000549981.22","USH2A","Pathogenic","NM_206933.4(USH2A):c.1859G>T (p.Cys620Phe)"
"549555","VCV000549555.4","HNF4A","Likely pathogenic","NM_175914.5(HNF4A):c.778G>T (p.Asp260Tyr)"
"549554","VCV000549554.5","HNF4A","Uncertain significance","NM_175914.5(HNF4A):c.454G>A (p.Gly152Ser)"
"549180","VCV000549180.12","FBN1","Likely pathogenic","NM_000138.5(FBN1):c.3650G>A (p.Gly1217Asp)"
"549173","VCV000549173.22","FBN1","Likely pathogenic","NM_000138.5(FBN1):c.3554G>A (p.Gly1185Asp)"
"549019","VCV000549019.22","FBN1","Likely pathogenic","NM_000138.5(FBN1):c.1468G>T (p.Asp490Tyr)"
"548685","VCV000548685.11","BMPR2","Benign","NM_001204.7(BMPR2):c.419-38del"
"547349","VCV000547349.2","FBN1","Likely pathogenic","NM_000138.5(FBN1):c.8416dup (p.Ile2806fs)"
"547340","VCV000547340.5","FBN1","Pathogenic","NM_000138.5(FBN1):c.6491G>A (p.Cys2164Tyr)"
"547338","VCV000547338.20","FBN1","Likely pathogenic","NM_000138.5(FBN1):c.6254G>A (p.Cys2085Tyr)"
"547334","VCV000547334.8","FBN1","Pathogenic","NM_000138.5(FBN1):c.5826C>A (p.Cys1942Ter)"
"547309","VCV000547309.5","FBN1","Pathogenic","NM_000138.5(FBN1):c.3476G>A (p.Cys1159Tyr)"
"545487","VCV000545487.20","BRCA2","Likely pathogenic","NM_000059.4(BRCA2):c.8165C>T (p.Thr2722Ile)"
"544257","VCV000544257.34","GAMT","Pathogenic","NM_000156.6(GAMT):c.407C>T (p.Thr136Met)"
"543626","VCV000543626.10","DICER1","Uncertain significance","NM_177438.3(DICER1):c.2650+5G>A"
"543609","VCV000543609.19","DICER1","Likely benign","NM_177438.3(DICER1):c.1802T>C (p.Ile601Thr)"
"543597","VCV000543597.22","DICER1","Likely benign","NM_177438.3(DICER1):c.4376G>A (p.Gly1459Glu)"
"541723","VCV000541723.23","ACADVL","Uncertain significance","NM_000018.4(ACADVL):c.640T>G (p.Phe214Val)"
"536427","VCV000536427.9","FOXN1","Uncertain significance","NM_001369369.1(FOXN1):c.699+1G>T"
"532770","VCV000532770.44","ACTA1","Likely pathogenic","NM_001100.4(ACTA1):c.1001C>T (p.Pro334Leu)"
"532747","VCV000532747.13","JAK3","Likely benign","NM_000215.4(JAK3):c.362G>A (p.Arg121His)"
"532674","VCV000532674.9","RUNX1","Likely benign","NM_001754.5(RUNX1):c.97+4T>C"
"532672","VCV000532672.18","RUNX1","Likely benign","NM_001754.5(RUNX1):c.939_950del (p.Ala315_Ser318del)"
"531302","VCV000531302.22","BRCA1","Likely pathogenic","NM_007294.4(BRCA1):c.134+3A>T"
"530855","VCV000530855.13","MTM1","Pathogenic","NM_000252.3(MTM1):c.1210G>A (p.Glu404Lys)"
"529744","VCV000529744.13","SERPINC1","Uncertain significance","NM_000488.4(SERPINC1):c.529C>T (p.Arg177Cys)"
"529743","VCV000529743.13","SERPINC1","Likely benign","NM_000488.4(SERPINC1):c.594T>C (p.Tyr198=)"
"529741","VCV000529741.6","SERPINC1","Uncertain significance","NM_000488.4(SERPINC1):c.1315C>T (p.Pro439Ser)"
"528248","VCV000528248.57","TP53","Pathogenic","NM_000546.6(TP53):c.473G>T (p.Arg158Leu)"
"528065","VCV000528065.22","ENG/LOC102723566","Likely pathogenic","NM_001114753.3(ENG):c.1319T>G (p.Val440Gly)"
"526525","VCV000526525.12","GAA","Uncertain significance","NM_000152.5(GAA):c.1409A>C (p.Asn470Thr)"
"524154","VCV000524154.4","HNF4A","Likely pathogenic","NM_175914.5(HNF4A):c.100del (p.Val34fs)"
"522504","VCV000522504.11","GCK","Uncertain significance","NM_000162.5(GCK):c.371A>T (p.Asp124Val)"
"520895","VCV000520895.6","HNF4A","Likely pathogenic","NM_175914.5(HNF4A):c.221G>A (p.Cys74Tyr)"
"520675","VCV000520675.7","HNF4A","Likely pathogenic","NM_175914.5(HNF4A):c.498T>A (p.Cys166Ter)"
"520496","VCV000520496.26","FBN1","Pathogenic","NM_000138.5(FBN1):c.5073AAG[1] (p.Arg1692del)"
"519783","VCV000519783.73","FBN1","Likely pathogenic","NM_000138.5(FBN1):c.5518C>T (p.Arg1840Cys)"
"519760","VCV000519760.10","FBN1","Pathogenic","NM_000138.5(FBN1):c.5065+2dup"
"517669","VCV000517669.21","FOXG1","Benign","NM_005249.5(FOXG1):c.209_229del (p.Gln70_Pro76del)"
"517187","VCV000517187.10","RUNX1","Uncertain significance","NM_001754.5(RUNX1):c.98-20_98-18del"
"516726","VCV000516726.16","TCF4","Likely benign","NM_001083962.2(TCF4):c.1486+4G>C"
"515407","VCV000515407.11","GAA","Likely benign","NM_000152.5(GAA):c.1437+19G>A"
"512592","VCV000512592.16","SLC9A6","Likely benign","NM_001379110.1(SLC9A6):c.517G>A (p.Val173Ile)"
"511239","VCV000511239.9","DNM2","Benign","NM_001005361.3(DNM2):c.162-6del"
"510672","VCV000510672.28","GAA","Uncertain significance","NM_000152.5(GAA):c.1629C>T (p.Tyr543=)"
"510585","VCV000510585.5","HNF4A","Uncertain significance","NM_175914.5(HNF4A):c.1064-19C>A"
"507662","VCV000507662.15","CDKL5","Benign","NM_001323289.2(CDKL5):c.2086G>A (p.Ala696Thr)"
"507529","VCV000507529.5","GAA","Uncertain significance","NM_000152.5(GAA):c.-32-5C>T"
"507028","VCV000507028.15","VWF","Uncertain significance","NM_000552.5(VWF):c.1110-6dup"
"506444","VCV000506444.40","LZTR1","Benign","NM_006767.4(LZTR1):c.2373C>T (p.His791=)"
"505185","VCV000505185.13","MYO15A","Pathogenic","NM_016239.4(MYO15A):c.996C>G (p.Tyr332Ter)"
"503699","VCV000503699.10","GCK","Pathogenic","NM_000162.5(GCK):c.1155del (p.Leu386fs)"
"498275","VCV000498275.22","SGCA","Likely pathogenic","NM_000023.4(SGCA):c.502G>A (p.Gly168Arg)"
"498267","VCV000498267.66","CAPN3","Pathogenic","NM_000070.3(CAPN3):c.1621C>T (p.Arg541Trp)"
"498216","VCV000498216.20","DYSF","Likely pathogenic","NM_001130987.2(DYSF):c.1033+4A>T"
"497182","VCV000497182.17","CAPN3","Pathogenic","NM_000070.3(CAPN3):c.1027G>T (p.Glu343Ter)"
"496681","VCV000496681.4","CDKL5","Uncertain significance","NM_001323289.2(CDKL5):c.176G>A (p.Arg59Gln)"
"496633","VCV000496633.5","RAG2","Uncertain significance","NM_000536.4(RAG2):c.1421A>G (p.Asn474Ser)"
"496629","VCV000496629.5","RAG2","Likely pathogenic","NM_000536.4(RAG2):c.1338C>G (p.Cys446Trp)"
"496628","VCV000496628.5","RAG2","Likely pathogenic","NM_000536.4(RAG2):c.1332C>G (p.Ile444Met)"
"496624","VCV000496624.17","RAG2","Pathogenic","NM_000536.4(RAG2):c.685C>T (p.Arg229Trp)"
"495789","VCV000495789.2","PAH","Pathogenic","NM_000277.3(PAH):c.226G>T (p.Glu76Ter)"
"495662","VCV000495662.8","FBN1","Likely pathogenic","NM_000138.5(FBN1):c.911G>A (p.Cys304Tyr)"
"495644","VCV000495644.6","FBN1","Likely pathogenic","NM_000138.5(FBN1):c.7016G>A (p.Cys2339Tyr)"
"495629","VCV000495629.23","FBN1","Pathogenic","NM_000138.5(FBN1):c.5743C>T (p.Arg1915Cys)"
"495598","VCV000495598.7","FBN1","Uncertain significance","NM_000138.5(FBN1):c.3677G>T (p.Gly1226Val)"
"495558","VCV000495558.10","FBN1","Pathogenic","NM_000138.5(FBN1):c.1630G>A (p.Gly544Arg)"
"495246","VCV000495246.7","CDKL5","Uncertain significance","NM_001323289.2(CDKL5):c.616G>T (p.Asp206Tyr)"
"493321","VCV000493321.50","HNF4A","Uncertain significance","NM_175914.5(HNF4A):c.481A>G (p.Ser161Gly)"
"492752","VCV000492752.16","TP53","Pathogenic","NM_000546.6(TP53):c.318C>G (p.Ser106Arg)"
"492727","VCV000492727.44","PTEN","Pathogenic","NM_000314.8(PTEN):c.149T>C (p.Ile50Thr)"
"491098","VCV000491098.32","BRCA1","Uncertain significance","NM_007294.4(BRCA1):c.5165C>A (p.Ser1722Tyr)"
"489785","VCV000489785.37","BRCA2","Pathogenic","NM_000059.4(BRCA2):c.8009C>G (p.Ser2670Trp)"
"489784","VCV000489784.32","BRCA2","Likely pathogenic","NM_000059.4(BRCA2):c.7955T>G (p.Val2652Gly)"
"488999","VCV000488999.11","HNF4A","Likely pathogenic","NM_175914.5(HNF4A):c.514C>T (p.Gln172Ter)"
"488726","VCV000488726.6","RAG2","Uncertain significance","NM_000536.4(RAG2):c.2T>C (p.Met1Thr)"
"483434","VCV000483434.18","DICER1","Likely benign","NM_177438.3(DICER1):c.1140G>C (p.Leu380=)"
"483407","VCV000483407.22","DICER1","Likely benign","NM_177438.3(DICER1):c.4475T>C (p.Met1492Thr)"
"482223","VCV000482223.21","TP53","Pathogenic","NM_000546.6(TP53):c.532C>G (p.His178Asp)"
"482029","VCV000482029.19","PALB2","Uncertain significance","NM_024675.4(PALB2):c.1684+1G>A"
"481129","VCV000481129.28","PTEN","Uncertain significance","NM_000314.8(PTEN):c.538T>C (p.Tyr180His)"
"480386","VCV000480386.12","KLLN/PTEN","Uncertain significance","NM_000314.8(PTEN):c.49C>G (p.Gln17Glu)"
"479632","VCV000479632.22","DICER1","Likely benign","NM_177438.3(DICER1):c.1157A>G (p.Lys386Arg)"
"477295","VCV000477295.24","DICER1","Likely benign","NM_177438.3(DICER1):c.925G>A (p.Val309Ile)"
"477062","VCV000477062.29","DICER1","Likely benign","NM_177438.3(DICER1):c.1797T>C (p.Thr599=)"
"474894","VCV000474894.61","ACADVL","Uncertain significance","NM_000018.4(ACADVL):c.1894C>T (p.Arg632Cys)"
"469632","VCV000469632.44","SLC9A6","Benign","NM_001379110.1(SLC9A6):c.1083G>A (p.Leu361=)"
"468680","VCV000468680.16","PTEN","Likely pathogenic","NM_000314.8(PTEN):c.278A>C (p.His93Pro)"
"467827","VCV000467827.12","RPE65","Likely pathogenic","NM_000329.3(RPE65):c.419G>A (p.Gly140Glu)"
"465208","VCV000465208.16","RMRP","Likely pathogenic","NR_003051.4(RMRP):n.256_265delCTCAGCGCGG"
"464139","VCV000464139.37","ACTA1","Pathogenic","NM_001100.4(ACTA1):c.990+1G>T"
"464114","VCV000464114.15","ACTA1","Pathogenic","NM_001100.4(ACTA1):c.109G>T (p.Val37Leu)"
"464113","VCV000464113.13","ACTA1","Likely pathogenic","NM_001100.4(ACTA1):c.1054T>C (p.Ser352Pro)"
"463795","VCV000463795.44","CDH1","Pathogenic","NM_004360.5(CDH1):c.832+1G>A"
"463790","VCV000463790.15","CDH1","Uncertain significance","NM_004360.5(CDH1):c.687+2T>C"
"463378","VCV000463378.7","IL2RG/LOC126863274","Likely pathogenic","NM_000206.3(IL2RG):c.100G>T (p.Glu34Ter)"
"461696","VCV000461696.13","MTM1","Benign","NM_000252.3(MTM1):c.1454C>T (p.Ala485Val)"
"458626","VCV000458626.16","BMPR2","Likely benign","NM_001204.7(BMPR2):c.2656C>T (p.Arg886Cys)"
"458520","VCV000458520.11","TP53","Uncertain significance","NM_000546.6(TP53):c.1140del (p.His380fs)"
"458078","VCV000458078.9","PAH","Likely pathogenic","NM_000277.3(PAH):c.1037G>A (p.Gly346Glu)"
"456402","VCV000456402.29","GAA","Likely pathogenic","NM_000152.5(GAA):c.2455C>T (p.Arg819Trp)"
"456370","VCV000456370.25","GAA","Uncertain significance","NM_000152.5(GAA):c.1190C>T (p.Pro397Leu)"
"451330","VCV000451330.21","RYR1","Pathogenic","NM_000540.3(RYR1):c.9472+1G>A"
"450787","VCV000450787.9","HNF4A","Pathogenic","NM_175914.5(HNF4A):c.403C>T (p.Gln135Ter)"
"449935","VCV000449935.11","LOC130060113/ACADVL","Uncertain significance","NM_000018.4(ACADVL):c.138+2dup"
"449813","VCV000449813.14","SCN8A","Benign","NM_001330260.2(SCN8A):c.4590G>A (p.Met1530Ile)"
"449564","VCV000449564.8","GP1BA","Uncertain significance","NM_000173.7(GP1BA):c.586C>T (p.Gln196Ter)"
"449370","VCV000449370.10","F8","Pathogenic","NM_000132.4(F8):c.599A>G (p.Glu200Gly)"
"447524","VCV000447524.12","HNF4A","Pathogenic","NM_175914.5(HNF4A):c.868C>T (p.Arg290Cys)"
"447523","VCV000447523.3","HNF4A","Likely benign","NM_175914.5(HNF4A):c.826+79C>T"
"447520","VCV000447520.12","HNF4A","Pathogenic","NM_175914.5(HNF4A):c.692G>A (p.Arg231Gln)"
"447518","VCV000447518.3","HNF4A","Uncertain significance","NM_175914.5(HNF4A):c.590T>C (p.Leu197Pro)"
"447513","VCV000447513.3","HNF4A","Pathogenic","NM_175914.5(HNF4A):c.968del (p.Gln323fs)"
"447413","VCV000447413.10","GCK","Pathogenic","NM_000162.5(GCK):c.682A>G (p.Thr228Ala)"
"447411","VCV000447411.9","GCK","Pathogenic","NM_000162.5(GCK):c.623C>T (p.Ala208Val)"
"447401","VCV000447401.3","GCK","Likely pathogenic","NM_000162.5(GCK):c.464G>C (p.Arg155Thr)"
"447397","VCV000447397.12","GCK","Pathogenic","NM_000162.5(GCK):c.370G>C (p.Asp124His)"
"447387","VCV000447387.3","GCK","Pathogenic","NM_000162.5(GCK):c.1235T>G (p.Val412Gly)"
"447386","VCV000447386.16","GCK","Pathogenic","NM_000162.5(GCK):c.1229G>A (p.Gly410Asp)"
"447385","VCV000447385.3","GCK","Likely pathogenic","NM_000162.5(GCK):c.1155dup (p.Leu386fs)"
"447382","VCV000447382.4","GCK","Likely pathogenic","NM_000162.5(GCK):c.1136C>G (p.Ala379Gly)"
"447381","VCV000447381.5","GCK","Likely pathogenic","NM_000162.5(GCK):c.1133_1149del (p.Ala378fs)"
"447378","VCV000447378.4","GCK","Pathogenic","NM_000162.5(GCK):c.1020-1G>A"
"445735","VCV000445735.16","SOS2","Benign","NM_006939.4(SOS2):c.3755_3757del (p.Ile1252del)"
"440637","VCV000440637.18","LDLR","Uncertain significance","NM_000527.5(LDLR):c.1367T>C (p.Leu456Pro)"
"440551","VCV000440551.6","LDLR","Uncertain significance","NM_000527.5(LDLR):c.248T>C (p.Ile83Thr)"
"440548","VCV000440548.1","LDLR","Uncertain significance","NM_000527.5(LDLR):c.188G>T (p.Cys63Phe)"
"439677","VCV000439677.17","F8","Likely pathogenic","NM_000132.4(F8):c.5186G>A (p.Gly1729Glu)"
"439226","VCV000439226.3","PAH","Likely pathogenic","NM_000277.3(PAH):c.1316-2A>G"
"438620","VCV000438620.16","GJB2","Likely pathogenic","NM_004004.6(GJB2):c.584T>C (p.Met195Thr)"
"438325","VCV000438325.22","LDLR","Likely pathogenic","NM_000527.5(LDLR):c.1739C>T (p.Ser580Phe)"
"438172","VCV000438172.13","MYO7A","Likely pathogenic","NM_000260.4(MYO7A):c.1849T>C (p.Ser617Pro)"
"437985","VCV000437985.24","RPE65","Pathogenic","NM_000329.3(RPE65):c.74C>T (p.Pro25Leu)"
"436612","VCV000436612.14","RUNX1","Uncertain significance","NM_001754.5(RUNX1):c.99T>C (p.Asp33=)"
"436442","VCV000436442.19","PTEN","Pathogenic","NM_000314.8(PTEN):c.226_228del (p.Tyr76del)"
"435961","VCV000435961.30","NEB/RIF1","Likely benign","NM_001164508.2(NEB):c.25463A>G (p.Lys8488Arg)"
"435439","VCV000435439.12","HNF4A","Pathogenic","NM_175914.5(HNF4A):c.944TGC[6] (p.Leu319dup)"
"435438","VCV000435438.11","HNF4A","Pathogenic","NM_175914.5(HNF4A):c.740T>C (p.Leu247Pro)"
"435437","VCV000435437.9","HNF4A","Uncertain significance","NM_175914.5(HNF4A):c.470AGA[1] (p.Lys158del)"
"435436","VCV000435436.28","HNF4A","Pathogenic","NM_175914.5(HNF4A):c.200G>A (p.Arg67Gln)"
"435311","VCV000435311.9","GCK","Likely pathogenic","NM_000162.5(GCK):c.749G>A (p.Arg250His)"
"435307","VCV000435307.12","GCK","Likely pathogenic","NM_000162.5(GCK):c.364C>A (p.Leu122Ile)"
"435060","VCV000435060.32","ENG","Likely pathogenic","NM_001114753.3(ENG):c.662T>C (p.Leu221Pro)"
"433598","VCV000433598.11","APC","Pathogenic","NM_000038.6(APC):c.220+1G>A"
"432079","VCV000432079.17","CTLA4","Likely pathogenic","NM_005214.5(CTLA4):c.410C>T (p.Pro137Leu)"
"431897","VCV000431897.10","MECP2","Likely benign","NM_001110792.2(MECP2):c.1177C>T (p.Pro393Ser)"
"431840","VCV000431840.26","MECP2","Benign","NM_001110792.2(MECP2):c.860T>C (p.Val287Ala)"
"430844","VCV000430844.6","HNF4A","Likely pathogenic","NM_175914.5(HNF4A):c.224G>A (p.Arg75Lys)"
"430406","VCV000430406.22","ATM/C11orf65","Pathogenic","NM_000051.4(ATM):c.8495G>T (p.Arg2832Leu)"
"430375","VCV000430375.13","ENG/LOC102723566","Pathogenic","NM_001114753.3(ENG):c.1145G>A (p.Cys382Tyr)"
"430229","VCV000430229.14","SLC26A4","Uncertain significance","NM_000441.2(SLC26A4):c.1262A>G (p.Gln421Arg)"
"429640","VCV000429640.9","GCK","Uncertain significance","NM_000162.5(GCK):c.1130_1138del (p.Arg377_Ala379del)"
"429425","VCV000429425.6","FBN1","Likely pathogenic","NM_000138.5(FBN1):c.6541T>C (p.Cys2181Arg)"
"429215","VCV000429215.66","USH2A","Pathogenic","NM_206933.4(USH2A):c.14219C>A (p.Ala4740Asp)"
"428898","VCV000428898.10","TP53","Likely pathogenic","NM_000546.6(TP53):c.993+1del"
"428862","VCV000428862.19","TP53","Likely benign","NM_000546.6(TP53):c.883C>T (p.Pro295Ser)"
"428224","VCV000428224.12","PTEN","Uncertain significance","NM_000314.8(PTEN):c.30_32del (p.Ser10del)"
"428222","VCV000428222.10","PTEN","Uncertain significance","NM_000314.8(PTEN):c.359C>A (p.Ala120Glu)"
"428204","VCV000428204.12","PTEN","Uncertain significance","NM_000314.8(PTEN):c.283C>A (p.Pro95Thr)"
"427868","VCV000427868.14","RPE65","Pathogenic","NM_000329.3(RPE65):c.1101A>G (p.Arg367=)"
"427864","VCV000427864.10","RPE65","Pathogenic","NM_000329.3(RPE65):c.1338G>T (p.Arg446Ser)"
"427633","VCV000427633.2","PPP1CB","Likely pathogenic","NM_002709.3(PPP1CB):c.166G>C (p.Ala56Pro)"
"427619","VCV000427619.39","PTEN","Pathogenic","NM_000314.8(PTEN):c.492+1G>T"
"426278","VCV000426278.38","GAA","Pathogenic","NM_000152.5(GAA):c.2105G>A (p.Arg702His)"
"425999","VCV000425999.16","BMPR2","Benign","NM_001204.7(BMPR2):c.2618G>A (p.Arg873Gln)"
"425966","VCV000425966.17","BMPR2","Likely benign","NM_001204.7(BMPR2):c.1766A>G (p.Tyr589Cys)"
"425889","VCV000425889.2","BMPR2","Uncertain significance","NM_001204.7(BMPR2):c.1175T>C (p.Val392Ala)"
"425888","VCV000425888.3","BMPR2","Pathogenic","NM_001204.7(BMPR2):c.1171G>A (p.Ala391Thr)"
"425887","VCV000425887.2","BMPR2","Likely pathogenic","NM_001204.7(BMPR2):c.1157A>T (p.Glu386Val)"
"425886","VCV000425886.2","BMPR2","Likely pathogenic","NM_001204.7(BMPR2):c.1157A>G (p.Glu386Gly)"
"425885","VCV000425885.2","BMPR2","Likely pathogenic","NM_001204.7(BMPR2):c.1157A>C (p.Glu386Ala)"
"425884","VCV000425884.4","BMPR2","Likely pathogenic","NM_001204.7(BMPR2):c.1156G>C (p.Glu386Gln)"
"425883","VCV000425883.2","BMPR2","Likely pathogenic","NM_001204.7(BMPR2):c.1156G>A (p.Glu386Lys)"
"425864","VCV000425864.5","BMPR2","Likely pathogenic","NM_001204.7(BMPR2):c.1019T>C (p.Leu340Pro)"
"425863","VCV000425863.3","BMPR2","Likely pathogenic","NM_001204.7(BMPR2):c.1016T>A (p.Val339Asp)"
"425842","VCV000425842.7","BMPR2","Likely pathogenic","NM_001204.7(BMPR2):c.908G>A (p.Arg303His)"
"425800","VCV000425800.2","BMPR2","Uncertain significance","NM_001204.7(BMPR2):c.529+2T>C"
"425733","VCV000425733.7","BMPR2","Likely pathogenic","NM_001204.7(BMPR2):c.247+6T>G"
"425731","VCV000425731.3","BMPR2","Likely pathogenic","NM_001204.7(BMPR2):c.247+1_247+7del"
"425725","VCV000425725.4","BMPR2","Likely pathogenic","NM_001204.7(BMPR2):c.240_241insT (p.Lys81Ter)"
"424599","VCV000424599.15","HNF4A","Likely pathogenic","NM_175914.5(HNF4A):c.926G>A (p.Arg309His)"
"424401","VCV000424401.22","DNM2/LOC130063529","Benign","NM_001005361.3(DNM2):c.8A>G (p.Asn3Ser)"
"423498","VCV000423498.15","FBN1","Pathogenic","NM_000138.5(FBN1):c.7775G>T (p.Cys2592Phe)"
"423100","VCV000423100.11","FOXN1","Likely pathogenic","NM_001369369.1(FOXN1):c.1315del (p.Leu439fs)"
"422945","VCV000422945.6","FOXN1","Likely pathogenic","NM_001369369.1(FOXN1):c.907del (p.Glu303fs)"
"422694","VCV000422694.4","LOC130068746/SLC9A6","Benign","NM_001379110.1(SLC9A6):c.-57+21del"
"420100","VCV000420100.21","ACTA1","Pathogenic","NM_001100.4(ACTA1):c.541del (p.Asp181fs)"
"420070","VCV000420070.10","GCK","Pathogenic","NM_000162.5(GCK):c.113A>C (p.Gln38Pro)"
"419664","VCV000419664.6","IL2RG","Likely pathogenic","NM_000206.3(IL2RG):c.545G>A (p.Cys182Tyr)"
"418656","VCV000418656.14","IL2RG","Pathogenic","NM_000206.3(IL2RG):c.982C>T (p.Arg328Ter)"
"418653","VCV000418653.7","PTEN","Likely pathogenic","NM_000314.8(PTEN):c.947T>C (p.Leu316Pro)"
"418538","VCV000418538.44","VHL","Likely benign","NM_000551.4(VHL):c.89G>A (p.Gly30Glu)"
"418451","VCV000418451.5","RAG1","Uncertain significance","NM_000448.3(RAG1):c.2690G>A (p.Arg897Gln)"
"418449","VCV000418449.10","RAG1","Uncertain significance","NM_000448.3(RAG1):c.2442G>T (p.Glu814Asp)"
"418257","VCV000418257.3","IL7R","Uncertain significance","NM_002185.5(IL7R):c.212T>C (p.Phe71Ser)"
"418256","VCV000418256.7","IL2RG","Uncertain significance","NM_000206.3(IL2RG):c.460C>T (p.Pro154Ser)"
"418228","VCV000418228.15","GCK","Likely pathogenic","NM_000162.5(GCK):c.1087G>A (p.Asp363Asn)"
"418218","VCV000418218.21","FOXN1","Pathogenic","NM_001369369.1(FOXN1):c.1201_1216del (p.Pro401fs)"
"418159","VCV000418159.10","DCLRE1C","Likely benign","NM_001033855.3(DCLRE1C):c.419C>T (p.Ala140Val)"
"416987","VCV000416987.43","DNM2","Benign","NM_001005361.3(DNM2):c.643G>A (p.Asp215Asn)"
"415834","VCV000415834.15","RUNX1","Benign","NM_001754.5(RUNX1):c.342C>A (p.Ile114=)"
"414302","VCV000414302.45","ENG","Uncertain significance","NM_001114753.3(ENG):c.-9G>A"
"414012","VCV000414012.19","RPGR","Benign","NM_001034853.2(RPGR):c.1399C>A (p.Gln467Lys)"
"412179","VCV000412179.24","DICER1","Likely benign","NM_177438.3(DICER1):c.4412C>T (p.Pro1471Leu)"
"412157","VCV000412157.26","DICER1","Likely benign","NM_177438.3(DICER1):c.128C>T (p.Thr43Met)"
"412125","VCV000412125.22","DICER1","Likely benign","NM_177438.3(DICER1):c.1430A>G (p.Asn477Ser)"
"412118","VCV000412118.19","DICER1","Likely benign","NM_177438.3(DICER1):c.4283T>A (p.Met1428Lys)"
"412066","VCV000412066.15","DICER1","Likely benign","NM_177438.3(DICER1):c.742T>A (p.Ser248Thr)"
"412056","VCV000412056.20","DICER1","Uncertain significance","NM_177438.3(DICER1):c.1423A>T (p.Ser475Cys)"
"411994","VCV000411994.13","LOC107303340/VHL","Uncertain significance","NM_000551.4(VHL):c.341-25_370dup"
"411368","VCV000411368.52","APC","Pathogenic","NM_000038.6(APC):c.2240C>G (p.Ser747Ter)"
"409829","VCV000409829.13","BMPR2","Pathogenic","NM_001204.7(BMPR2):c.968-5A>G"
"409828","VCV000409828.13","BMPR2","Uncertain significance","NM_001204.7(BMPR2):c.1509A>C (p.Glu503Asp)"
"409824","VCV000409824.9","RUNX1","Likely pathogenic","NM_001754.5(RUNX1):c.1283dup (p.Leu429fs)"
"409822","VCV000409822.10","RUNX1","Likely pathogenic","NM_001754.5(RUNX1):c.351+1G>C"
"409818","VCV000409818.12","RUNX1","Likely benign","NM_001754.5(RUNX1):c.801G>A (p.Met267Ile)"
"407510","VCV000407510.21","ATM","Pathogenic","NM_000051.4(ATM):c.5236G>A (p.Gly1746Arg)"
"407115","VCV000407115.73","ENG","Pathogenic","NM_001114753.3(ENG):c.991G>A (p.Gly331Ser)"
"406663","VCV000406663.85","CDH1","Pathogenic","NM_004360.5(CDH1):c.2195G>A (p.Arg732Gln)"
"406644","VCV000406644.30","CDH1","Pathogenic","NM_004360.5(CDH1):c.532-1G>C"
"406639","VCV000406639.27","CDH1","Likely benign","NM_004360.5(CDH1):c.408A>G (p.Gln136=)"
"402949","VCV000402949.5","HNF1A","Likely benign","NM_000545.8(HNF1A):c.539C>T (p.Ala180Val)"
"402341","VCV000402341.21","ADA","Pathogenic","NM_000022.4(ADA):c.845G>A (p.Arg282Gln)"
"397578","VCV000397578.4","HNF4A","Uncertain significance","NM_175914.5(HNF4A):c.640T>A (p.Ser214Thr)"
"393491","VCV000393491.16","MECP2","Likely benign","NM_001110792.2(MECP2):c.1216_1251del (p.Glu406_Pro417del)"
"392379","VCV000392379.3","FOXN1","Likely pathogenic","NM_001369369.1(FOXN1):c.962A>G (p.His321Arg)"
"386114","VCV000386114.7","SNHG14/UBE3A","Likely benign","NM_130839.5(UBE3A):c.2281-20A>G"
"385695","VCV000385695.27","NEB","Likely benign","NM_001164508.2(NEB):c.18464A>C (p.Tyr6155Ser)"
"385140","VCV000385140.17","MTM1","Benign","NM_000252.3(MTM1):c.582C>T (p.Leu194=)"
"384344","VCV000384344.47","FBN1","Uncertain significance","NM_000138.5(FBN1):c.6724C>T (p.Arg2242Cys)"
"382591","VCV000382591.5","TCF4","Uncertain significance","NM_001083962.2(TCF4):c.594G>T (p.Ser198=)"
"381576","VCV000381576.7","JAK3","Uncertain significance","NM_000215.4(JAK3):c.349C>T (p.Arg117Cys)"
"380330","VCV000380330.17","NRAS","Benign","NM_002524.5(NRAS):c.36T>G (p.Gly12=)"
"379896","VCV000379896.5","PIK3R1","Likely pathogenic","NM_181523.3(PIK3R1):c.1568+2T>C"
"379485","VCV000379485.14","SLC9A6","Likely benign","NM_001379110.1(SLC9A6):c.638-5A>G"
"378124","VCV000378124.10","MECP2","Uncertain significance","NM_001110792.2(MECP2):c.1448G>C (p.Arg483Thr)"
"377977","VCV000377977.14","IL7R","Likely benign","NM_002185.5(IL7R):c.339A>C (p.Glu113Asp)"
"377402","VCV000377402.33","ABCA4","Pathogenic","NM_000350.3(ABCA4):c.1531C>T (p.Arg511Cys)"
"376649","VCV000376649.30","TP53","Pathogenic","NM_000546.6(TP53):c.523C>G (p.Arg175Gly)"
"376632","VCV000376632.10","TP53","Pathogenic","NM_000546.6(TP53):c.332T>A (p.Leu111Gln)"
"376631","VCV000376631.6","TP53","Pathogenic","NM_000546.6(TP53):c.332T>G (p.Leu111Arg)"
"376615","VCV000376615.61","TP53","Pathogenic","NM_000546.6(TP53):c.641A>G (p.His214Arg)"
"376563","VCV000376563.9","TP53","Pathogenic","NM_000546.6(TP53):c.403T>G (p.Cys135Gly)"
"376098","VCV000376098.1","IL7R","Uncertain significance","NM_002185.5(IL7R):c.553A>T (p.Ser185Cys)"
"376067","VCV000376067.12","PIK3R1","Uncertain significance","NM_181523.3(PIK3R1):c.1692C>G (p.Asn564Lys)"
"376022","VCV000376022.17","RUNX1-AS1/RUNX1","Pathogenic","NM_001754.5(RUNX1):c.484A>G (p.Arg162Gly)"
"375822","VCV000375822.2","LDLR","Uncertain significance","NM_000527.5(LDLR):c.1738T>C (p.Ser580Pro)"
"374503","VCV000374503.59","DYSF","Pathogenic","NM_001130987.2(DYSF):c.5139del (p.Phe1713fs)"
"374497","VCV000374497.60","RPE65","Pathogenic","NM_000329.3(RPE65):c.130C>T (p.Arg44Ter)"
"374331","VCV000374331.21","SCN1A","Likely pathogenic","NM_001165963.4(SCN1A):c.1709G>A (p.Ser570Asn)"
"373960","VCV000373960.35","SCN3A","Pathogenic","NM_006922.4(SCN3A):c.2624T>C (p.Ile875Thr)"
"373746","VCV000373746.7","TCF4","Likely benign","NM_001083962.2(TCF4):c.706C>G (p.Pro236Ala)"
"373609","VCV000373609.35","ACVRL1","Likely benign","NM_000020.3(ACVRL1):c.1348A>G (p.Thr450Ala)"
"373089","VCV000373089.61","LZTR1","Pathogenic","NM_006767.4(LZTR1):c.1234C>T (p.Arg412Cys)"
"372933","VCV000372933.12","SLC6A8","Likely benign","NM_005629.4(SLC6A8):c.1319G>A (p.Arg440His)"
"372382","VCV000372382.8","HNF4A","Pathogenic","NM_175914.5(HNF4A):c.188G>A (p.Arg63Gln)"
"371781","VCV000371781.26","GJB2","Pathogenic","NM_004004.6(GJB2):c.2T>C (p.Met1Thr)"
"371622","VCV000371622.15","GAA","Pathogenic","NM_000152.5(GAA):c.-32-3C>A"
"371277","VCV000371277.61","GAA","Pathogenic","NM_000152.5(GAA):c.1564C>G (p.Pro522Ala)"
"370886","VCV000370886.19","ACADVL","Likely pathogenic","NM_000018.4(ACADVL):c.996dup (p.Ala333fs)"
"370639","VCV000370639.12","GAA","Pathogenic","NM_000152.5(GAA):c.2242del (p.Glu748fs)"
"370278","VCV000370278.24","GAA","Pathogenic","NM_000152.5(GAA):c.1076-22T>G"
"368123","VCV000368123.45","F8","Benign","NM_000132.4(F8):c.1508G>A (p.Arg503His)"
"368120","VCV000368120.18","F8","Benign","NM_000132.4(F8):c.2947G>A (p.Val983Ile)"
"368002","VCV000368002.25","F9","Benign","NM_000133.4(F9):c.1095A>G (p.Ser365=)"
"367998","VCV000367998.17","F9","Benign","NM_000133.4(F9):c.108C>T (p.Asn36=)"
"367997","VCV000367997.63","F9","Benign","NM_000133.4(F9):c.19A>T (p.Ile7Phe)"
"365088","VCV000365088.30","ENG/LOC102723566","Likely benign","NM_001114753.3(ENG):c.1316A>C (p.Lys439Thr)"
"353268","VCV000353268.19","IL7R","Uncertain significance","NM_002185.5(IL7R):c.707G>A (p.Gly236Glu)"
"353266","VCV000353266.17","IL7R","Likely benign","NM_002185.5(IL7R):c.602A>G (p.Tyr201Cys)"
"339879","VCV000339879.9","RUNX1","Benign","NM_001754.5(RUNX1):c.-59-10C>T"
"339848","VCV000339848.6","RUNX1","Uncertain significance","NM_001754.5(RUNX1):c.*1213C>G"
"339828","VCV000339828.6","RUNX1","Benign","NM_001754.5(RUNX1):c.*2532G>A"
"339816","VCV000339816.6","RUNX1","Likely benign","NM_001754.5(RUNX1):c.*3021A>G"
"339795","VCV000339795.6","RUNX1","Likely benign","NM_001754.5(RUNX1):c.*4147C>G"
"338506","VCV000338506.24","ADA","Uncertain significance","NM_000022.4(ADA):c.715G>A (p.Gly239Ser)"
"335952","VCV000335952.17","CYP1B1","Pathogenic","NM_000104.4(CYP1B1):c.1168C>T (p.Arg390Cys)"
"333652","VCV000333652.33","BMPR2","Likely benign","NM_001204.7(BMPR2):c.2948G>A (p.Arg983Gln)"
"333651","VCV000333651.37","BMPR2","Likely benign","NM_001204.7(BMPR2):c.2887G>T (p.Gly963Cys)"
"333647","VCV000333647.16","BMPR2","Uncertain significance","NM_001204.7(BMPR2):c.2352C>T (p.Val784=)"
"333645","VCV000333645.12","BMPR2","Uncertain significance","NM_001204.7(BMPR2):c.1481C>T (p.Ala494Val)"
"333642","VCV000333642.21","BMPR2","Likely benign","NM_001204.7(BMPR2):c.1042G>A (p.Val348Ile)"
"333638","VCV000333638.23","BMPR2","Likely benign","NM_001204.7(BMPR2):c.86A>G (p.Asn29Ser)"
"333636","VCV000333636.7","BMPR2","Likely benign","NM_001204.7(BMPR2):c.-93A>G"
"333629","VCV000333629.39","BMPR2/LOC129935434","Benign","NM_001204.7(BMPR2):c.-669G>A"
"328518","VCV000328518.15","JAK3","Likely benign","NM_000215.4(JAK3):c.649G>A (p.Val217Met)"
"328051","VCV000328051.30","LDLR","Benign","NM_000527.5(LDLR):c.940+9C>T"
"328050","VCV000328050.27","LDLR","Likely benign","NM_000527.5(LDLR):c.498C>T (p.Ala166=)"
"323871","VCV000323871.10","ITGB3","Likely benign","NM_000212.3(ITGB3):c.2085C>T (p.Tyr695=)"
"323564","VCV000323564.9","ITGA2B","Likely benign","NM_000419.5(ITGA2B):c.671-13C>T"
"323563","VCV000323563.10","ITGA2B","Likely benign","NM_000419.5(ITGA2B):c.799+15C>T"
"323562","VCV000323562.11","ITGA2B","Likely benign","NM_000419.5(ITGA2B):c.858C>T (p.Val286=)"
"323557","VCV000323557.12","ITGA2B","Likely benign","NM_000419.5(ITGA2B):c.1394-14C>T"
"322435","VCV000322435.16","FOXN1","Likely benign","NM_001369369.1(FOXN1):c.1706C>A (p.Ser569Tyr)"
"322433","VCV000322433.17","FOXN1","Benign","NM_001369369.1(FOXN1):c.1556T>A (p.Leu519Gln)"
"322430","VCV000322430.18","FOXN1","Benign","NM_001369369.1(FOXN1):c.1288C>T (p.Pro430Ser)"
"322428","VCV000322428.17","FOXN1","Likely benign","NM_001369369.1(FOXN1):c.1184C>T (p.Pro395Leu)"
"316212","VCV000316212.10","GATM","Uncertain significance","NM_001482.3(GATM):c.222C>T (p.Pro74=)"
"310040","VCV000310040.10","VWF","Likely benign","NM_000552.5(VWF):c.7698G>A (p.Lys2566=)"
"304553","VCV000304553.21","RAG2","Uncertain significance","NM_000536.4(RAG2):c.909G>T (p.Glu303Asp)"
"298020","VCV000298020.15","RPE65","Likely benign","NM_000329.3(RPE65):c.1194C>T (p.Asp398=)"
"293840","VCV000293840.7","SERPINC1","Likely benign","NM_000488.4(SERPINC1):c.-57G>A"
"293839","VCV000293839.16","SERPINC1","Likely benign","NM_000488.4(SERPINC1):c.870C>T (p.Phe290=)"
"290225","VCV000290225.27","GAA","Uncertain significance","NM_000152.5(GAA):c.1123C>T (p.Arg375Cys)"
"289969","VCV000289969.45","LZTR1","Likely pathogenic","NM_006767.4(LZTR1):c.1084C>T (p.Arg362Ter)"
"289644","VCV000289644.77","CAPN3","Pathogenic","NM_000070.3(CAPN3):c.1466G>A (p.Arg489Gln)"
"289367","VCV000289367.11","GAA","Likely pathogenic","NM_000152.5(GAA):c.1082C>G (p.Pro361Arg)"
"289310","VCV000289310.61","ABCA4","Pathogenic","NM_000350.3(ABCA4):c.3056C>T (p.Thr1019Met)"
"288531","VCV000288531.9","FOXG1","Likely pathogenic","NM_005249.5(FOXG1):c.689G>T (p.Arg230Leu)"
"288183","VCV000288183.22","DYSF","Pathogenic","NM_001130987.2(DYSF):c.1116C>G (p.Ser372Arg)"
"287735","VCV000287735.57","DCLRE1C","Benign","NM_001033855.3(DCLRE1C):c.1284A>C (p.Lys428Asn)"
"285589","VCV000285589.29","GAA","Likely pathogenic","NM_000152.5(GAA):c.1402A>T (p.Ile468Phe)"
"285366","VCV000285366.47","GAA","Uncertain significance","NM_000152.5(GAA):c.726G>A (p.Ala242=)"
"285340","VCV000285340.26","CAPN3","Pathogenic","NM_000070.3(CAPN3):c.2148G>T (p.Glu716Asp)"
"285197","VCV000285197.44","GAA","Pathogenic","NM_000152.5(GAA):c.2297A>G (p.Tyr766Cys)"
"285157","VCV000285157.30","GAA","Pathogenic","NM_000152.5(GAA):c.1447G>A (p.Gly483Arg)"
"285094","VCV000285094.20","MTM1","Benign","NM_000252.3(MTM1):c.339T>C (p.Cys113=)"
"284254","VCV000284254.70","DYSF","Pathogenic","NM_001130987.2(DYSF):c.2929C>T (p.Arg977Trp)"
"283536","VCV000283536.9","SLC9A6","Benign","NM_001379110.1(SLC9A6):c.1380C>T (p.Ser460=)"
"283358","VCV000283358.33","GCK","Pathogenic","NM_000162.5(GCK):c.572G>A (p.Arg191Gln)"
"282260","VCV000282260.17","ABCA4","Likely pathogenic","NM_000350.3(ABCA4):c.6113G>A (p.Arg2038Gln)"
"282138","VCV000282138.49","GAA","Likely benign","NM_000152.5(GAA):c.258C>A (p.Pro86=)"
"282017","VCV000282017.24","LOC126862757/TCF4","Benign","NM_001083962.2(TCF4):c.790-9T>C"
"281818","VCV000281818.98","USH2A","Likely pathogenic","NM_206933.4(USH2A):c.12574C>T (p.Arg4192Cys)"
"281715","VCV000281715.11","RPE65","Pathogenic","NM_000329.3(RPE65):c.331C>T (p.Pro111Ser)"
"281232","VCV000281232.71","GAA","Likely benign","NM_000152.5(GAA):c.2152G>A (p.Val718Ile)"
"281141","VCV000281141.11","SGCG","Likely benign","NM_000231.3(SGCG):c.196-7_196-6del"
"281042","VCV000281042.48","ACADVL","Likely pathogenic","NM_000018.4(ACADVL):c.830AGA[1] (p.Lys278del)"
"280956","VCV000280956.51","GAA","Uncertain significance","NM_000152.5(GAA):c.510C>T (p.Asp170=)"
"280955","VCV000280955.42","GAA","Pathogenic","NM_000152.5(GAA):c.546G>A (p.Thr182=)"
"280954","VCV000280954.32","GAA","Pathogenic","NM_000152.5(GAA):c.1912G>T (p.Gly638Trp)"
"280863","VCV000280863.12","ACTA1","Likely pathogenic","NM_001100.4(ACTA1):c.435C>A (p.Tyr145Ter)"
"280226","VCV000280226.7","SLC6A8","Uncertain significance","NM_005629.4(SLC6A8):c.1072_1095del (p.Val358_Phe365del)"
"279747","VCV000279747.19","CDH1","Pathogenic","NM_004360.5(CDH1):c.1711+1G>C"
"265979","VCV000265979.41","USH2A/USH2A-AS2","Likely pathogenic","NM_206933.4(USH2A):c.5516T>A (p.Val1839Glu)"
"265634","VCV000265634.25","ATM","Pathogenic","NM_000051.4(ATM):c.387del (p.Asp130fs)"
"263898","VCV000263898.19","FBN1","Likely pathogenic","NM_000138.5(FBN1):c.6032G>A (p.Cys2011Tyr)"
"263414","VCV000263414.13","FBN1","Likely pathogenic","NM_000138.5(FBN1):c.8488C>T (p.Gln2830Ter)"
"262915","VCV000262915.4","HNF4A","Uncertain significance","NM_175914.5(HNF4A):c.670+18C>A"
"257447","VCV000257447.15","ACTA1","Benign","NM_001100.4(ACTA1):c.617-5C>T"
"256586","VCV000256586.17","RYR1","Likely benign","NM_000540.3(RYR1):c.958-11del"
"256188","VCV000256188.55","RAG1","Benign","NM_000448.3(RAG1):c.1346G>A (p.Arg449Lys)"
"255361","VCV000255361.32","GAA","Benign","NM_000152.5(GAA):c.2668G>C (p.Val890Leu)"
"254653","VCV000254653.7","PPP1CB","Likely pathogenic","NM_002709.3(PPP1CB):c.820G>A (p.Glu274Lys)"
"252889","VCV000252889.22","BRCA1","Uncertain significance","NM_007294.4(BRCA1):c.628C>T (p.Gln210Ter)"
"252471","VCV000252471.18","JAK3","Likely benign","NM_000215.4(JAK3):c.187A>G (p.Ile63Val)"
"252308","VCV000252308.10","LDLR","Uncertain significance","NM_000527.5(LDLR):c.2389+14G>A"
"252173","VCV000252173.25","LDLR","Likely pathogenic","NM_000527.5(LDLR):c.2023G>A (p.Gly675Ser)"
"252115","VCV000252115.7","LDLR","Uncertain significance","NM_000527.5(LDLR):c.1928C>T (p.Ala643Val)"
"252096","VCV000252096.29","LDLR","Uncertain significance","NM_000527.5(LDLR):c.1867A>G (p.Ile623Val)"
"251949","VCV000251949.6","LDLR","Uncertain significance","NM_000527.5(LDLR):c.1640T>C (p.Leu547Pro)"
"251900","VCV000251900.2","LDLR","Likely pathogenic","NM_000527.5(LDLR):c.1567G>T (p.Val523Leu)"
"251886","VCV000251886.26","LDLR","Uncertain significance","NM_000527.5(LDLR):c.1529C>T (p.Thr510Met)"
"251881","VCV000251881.26","LDLR","Uncertain significance","NM_000527.5(LDLR):c.1516G>A (p.Val506Met)"
"251870","VCV000251870.15","LDLR","Likely pathogenic","NM_000527.5(LDLR):c.1495T>C (p.Ser499Pro)"
"251864","VCV000251864.34","LDLR/MIR6886","Likely pathogenic","NM_000527.5(LDLR):c.1474G>C (p.Asp492His)"
"251852","VCV000251852.3","LDLR","Uncertain significance","NM_000527.5(LDLR):c.1456A>G (p.Ser486Gly)"
"251845","VCV000251845.2","LDLR","Uncertain significance","NM_000527.5(LDLR):c.1444G>T (p.Asp482Tyr)"
"251840","VCV000251840.10","LDLR","Uncertain significance","NM_000527.5(LDLR):c.1436T>C (p.Leu479Pro)"
"251838","VCV000251838.24","LDLR","Uncertain significance","NM_000527.5(LDLR):c.1429G>A (p.Asp477Asn)"
"251823","VCV000251823.7","LDLR","Likely benign","NM_000527.5(LDLR):c.1383C>T (p.Gly461=)"
"251817","VCV000251817.1","LDLR","Uncertain significance","NM_000527.5(LDLR):c.1367T>A (p.Leu456His)"
"251767","VCV000251767.9","LDLR","Pathogenic","NM_000527.5(LDLR):c.1285G>T (p.Val429Leu)"
"251766","VCV000251766.18","LDLR","Uncertain significance","NM_000527.5(LDLR):c.1284C>G (p.Asn428Lys)"
"251763","VCV000251763.19","LDLR","Likely pathogenic","NM_000527.5(LDLR):c.1277T>C (p.Leu426Pro)"
"251731","VCV000251731.8","LDLR","Likely pathogenic","NM_000527.5(LDLR):c.1204TTC[1] (p.Phe403del)"
"251657","VCV000251657.33","LDLR","Likely pathogenic","NM_000527.5(LDLR):c.1090T>C (p.Cys364Arg)"
"251252","VCV000251252.31","LDLR","Uncertain significance","NM_000527.5(LDLR):c.491T>C (p.Leu164Pro)"
"251249","VCV000251249.8","LDLR","Uncertain significance","NM_000527.5(LDLR):c.479G>A (p.Cys160Tyr)"
"251130","VCV000251130.3","LDLR","Likely pathogenic","NM_000527.5(LDLR):c.311G>T (p.Cys104Phe)"
"250983","VCV000250983.10","LDLR/LDLR-AS1","Likely benign","NM_000527.5(LDLR):c.48C>A (p.Leu16=)"
"250927","VCV000250927.20","LDLR/LDLR-AS1","Benign","NC_000019.10:g.11089332C>T"
"246416","VCV000246416.10","TP53","Pathogenic","NM_000546.6(TP53):c.490A>G (p.Lys164Glu)"
"242101","VCV000242101.21","DICER1","Likely benign","NM_177438.3(DICER1):c.4189T>C (p.Trp1397Arg)"
"242037","VCV000242037.30","DICER1","Benign","NM_177438.3(DICER1):c.1381A>G (p.Ile461Val)"
"242033","VCV000242033.20","DICER1","Likely benign","NM_177438.3(DICER1):c.1168T>C (p.Tyr390His)"
"242030","VCV000242030.23","DICER1","Likely benign","NM_177438.3(DICER1):c.1089C>T (p.Phe363=)"
"239915","VCV000239915.13","CDH1","Likely pathogenic","NM_004360.5(CDH1):c.833-9C>G"
"239056","VCV000239056.12","RUNX1","Likely benign","NM_001754.5(RUNX1):c.832C>T (p.Pro278Ser)"
"239055","VCV000239055.24","RUNX1","Likely benign","NM_001754.5(RUNX1):c.749G>A (p.Arg250His)"
"239054","VCV000239054.13","RUNX1","Likely benign","NM_001754.5(RUNX1):c.737C>T (p.Thr246Met)"
"239047","VCV000239047.25","RUNX1","Benign","NM_001754.5(RUNX1):c.303G>T (p.Val101=)"
"237024","VCV000237024.46","ENG","Likely benign","NM_001114753.3(ENG):c.1762G>A (p.Val588Ile)"
"237022","VCV000237022.23","ENG/LOC102723566","Likely benign","NM_001114753.3(ENG):c.1633G>A (p.Gly545Ser)"
"236480","VCV000236480.6","RPE65","Pathogenic","NM_000329.3(RPE65):c.726-2A>C"
"236014","VCV000236014.20","GCK","Pathogenic","NM_000162.5(GCK):c.1148C>T (p.Ser383Leu)"
"235402","VCV000235402.41","NEB","Pathogenic","NM_001164508.2(NEB):c.19944G>A (p.Ser6648=)"
"235097","VCV000235097.9","GCK","Likely pathogenic","NM_000162.5(GCK):c.89T>C (p.Leu30Pro)"
"233979","VCV000233979.28","CDH1","Pathogenic","NM_004360.5(CDH1):c.1137+1G>A"
"233627","VCV000233627.21","TP53","Pathogenic","NM_000546.6(TP53):c.329G>C (p.Arg110Pro)"
"232537","VCV000232537.20","BRCA2","Likely pathogenic","NM_000059.4(BRCA2):c.7826G>T (p.Gly2609Val)"
"231916","VCV000231916.39","PTEN","Pathogenic","NM_000314.8(PTEN):c.103A>G (p.Met35Val)"
"231647","VCV000231647.22","CDH1","Pathogenic","NM_004360.5(CDH1):c.1008G>A (p.Glu336=)"
"231485","VCV000231485.25","TP53","Benign","NM_000546.6(TP53):c.1060C>A (p.Gln354Lys)"
"231277","VCV000231277.32","ATM","Pathogenic","NM_000051.4(ATM):c.3078-1G>A"
"230862","VCV000230862.32","BRCA1","Likely pathogenic","NM_007294.4(BRCA1):c.122A>T (p.His41Leu)"
"230269","VCV000230269.30","TP53","Benign","NM_000546.6(TP53):c.1120G>C (p.Gly374Arg)"
"230061","VCV000230061.30","BRCA1","Pathogenic","NM_007294.4(BRCA1):c.132C>T (p.Cys44=)"
"229794","VCV000229794.61","ATM","Likely pathogenic","NM_000051.4(ATM):c.875C>T (p.Pro292Leu)"
"228460","VCV000228460.6","BMPR2","Pathogenic","NM_001204.7(BMPR2):c.901T>C (p.Ser301Pro)"
"226353","VCV000226353.7","LDLR","Pathogenic","NM_000527.5(LDLR):c.1285G>C (p.Val429Leu)"
"226327","VCV000226327.53","LDLR","Likely benign","NM_000527.5(LDLR):c.564C>T (p.Tyr188=)"
"225375","VCV000225375.24","GJB2","Pathogenic","NM_004004.6(GJB2):c.583A>G (p.Met195Val)"
"225353","VCV000225353.13","F8","Benign","NM_000132.4(F8):c.6724G>A (p.Val2242Met)"
"225305","VCV000225305.10","BMPR2","Likely benign","NM_001204.7(BMPR2):c.276A>C (p.Gln92His)"
"225194","VCV000225194.23","IL2RG","Pathogenic","NM_000206.3(IL2RG):c.670C>T (p.Arg224Trp)"
"225114","VCV000225114.22","GAA","Likely pathogenic","NM_000152.5(GAA):c.854C>G (p.Pro285Arg)"
"224998","VCV000224998.29","RYR1","Pathogenic","NM_000540.3(RYR1):c.10347+1G>A"
"223171","VCV000223171.21","VHL","Likely pathogenic","NM_000551.4(VHL):c.264G>T (p.Trp88Cys)"
"222971","VCV000222971.8","NRAS","Likely pathogenic","NM_002524.5(NRAS):c.71T>A (p.Ile24Asn)"
"222610","VCV000222610.9","FBN1","Likely pathogenic","NM_000138.5(FBN1):c.6820T>C (p.Cys2274Arg)"
"220773","VCV000220773.21","DICER1","Likely benign","NM_177438.3(DICER1):c.4874C>A (p.Ser1625Tyr)"
"220353","VCV000220353.23","BRCA2","Pathogenic","NM_000059.4(BRCA2):c.8754+4A>T"
"219896","VCV000219896.61","BRCA2","Likely pathogenic","NM_000059.4(BRCA2):c.632-3C>G"
"219787","VCV000219787.52","ATM/C11orf65","Uncertain significance","NM_000051.4(ATM):c.6115G>A (p.Glu2039Lys)"
"219179","VCV000219179.5","GCK","Likely pathogenic","NM_000162.5(GCK):c.1030G>T (p.Asp344Tyr)"
"216926","VCV000216926.33","F9","Pathogenic","NM_000133.4(F9):c.835G>A (p.Ala279Thr)"
"215996","VCV000215996.28","TP53","Pathogenic","NM_000546.6(TP53):c.1025G>C (p.Arg342Pro)"
"213212","VCV000213212.40","ENG/LOC102723566","Pathogenic","NM_001114753.3(ENG):c.1586G>A (p.Arg529His)"
"213200","VCV000213200.75","ENG","Benign","NM_001114753.3(ENG):c.572G>A (p.Gly191Asp)"
"212810","VCV000212810.11","BMPR2","Uncertain significance","NM_001204.7(BMPR2):c.797G>C (p.Arg266Thr)"
"212217","VCV000212217.9","SLC9A6","Benign","NM_001379110.1(SLC9A6):c.*12C>T"
"211031","VCV000211031.37","FOXG1","Benign","NM_005249.5(FOXG1):c.1384A>G (p.Ser462Gly)"
"209092","VCV000209092.20","SOS2","Likely pathogenic","NM_006939.4(SOS2):c.800T>A (p.Met267Lys)"
"209089","VCV000209089.49","LZTR1","Likely pathogenic","NM_006767.4(LZTR1):c.850C>T (p.Arg284Cys)"
"209088","VCV000209088.56","LZTR1","Likely pathogenic","NM_006767.4(LZTR1):c.742G>A (p.Gly248Arg)"
"208653","VCV000208653.9","CDKL5","Uncertain significance","NM_001323289.2(CDKL5):c.514G>A (p.Val172Ile)"
"207529","VCV000207529.11","TCF4","Likely benign","NM_001083962.2(TCF4):c.305G>A (p.Ser102Asn)"
"207236","VCV000207236.7","SLC9A6","Likely benign","NM_001379110.1(SLC9A6):c.-56-25C>G"
"207233","VCV000207233.12","SLC9A6","Likely benign","NM_001379110.1(SLC9A6):c.452A>T (p.His151Leu)"
"207024","VCV000207024.71","SCN2A","Pathogenic","NM_001040142.2(SCN2A):c.5317G>A (p.Ala1773Thr)"
"207018","VCV000207018.50","SCN2A","Pathogenic","NM_001040142.2(SCN2A):c.4879G>A (p.Val1627Met)"
"206852","VCV000206852.13","SCN1A/LOC102724058","Pathogenic","NM_001165963.4(SCN1A):c.4916G>C (p.Arg1639Pro)"
"206744","VCV000206744.8","SCN1A","Likely pathogenic","NM_001165963.4(SCN1A):c.656G>C (p.Arg219Thr)"
"205566","VCV000205566.8","GAMT","Uncertain significance","NM_000156.6(GAMT):c.331A>C (p.Ile111Leu)"
"205497","VCV000205497.22","FOXG1","Likely benign","NM_005249.5(FOXG1):c.1045T>G (p.Ser349Ala)"
"205491","VCV000205491.15","FOXG1","Pathogenic","NM_005249.5(FOXG1):c.701C>T (p.Ser234Phe)"
"205483","VCV000205483.5","FOXG1","Uncertain significance","NM_005249.5(FOXG1):c.503G>T (p.Gly168Val)"
"205476","VCV000205476.16","FOXG1","Benign","NM_005249.5(FOXG1):c.1273T>C (p.Ser425Pro)"
"205475","VCV000205475.18","FOXG1","Benign","NM_005249.5(FOXG1):c.594C>G (p.Pro198=)"
"205472","VCV000205472.9","FOXG1","Benign","NM_005249.5(FOXG1):c.386_397dup (p.Glu129_Gly132dup)"
"205471","VCV000205471.43","FOXG1","Benign","NM_005249.5(FOXG1):c.376G>A (p.Gly126Ser)"
"205470","VCV000205470.10","FOXG1","Benign","NM_005249.5(FOXG1):c.344C>T (p.Ala115Val)"
"205468","VCV000205468.7","FOXG1","Benign","NM_005249.5(FOXG1):c.221C>A (p.Pro74Gln)"
"205462","VCV000205462.10","FOXG1","Benign","NM_005249.5(FOXG1):c.141CCA[4] (p.His55_His57del)"
"203597","VCV000203597.24","ACADVL","Uncertain significance","NM_000018.4(ACADVL):c.507_527del (p.Met169_Gly175del)"
"203587","VCV000203587.26","ACADVL","Likely pathogenic","NM_000018.4(ACADVL):c.1532G>A (p.Arg511Gln)"
"203579","VCV000203579.45","ACADVL","Likely pathogenic","NM_000018.4(ACADVL):c.1096C>T (p.Arg366Cys)"
"201153","VCV000201153.7","RYR1","Uncertain significance","NM_000540.3(RYR1):c.14815G>A (p.Asp4939Asn)"
"200921","VCV000200921.66","LDLR","Pathogenic","NM_000527.5(LDLR):c.1747C>T (p.His583Tyr)"
"200177","VCV000200177.16","LOC113939944/FBN1","Likely pathogenic","NM_000138.5(FBN1):c.1147G>A (p.Glu383Lys)"
"200167","VCV000200167.19","FBN1","Uncertain significance","NM_000138.5(FBN1):c.6163+2dup"
"200084","VCV000200084.22","FBN1","Pathogenic","NM_000138.5(FBN1):c.6448C>T (p.Arg2150Cys)"
"200022","VCV000200022.42","FBN1","Pathogenic","NM_000138.5(FBN1):c.3712G>A (p.Asp1238Asn)"
"198690","VCV000198690.18","CAPN3","Likely pathogenic","NM_000070.3(CAPN3):c.1076C>T (p.Pro359Leu)"
"198683","VCV000198683.38","ACADVL","Likely pathogenic","NM_000018.4(ACADVL):c.637G>A (p.Ala213Thr)"
"198416","VCV000198416.18","RPE65","Likely benign","NM_000329.3(RPE65):c.675C>G (p.Ile225Met)"
"198393","VCV000198393.52","GAA","Uncertain significance","NM_000152.5(GAA):c.1194+3G>C"
"198055","VCV000198055.12","GUCY2D","Uncertain significance","NM_000180.4(GUCY2D):c.1499C>T (p.Pro500Leu)"
"198050","VCV000198050.18","GCK","Pathogenic","NM_000162.5(GCK):c.601G>T (p.Ala201Ser)"
"197662","VCV000197662.35","PTEN","Uncertain significance","NM_000314.8(PTEN):c.424C>T (p.Arg142Trp)"
"197244","VCV000197244.51","MECP2","Benign","NM_001110792.2(MECP2):c.1200A>C (p.Pro400=)"
"194857","VCV000194857.51","SCN3A","Benign","NM_006922.4(SCN3A):c.3250G>A (p.Val1084Ile)"
"194643","VCV000194643.11","SLC9A6","Benign","NM_001379110.1(SLC9A6):c.*5_*8delinsTT"
"194555","VCV000194555.34","SCN2A","Pathogenic","NM_001040142.2(SCN2A):c.2558G>A (p.Arg853Gln)"
"194316","VCV000194316.26","ACADVL","Likely pathogenic","NM_000018.4(ACADVL):c.1367G>A (p.Arg456His)"
"193990","VCV000193990.64","ABCA4","Likely benign","NM_000350.3(ABCA4):c.1654G>A (p.Val552Ile)"
"193975","VCV000193975.47","GAA","Uncertain significance","NM_000152.5(GAA):c.1722C>T (p.Leu574=)"
"193309","VCV000193309.11","FOXG1","Benign","NM_005249.5(FOXG1):c.*4C>T"
"191476","VCV000191476.68","KCNQ1","Uncertain significance","NM_000218.3(KCNQ1):c.590C>T (p.Pro197Leu)"
"189929","VCV000189929.13","SCN1A","Likely pathogenic","NM_001165963.4(SCN1A):c.2303C>T (p.Pro768Leu)"
"189762","VCV000189762.15","LOC130068854/MECP2","Likely benign","NM_001110792.2(MECP2):c.6CGC[9] (p.Ala6_Ala8dup)"
"189549","VCV000189549.6","CDKL5","Likely pathogenic","NM_001323289.2(CDKL5):c.656A>C (p.Gln219Pro)"
"189481","VCV000189481.5","PTEN","Uncertain significance","NM_000314.8(PTEN):c.254-2A>G"
"189297","VCV000189297.13","LDLR","Uncertain significance","NM_000527.5(LDLR):c.811G>A (p.Val271Ile)"
"189243","VCV000189243.82","SGCG","Pathogenic","NM_000231.3(SGCG):c.525del (p.Phe175fs)"
"189124","VCV000189124.27","GAA","Pathogenic","NM_000152.5(GAA):c.1556T>C (p.Met519Thr)"
"189007","VCV000189007.32","GAA","Pathogenic","NM_000152.5(GAA):c.1441T>C (p.Trp481Arg)"
"188933","VCV000188933.69","PAH","Pathogenic","NM_000277.3(PAH):c.113TCT[1] (p.Phe39del)"
"188480","VCV000188480.35","GAA","Uncertain significance","NM_000152.5(GAA):c.1375G>A (p.Asp459Asn)"
"188476","VCV000188476.46","GAA","Likely benign","NM_000152.5(GAA):c.676C>G (p.Leu226Val)"
"188060","VCV000188060.25","TP53","Likely pathogenic","NM_000546.6(TP53):c.589G>A (p.Val197Met)"
"186937","VCV000186937.23","CDH1","Likely benign","NM_004360.5(CDH1):c.1296C>G (p.Asn432Lys)"
"186363","VCV000186363.28","TP53","Benign","NM_000546.6(TP53):c.145G>A (p.Asp49Asn)"
"186005","VCV000186005.24","PTEN","Pathogenic","NM_000314.8(PTEN):c.70G>C (p.Asp24His)"
"184838","VCV000184838.33","CDH1","Benign","NM_004360.5(CDH1):c.2638G>A (p.Glu880Lys)"
"184702","VCV000184702.63","APC","Uncertain significance","NM_000038.6(APC):c.70C>T (p.Arg24Ter)"
"184069","VCV000184069.29","CDH1","Likely benign","NM_004360.5(CDH1):c.1170C>T (p.Asn390=)"
"184020","VCV000184020.17","PTEN","Likely benign","NM_000314.8(PTEN):c.159A>G (p.Val53=)"
"183803","VCV000183803.66","CDH1","Likely benign","NM_004360.5(CDH1):c.1500C>T (p.Gly500=)"
"183116","VCV000183116.57","LDLR","Pathogenic","NM_000527.5(LDLR):c.1414G>T (p.Asp472Tyr)"
"183113","VCV000183113.18","LDLR","Likely pathogenic","NM_000527.5(LDLR):c.1381G>T (p.Gly461Cys)"
"183089","VCV000183089.42","LDLR","Likely pathogenic","NM_000527.5(LDLR):c.542C>G (p.Pro181Arg)"
"183085","VCV000183085.33","LDLR","Likely pathogenic","NM_000527.5(LDLR):c.352G>T (p.Asp118Tyr)"
"182963","VCV000182963.21","TP53","Likely pathogenic","NM_000546.6(TP53):c.524G>T (p.Arg175Leu)"
"181996","VCV000181996.27","ATM","Likely pathogenic","NM_000051.4(ATM):c.4394T>C (p.Leu1465Pro)"
"181528","VCV000181528.25","SHOC2","Pathogenic","NM_007373.4(SHOC2):c.519G>A (p.Met173Ile)"
"180142","VCV000180142.10","GAA","Likely pathogenic","NM_000152.5(GAA):c.1004G>A (p.Gly335Glu)"
"179773","VCV000179773.56","USH2A/USH2A-AS2","Pathogenic","NM_206933.4(USH2A):c.5012G>A (p.Gly1671Asp)"
"167677","VCV000167677.85","SGCA","Pathogenic","NM_000023.4(SGCA):c.739G>A (p.Val247Met)"
"167115","VCV000167115.31","GAA","Benign","NM_000152.5(GAA):c.2400C>T (p.Ser800=)"
"167025","VCV000167025.56","DYSF","Pathogenic","NM_001130987.2(DYSF):c.3886C>T (p.Gln1296Ter)"
"167021","VCV000167021.15","DYSF","Pathogenic","NM_001130987.2(DYSF):c.2844G>C (p.Trp948Cys)"
"166643","VCV000166643.20","ACADVL","Likely pathogenic","NM_000018.4(ACADVL):c.637G>C (p.Ala213Pro)"
"166641","VCV000166641.38","ACADVL","Likely pathogenic","NM_000018.4(ACADVL):c.538G>A (p.Ala180Thr)"
"166640","VCV000166640.14","ACADVL","Likely benign","NM_000018.4(ACADVL):c.189A>G (p.Lys63=)"
"161402","VCV000161402.58","VHL","Benign","NM_000551.4(VHL):c.154G>A (p.Glu52Lys)"
"161396","VCV000161396.79","TNNI3","Uncertain significance","NM_000363.5(TNNI3):c.484C>T (p.Arg162Trp)"
"161285","VCV000161285.69","LDLR","Pathogenic","NM_000527.5(LDLR):c.1474G>A (p.Asp492Asn)"
"161284","VCV000161284.62","LDLR","Pathogenic","NM_000527.5(LDLR):c.1444G>A (p.Asp482Asn)"
"161278","VCV000161278.64","LDLR","Uncertain significance","NM_000527.5(LDLR):c.2441G>A (p.Arg814Gln)"
"161275","VCV000161275.27","LDLR","Uncertain significance","NM_000527.5(LDLR):c.1057G>A (p.Glu353Lys)"
"161232","VCV000161232.66","ENG","Benign","NM_001114753.3(ENG):c.392C>T (p.Pro131Leu)"
"161231","VCV000161231.58","ENG/LOC102723566","Likely benign","NM_001114753.3(ENG):c.1510G>A (p.Val504Met)"
"161229","VCV000161229.56","ENG","Likely benign","NM_001114753.3(ENG):c.1844C>T (p.Ser615Leu)"
"161202","VCV000161202.29","ACVRL1","Likely benign","NM_000020.3(ACVRL1):c.88C>T (p.Pro30Ser)"
"161201","VCV000161201.66","ACVRL1","Likely benign","NM_000020.3(ACVRL1):c.1445C>T (p.Ala482Val)"
"160221","VCV000160221.11","UBE3A","Likely pathogenic","NM_130839.5(UBE3A):c.2609G>A (p.Gly870Asp)"
"160092","VCV000160092.41","TCF4","Pathogenic","NM_001083962.2(TCF4):c.990G>A (p.Ser330=)"
"158987","VCV000158987.23","MTM1","Pathogenic","NM_000252.3(MTM1):c.614C>T (p.Pro205Leu)"
"158984","VCV000158984.19","MTM1","Likely pathogenic","NM_000252.3(MTM1):c.575A>G (p.Tyr192Cys)"
"158953","VCV000158953.7","MTM1","Likely pathogenic","NM_000252.3(MTM1):c.1792del (p.His598fs)"
"158884","VCV000158884.14","MECP2","Likely benign","NM_001110792.2(MECP2):c.852G>A (p.Pro284=)"
"158591","VCV000158591.33","FOXG1","Benign","NM_005249.5(FOXG1):c.209A>C (p.Gln70Pro)"
"158179","VCV000158179.47","CDKL5","Pathogenic","NM_001323289.2(CDKL5):c.146-1G>A"
"156685","VCV000156685.18","CDKL5","Benign","NM_001323289.2(CDKL5):c.1721C>T (p.Pro574Leu)"
"156623","VCV000156623.9","SNHG14/UBE3A","Uncertain significance","NM_130839.5(UBE3A):c.412A>G (p.Arg138Gly)"
"156598","VCV000156598.4","CDKL5","Uncertain significance","NM_001323289.2(CDKL5):c.404-3C>A"
"156596","VCV000156596.4","CDKL5","Pathogenic","NM_001323289.2(CDKL5):c.351T>A (p.Tyr117Ter)"
"156592","VCV000156592.4","CDKL5","Pathogenic","NM_001323289.2(CDKL5):c.220G>T (p.Glu74Ter)"
"143796","VCV000143796.7","CDKL5","Pathogenic","NM_001323289.2(CDKL5):c.2152G>A (p.Val718Met)"
"143756","VCV000143756.14","MECP2","Likely benign","NM_001110792.2(MECP2):c.1018C>G (p.Leu340Val)"
"143743","VCV000143743.10","MECP2","Pathogenic","NM_001110792.2(MECP2):c.947A>G (p.Lys316Arg)"
"143710","VCV000143710.9","MECP2","Likely pathogenic","NM_001110792.2(MECP2):c.872C>T (p.Ala291Val)"
"143609","VCV000143609.31","MECP2","Likely benign","NM_001110792.2(MECP2):c.554C>G (p.Pro185Arg)"
"143556","VCV000143556.5","MECP2","Pathogenic","NM_001110792.2(MECP2):c.428C>A (p.Ala143Asp)"
"143493","VCV000143493.10","MECP2","Uncertain significance","NM_001110792.2(MECP2):c.189C>G (p.His63Gln)"
"143475","VCV000143475.15","MECP2","Likely benign","NM_001110792.2(MECP2):c.1466G>C (p.Ser489Thr)"
"143418","VCV000143418.9","MECP2","Likely benign","NM_001110792.2(MECP2):c.1214C>T (p.Pro405Leu)"
"143340","VCV000143340.24","MECP2","Likely benign","NM_001110792.2(MECP2):c.1169C>G (p.Ala390Gly)"
"142905","VCV000142905.15","CDH1","Likely pathogenic","NM_004360.5(CDH1):c.2439+5_2439+8del"
"142435","VCV000142435.49","CDH1","Likely benign","NM_004360.5(CDH1):c.2204C>T (p.Ala735Val)"
"142391","VCV000142391.52","BRCA2","Benign","NM_000059.4(BRCA2):c.9234C>T (p.Val3078=)"
"142386","VCV000142386.37","TP53","Benign","NM_000546.6(TP53):c.217G>A (p.Val73Met)"
"142003","VCV000142003.78","TP53","Benign","NM_000546.6(TP53):c.1079G>C (p.Gly360Ala)"
"141828","VCV000141828.29","CDH1","Benign","NM_004360.5(CDH1):c.1178T>A (p.Ile393Asn)"
"141802","VCV000141802.34","CDH1","Likely benign","NM_004360.5(CDH1):c.2450C>T (p.Ala817Val)"
"141597","VCV000141597.26","TP53","Benign","NM_000546.6(TP53):c.107C>A (p.Pro36Gln)"
"141483","VCV000141483.65","TP53","Benign","NM_000546.6(TP53):c.892G>A (p.Glu298Lys)"
"141474","VCV000141474.31","ATM","Pathogenic","NM_000051.4(ATM):c.1355del (p.Thr452fs)"
"141044","VCV000141044.28","LOC107303340/VHL","Uncertain significance","NM_000551.4(VHL):c.376G>A (p.Asp126Asn)"
"141010","VCV000141010.31","CDH1","Likely benign","NM_004360.5(CDH1):c.1132A>C (p.Thr378Pro)"
"140840","VCV000140840.38","CDH1","Benign","NM_004360.5(CDH1):c.2336G>A (p.Arg779Gln)"
"138982","VCV000138982.25","LOC102724058/SCN1A","Benign","NM_001165963.4(SCN1A):c.4393A>G (p.Ile1465Val)"
"138884","VCV000138884.19","RAG1","Benign","NM_000448.3(RAG1):c.2638G>A (p.Glu880Lys)"
"137905","VCV000137905.26","VHL","Benign","NM_000551.4(VHL):c.246C>T (p.Arg82=)"
"136261","VCV000136261.30","ACADVL","Benign","NM_000018.4(ACADVL):c.693T>A (p.Ser231=)"
"135951","VCV000135951.82","VHL","Benign","NM_000551.4(VHL):c.183C>G (p.Pro61=)"
"135775","VCV000135775.30","ATM/C11orf65","Pathogenic","NM_000051.4(ATM):c.6807G>A (p.Gln2269=)"
"135405","VCV000135405.27","VHL","Benign","NM_000551.4(VHL):c.119C>T (p.Pro40Leu)"
"135360","VCV000135360.33","TP53","Benign","NM_000546.6(TP53):c.1096T>G (p.Ser366Ala)"
"134580","VCV000134580.21","JAK3","Benign","NM_000215.4(JAK3):c.394C>A (p.Pro132Thr)"
"134579","VCV000134579.15","JAK3","Benign","NM_000215.4(JAK3):c.3268G>A (p.Ala1090Thr)"
"134573","VCV000134573.55","JAK3","Benign","NM_000215.4(JAK3):c.2164G>A (p.Val722Ile)"
"134569","VCV000134569.20","JAK3","Benign","NM_000215.4(JAK3):c.1843C>T (p.Arg615Cys)"
"134523","VCV000134523.57","IL7R","Likely benign","NM_002185.5(IL7R):c.152C>T (p.Ser51Leu)"
"134512","VCV000134512.18","HNF1A","Benign","NM_000545.8(HNF1A):c.1729C>G (p.His577Asp)"
"133249","VCV000133249.59","PAH","Pathogenic","NM_000277.3(PAH):c.664_665del (p.Glu221_Asp222insTer)"
"133179","VCV000133179.20","RYR1","Uncertain significance","NM_000540.3(RYR1):c.7036G>A (p.Val2346Met)"
"132994","VCV000132994.71","RYR1","Pathogenic","NM_000540.3(RYR1):c.10348-6C>G"
"132976","VCV000132976.25","MYL2","Uncertain significance","NM_000432.4(MYL2):c.484G>A (p.Gly162Arg)"
"132806","VCV000132806.8","PIK3CD","Likely pathogenic","NM_005026.5(PIK3CD):c.1002C>A (p.Asn334Lys)"
"130219","VCV000130219.66","SCN2A","Benign","NM_001040142.2(SCN2A):c.2723A>G (p.Lys908Arg)"
"129142","VCV000129142.12","GCK","Pathogenic","NM_000162.5(GCK):c.449T>A (p.Phe150Tyr)"
"127905","VCV000127905.37","CDH1","Likely benign","NM_004360.5(CDH1):c.1004G>A (p.Arg335Gln)"
"127830","VCV000127830.84","LOC107303340/VHL","Benign","NM_000551.4(VHL):c.463+8C>T"
"127806","VCV000127806.42","TP53","Benign","NM_000546.6(TP53):c.28G>A (p.Val10Ile)"
"127463","VCV000127463.59","ATM/C11orf65","Pathogenic","NM_000051.4(ATM):c.8786+1G>A"
"127459","VCV000127459.107","ATM/C11orf65","Likely pathogenic","NM_000051.4(ATM):c.8494C>T (p.Arg2832Cys)"
"127405","VCV000127405.42","ATM","Pathogenic","NM_000051.4(ATM):c.5290del (p.Leu1764fs)"
"127403","VCV000127403.54","ATM","Pathogenic","NM_000051.4(ATM):c.5228C>T (p.Thr1743Ile)"
"127305","VCV000127305.7","APC","Likely pathogenic","NM_000038.6(APC):c.531+5G>A"
"126168","VCV000126168.37","BRCA2","Likely pathogenic","NM_000059.4(BRCA2):c.8188G>C (p.Ala2730Pro)"
"102912","VCV000102912.25","PAH","Pathogenic","NM_000277.3(PAH):c.964G>A (p.Ala322Thr)"
"102907","VCV000102907.18","PAH","Pathogenic","NM_000277.3(PAH):c.941C>A (p.Pro314His)"
"102904","VCV000102904.17","PAH","Pathogenic","NM_000277.3(PAH):c.940C>A (p.Pro314Thr)"
"102899","VCV000102899.12","PAH","Pathogenic","NM_000277.3(PAH):c.929C>T (p.Ser310Phe)"
"102896","VCV000102896.5","PAH","Pathogenic","NM_000277.3(PAH):c.922C>T (p.Leu308Phe)"
"102867","VCV000102867.1","PAH","Pathogenic","NM_000277.3(PAH):c.839_840insT (p.Glu280fs)"
"102848","VCV000102848.1","PAH","Pathogenic","NM_000277.3(PAH):c.810_814del (p.His271fs)"
"102688","VCV000102688.4","PAH","Pathogenic","NM_000277.3(PAH):c.466G>C (p.Ala156Pro)"
"102639","VCV000102639.15","PAH","Pathogenic","NM_000277.3(PAH):c.250G>T (p.Asp84Tyr)"
"102635","VCV000102635.1","PAH","Pathogenic","NM_000277.3(PAH):c.231T>G (p.Tyr77Ter)"
"102617","VCV000102617.11","PAH","Likely pathogenic","NM_000277.3(PAH):c.181A>G (p.Asn61Asp)"
"102586","VCV000102586.19","PAH","Pathogenic","NM_000277.3(PAH):c.1301C>A (p.Ala434Asp)"
"102575","VCV000102575.10","PAH","Pathogenic","NM_000277.3(PAH):c.1237C>A (p.Arg413Ser)"
"100314","VCV000100314.5","VWF","Likely pathogenic","NM_000552.5(VWF):c.4010C>T (p.Pro1337Leu)"
"100281","VCV000100281.7","VWF","Pathogenic","NM_000552.5(VWF):c.3802C>G (p.His1268Asp)"
"100231","VCV000100231.2","VWF","Pathogenic","NM_000552.5(VWF):c.2635G>A (p.Asp879Asn)"
"99864","VCV000099864.29","CEP290/RLIG1","Pathogenic","NM_025114.4(CEP290):c.7341dup (p.Leu2448fs)"
"99804","VCV000099804.5","AIPL1","Pathogenic","NM_014336.5(AIPL1):c.487C>T (p.Gln163Ter)"
"99458","VCV000099458.15","ABCA4","Pathogenic","NM_000350.3(ABCA4):c.6415C>T (p.Arg2139Trp)"
"99448","VCV000099448.70","ABCA4","Pathogenic","NM_000350.3(ABCA4):c.6320G>A (p.Arg2107His)"
"99271","VCV000099271.25","ABCA4","Likely benign","NM_000350.3(ABCA4):c.4283C>T (p.Thr1428Met)"
"99219","VCV000099219.53","ABCA4","Pathogenic","NM_000350.3(ABCA4):c.3323G>A (p.Arg1108His)"
"99113","VCV000099113.17","ABCA4","Pathogenic","NM_000350.3(ABCA4):c.203C>T (p.Pro68Leu)"
"99087","VCV000099087.41","ABCA4","Pathogenic","NM_000350.3(ABCA4):c.1819G>A (p.Gly607Arg)"
"98988","VCV000098988.9","CDKL5/RS1","Uncertain significance","NM_000330.4(RS1):c.554C>T (p.Thr185Met)"
"98903","VCV000098903.40","RPE65","Likely benign","NM_000329.3(RPE65):c.978G>T (p.Val326=)"
"98898","VCV000098898.9","RPE65","Pathogenic","NM_000329.3(RPE65):c.89dup (p.Thr31fs)"
"98895","VCV000098895.5","RPE65","Likely pathogenic","NM_000329.3(RPE65):c.859G>T (p.Val287Phe)"
"98891","VCV000098891.2","RPE65","Pathogenic","NM_000329.3(RPE65):c.778_785del (p.Asn260fs)"
"98888","VCV000098888.56","RPE65","Likely pathogenic","NM_000329.3(RPE65):c.65T>C (p.Leu22Pro)"
"98873","VCV000098873.27","RPE65","Pathogenic","NM_000329.3(RPE65):c.499G>T (p.Asp167Tyr)"
"98871","VCV000098871.21","RPE65","Likely benign","NM_000329.3(RPE65):c.48T>C (p.Phe16=)"
"98869","VCV000098869.43","RPE65","Benign","NM_000329.3(RPE65):c.432C>T (p.Tyr144=)"
"98868","VCV000098868.9","RPE65","Likely pathogenic","NM_000329.3(RPE65):c.430T>G (p.Tyr144Asp)"
"98867","VCV000098867.18","RPE65","Benign","NM_000329.3(RPE65):c.399T>C (p.Leu133=)"
"98861","VCV000098861.12","RPE65","Likely pathogenic","NM_000329.3(RPE65):c.2T>C (p.Met1Thr)"
"98854","VCV000098854.5","RPE65","Likely pathogenic","NM_000329.3(RPE65):c.235T>C (p.Tyr79His)"
"98848","VCV000098848.24","RPE65","Likely pathogenic","NM_000329.3(RPE65):c.1451G>A (p.Gly484Asp)"
"98835","VCV000098835.18","RPE65","Pathogenic","NM_000329.3(RPE65):c.1249G>C (p.Glu417Gln)"
"98826","VCV000098826.3","RPE65","Pathogenic","NM_000329.3(RPE65):c.1103A>G (p.Tyr368Cys)"
"98823","VCV000098823.10","RPE65","Likely pathogenic","NM_000329.3(RPE65):c.1078G>C (p.Ala360Pro)"
"98802","VCV000098802.6","RPGR","Pathogenic","NM_001034853.2(RPGR):c.779-1G>A"
"98753","VCV000098753.5","RPGR","Likely pathogenic","NM_001034853.2(RPGR):c.1747G>T (p.Glu583Ter)"
"98736","VCV000098736.5","RPGR","Uncertain significance","NM_001034853.2(RPGR):c.128G>A (p.Gly43Glu)"
"98734","VCV000098734.30","RPGR","Benign","NM_001034853.2(RPGR):c.1274G>A (p.Arg425Lys)"
"98610","VCV000098610.11","GUCY2D","Likely pathogenic","NM_000180.4(GUCY2D):c.935C>T (p.Thr312Met)"
"94366","VCV000094366.9","DYSF","Likely pathogenic","NM_001130987.2(DYSF):c.961T>C (p.Ser321Pro)"
"94365","VCV000094365.15","DYSF","Pathogenic","NM_001130987.2(DYSF):c.953T>A (p.Val318Glu)"
"93551","VCV000093551.22","ACTA1","Benign","NM_001100.4(ACTA1):c.809-13dup"
"93330","VCV000093330.100","VHL","Benign","NM_000551.4(VHL):c.74C>T (p.Pro25Leu)"
"92859","VCV000092859.38","RPE65","Likely benign","NM_000329.3(RPE65):c.881A>C (p.Lys294Thr)"
"92858","VCV000092858.10","RPGR","Uncertain significance","NM_001034853.2(RPGR):c.806G>A (p.Gly269Glu)"
"92855","VCV000092855.27","RPGR","Benign","NM_001034853.2(RPGR):c.1697G>A (p.Gly566Glu)"
"92677","VCV000092677.15","MTM1","Likely pathogenic","NM_000252.3(MTM1):c.688T>C (p.Trp230Arg)"
"92640","VCV000092640.54","IDUA/SLC26A1","Benign","NM_000203.5(IDUA):c.299+6C>T"
"92472","VCV000092472.22","GAA","Pathogenic","NM_000152.5(GAA):c.2105G>T (p.Arg702Leu)"
"92288","VCV000092288.56","ACADVL","Likely pathogenic","NM_000018.4(ACADVL):c.605T>C (p.Leu202Pro)"
"91649","VCV000091649.47","BRCA1","Pathogenic","NM_007294.4(BRCA1):c.5357T>C (p.Leu1786Pro)"
"68689","VCV000068689.21","RAG1","Likely pathogenic","NM_000448.3(RAG1):c.2095C>T (p.Arg699Trp)"
"68467","VCV000068467.25","CYP1B1","Benign","NM_000104.4(CYP1B1):c.685G>A (p.Glu229Lys)"
"68262","VCV000068262.30","ADA","Benign","NM_000022.4(ADA):c.425G>A (p.Arg142Gln)"
"65692","VCV000065692.15","SLC6A8","Likely pathogenic","NM_005629.4(SLC6A8):c.1631C>T (p.Pro544Leu)"
"55720","VCV000055720.40","BRCA1","Benign","NM_007294.4(BRCA1):c.811G>A (p.Val271Met)"
"55678","VCV000055678.25","BRCA1","Likely pathogenic","NM_007294.4(BRCA1):c.71G>A (p.Cys24Tyr)"
"55505","VCV000055505.26","BRCA1","Pathogenic","NM_007294.4(BRCA1):c.5282T>C (p.Phe1761Ser)"
"55488","VCV000055488.23","BRCA1","Likely pathogenic","NM_007294.4(BRCA1):c.5258G>C (p.Arg1753Thr)"
"55482","VCV000055482.30","BRCA1","Likely pathogenic","NM_007294.4(BRCA1):c.5252G>C (p.Arg1751Pro)"
"52780","VCV000052780.33","BRCA2","Likely pathogenic","NM_000059.4(BRCA2):c.9227G>A (p.Gly3076Glu)"
"48409","VCV000048409.31","USH2A","Likely pathogenic","NM_206933.4(USH2A):c.12874A>G (p.Asn4292Asp)"
"48253","VCV000048253.36","LOC112840921/OTOF","Pathogenic","NM_194248.3(OTOF):c.5098G>C (p.Glu1700Gln)"
"44588","VCV000044588.12","MAP2K1","Pathogenic","NM_002755.4(MAP2K1):c.275T>G (p.Leu92Arg)"
"43596","VCV000043596.81","VHL","Benign","NM_000551.4(VHL):c.150C>G (p.Ala50=)"
"43587","VCV000043587.29","TP53","Pathogenic","NM_000546.6(TP53):c.1040C>A (p.Ala347Asp)"
"43492","VCV000043492.76","SLC26A4","Likely benign","NM_000441.2(SLC26A4):c.1061T>C (p.Phe354Ser)"
"43479","VCV000043479.9","MYL2","Likely pathogenic","NM_000432.4(MYL2):c.485G>A (p.Gly162Glu)"
"43325","VCV000043325.43","MYO7A","Pathogenic","NM_000260.4(MYO7A):c.631A>G (p.Ser211Gly)"
"43230","VCV000043230.26","MYO7A","Pathogenic","NM_000260.4(MYO7A):c.401T>A (p.Ile134Asn)"
"43124","VCV000043124.33","MYL3","Uncertain significance","NM_000258.3(MYL3):c.460C>T (p.Arg154Cys)"
"42443","VCV000042443.16","FBN1","Likely pathogenic","NM_000138.5(FBN1):c.8378A>G (p.Tyr2793Cys)"
"42436","VCV000042436.9","FBN1","Pathogenic","NM_000138.5(FBN1):c.7892G>A (p.Cys2631Tyr)"
"42402","VCV000042402.42","FBN1","Pathogenic","NM_000138.5(FBN1):c.6446A>G (p.Tyr2149Cys)"
"42391","VCV000042391.11","FBN1","Likely pathogenic","NM_000138.5(FBN1):c.5747G>A (p.Cys1916Tyr)"
"42339","VCV000042339.12","FBN1","Likely pathogenic","NM_000138.5(FBN1):c.3589G>A (p.Asp1197Asn)"
"42248","VCV000042248.48","APC","Pathogenic","NM_000038.6(APC):c.694C>T (p.Arg232Ter)"
"40599","VCV000040599.20","RAF1","Likely pathogenic","NM_002880.4(RAF1):c.768G>T (p.Arg256Ser)"
"39759","VCV000039759.4","GCK","Likely pathogenic","NM_000162.5(GCK):c.1015G>A (p.Glu339Lys)"
"38260","VCV000038260.125","BRCA2","Likely pathogenic","NM_000059.4(BRCA2):c.9699_9702del (p.Cys3233fs)"
"38180","VCV000038180.36","BRCA2","Benign","NM_000059.4(BRCA2):c.8702G>A (p.Gly2901Asp)"
"38157","VCV000038157.40","BRCA2","Likely pathogenic","NM_000059.4(BRCA2):c.8378G>A (p.Gly2793Glu)"
"37667","VCV000037667.65","BRCA1","Likely pathogenic","NM_007294.4(BRCA1):c.5406+5G>T"
"37650","VCV000037650.25","BRCA1","Likely pathogenic","NM_007294.4(BRCA1):c.5242G>T (p.Gly1748Cys)"
"36811","VCV000036811.8","HNF1A","Likely benign","NM_000545.8(HNF1A):c.1745A>G (p.His582Arg)"
"36801","VCV000036801.20","HNF1A","Uncertain significance","NM_000545.8(HNF1A):c.1424C>T (p.Pro475Leu)"
"36720","VCV000036720.11","RAG2","Uncertain significance","NM_000536.4(RAG2):c.328A>C (p.Met110Leu)"
"36718","VCV000036718.8","RAG2","Likely pathogenic","NM_000536.4(RAG2):c.1309G>A (p.Glu437Lys)"
"36717","VCV000036717.20","RAG2","Likely pathogenic","NM_000536.4(RAG2):c.1247G>T (p.Trp416Leu)"
"36716","VCV000036716.21","RAG2","Pathogenic","NM_000536.4(RAG2):c.104G>C (p.Gly35Ala)"
"36713","VCV000036713.12","RAG1","Uncertain significance","NM_000448.3(RAG1):c.2904C>A (p.Asn968Lys)"
"36712","VCV000036712.9","RAG1","Uncertain significance","NM_000448.3(RAG1):c.2603C>T (p.Ala868Val)"
"36422","VCV000036422.44","JAK3","Benign","NM_000215.4(JAK3):c.452C>G (p.Pro151Arg)"
"36388","VCV000036388.5","IL2RG","Pathogenic","NM_000206.3(IL2RG):c.710G>A (p.Trp237Ter)"
"36365","VCV000036365.14","HNF4A","Pathogenic","NM_175914.5(HNF4A):c.931C>T (p.Arg311Cys)"
"36364","VCV000036364.37","HNF4A","Pathogenic","NM_175914.5(HNF4A):c.925C>T (p.Arg309Cys)"
"36361","VCV000036361.5","HNF4A","Benign","NM_175914.5(HNF4A):c.826+30dup"
"36356","VCV000036356.5","HNF4A","Likely pathogenic","NM_175914.5(HNF4A):c.660_662delinsTCAA (p.Leu221fs)"
"36355","VCV000036355.5","HNF4A","Likely pathogenic","NM_175914.5(HNF4A):c.575_582+10del"
"36354","VCV000036354.5","HNF4A","Uncertain significance","NM_175914.5(HNF4A):c.553G>C (p.Ala185Pro)"
"36346","VCV000036346.6","HNF4A","Uncertain significance","NM_175914.5(HNF4A):c.*4G>A"
"36268","VCV000036268.10","GCK","Uncertain significance","NM_000162.5(GCK):c.952G>T (p.Gly318Trp)"
"36248","VCV000036248.7","GCK","Pathogenic","NM_000162.5(GCK):c.704T>C (p.Met235Thr)"
"36236","VCV000036236.9","GCK","Pathogenic","NM_000162.5(GCK):c.630G>T (p.Met210Ile)"
"36232","VCV000036232.5","GCK","Uncertain significance","NM_000162.5(GCK):c.604A>G (p.Met202Val)"
"36223","VCV000036223.14","GCK","Uncertain significance","NM_000162.5(GCK):c.463A>G (p.Arg155Gly)"
"36221","VCV000036221.15","GCK","Pathogenic","NM_000162.5(GCK):c.457C>T (p.Pro153Ser)"
"36218","VCV000036218.13","GCK","Pathogenic","NM_000162.5(GCK):c.449T>C (p.Phe150Ser)"
"36212","VCV000036212.4","GCK","Uncertain significance","NM_000162.5(GCK):c.322T>G (p.Tyr108Asp)"
"36199","VCV000036199.6","GCK","Pathogenic","NM_000162.5(GCK):c.1345G>A (p.Ala449Thr)"
"36195","VCV000036195.6","GCK","Pathogenic","NM_000162.5(GCK):c.1307T>A (p.Ile436Asn)"
"36194","VCV000036194.5","GCK","Uncertain significance","NM_000162.5(GCK):c.1289T>C (p.Leu430Pro)"
"36189","VCV000036189.8","GCK","Pathogenic","NM_000162.5(GCK):c.1268T>A (p.Phe423Tyr)"
"36185","VCV000036185.5","GCK","Pathogenic","NM_000162.5(GCK):c.1175G>T (p.Arg392Leu)"
"36184","VCV000036184.6","GCK","Uncertain significance","NM_000162.5(GCK):c.1169T>C (p.Ile390Thr)"
"36183","VCV000036183.7","GCK","Uncertain significance","NM_000162.5(GCK):c.1169T>A (p.Ile390Asn)"
"36182","VCV000036182.10","GCK","Pathogenic","NM_000162.5(GCK):c.1160C>T (p.Ala387Val)"
"36180","VCV000036180.11","GCK","Pathogenic","NM_000162.5(GCK):c.1157T>C (p.Leu386Pro)"
"36170","VCV000036170.4","GCK","Pathogenic","NM_000162.5(GCK):c.1020-1G>C"
"36169","VCV000036169.9","GCK","Likely pathogenic","NM_000162.5(GCK):c.1020-10C>A"
"36118","VCV000036118.30","FBN1","Pathogenic","NM_000138.5(FBN1):c.7726C>T (p.Arg2576Cys)"
"36034","VCV000036034.50","FBN1","Uncertain significance","NM_000138.5(FBN1):c.1634G>A (p.Arg545His)"
"31885","VCV000031885.84","TPM1","Uncertain significance","NM_001018005.2(TPM1):c.842T>C (p.Met281Thr)"
"30566","VCV000030566.11","DICER1","Likely pathogenic","NM_177438.3(DICER1):c.2516C>T (p.Ser839Phe)"
"29873","VCV000029873.16","RPE65","Pathogenic","NM_000329.3(RPE65):c.1292A>G (p.Tyr431Cys)"
"21389","VCV000021389.28","GJB2","Pathogenic","NM_004004.6(GJB2):c.56G>C (p.Ser19Thr)"
"21024","VCV000021024.52","ACADVL","Likely pathogenic","NM_000018.4(ACADVL):c.779C>T (p.Thr260Met)"
"18286","VCV000018286.7","ACTA1","Likely pathogenic","NM_001100.4(ACTA1):c.414C>G (p.Ile138Met)"
"18032","VCV000018032.5","SERPINC1","Uncertain significance","NM_000488.4(SERPINC1):c.1141T>C (p.Ser381Pro)"
"18030","VCV000018030.8","SERPINC1","Pathogenic","NM_000488.4(SERPINC1):c.482G>A (p.Arg161Gln)"
"18017","VCV000018017.2","SERPINC1","Likely pathogenic","NM_000488.4(SERPINC1):c.1316C>T (p.Pro439Leu)"
"18015","VCV000018015.2","SERPINC1","Likely pathogenic","NM_000488.4(SERPINC1):c.235C>A (p.Arg79Ser)"
"18010","VCV000018010.9","SERPINC1","Pathogenic","NM_000488.4(SERPINC1):c.1277C>T (p.Ser426Leu)"
"18009","VCV000018009.2","SERPINC1","Likely pathogenic","NM_000488.4(SERPINC1):c.1274G>C (p.Arg425Pro)"
"18007","VCV000018007.27","SERPINC1","Pathogenic","NM_000488.4(SERPINC1):c.1246G>C (p.Ala416Pro)"
"18004","VCV000018004.17","SERPINC1","Pathogenic","NM_000488.4(SERPINC1):c.235C>T (p.Arg79Cys)"
"18003","VCV000018003.7","SERPINC1","Likely pathogenic","NM_000488.4(SERPINC1):c.1306G>A (p.Ala436Thr)"
"17622","VCV000017622.39","CAPN3","Pathogenic","NM_000070.3(CAPN3):c.1469G>A (p.Arg490Gln)"
"16439","VCV000016439.46","FBN1","Pathogenic","NM_000138.5(FBN1):c.8326C>T (p.Arg2776Ter)"
"15647","VCV000015647.28","HBA2/LOC106804612","Pathogenic","NM_000517.6(HBA2):c.*92A>G"
"15457","VCV000015457.143","LOC110006319/HBB/LOC107133510","Pathogenic","NM_000518.5(HBB):c.316-106C>G"
"14843","VCV000014843.3","IL7R","Likely pathogenic","NM_002185.5(IL7R):c.394C>T (p.Pro132Ser)"
"13567","VCV000013567.13","ITGB3","Pathogenic","NM_000212.3(ITGB3):c.428T>G (p.Leu143Trp)"
"13562","VCV000013562.10","ITGB3","Pathogenic","NM_000212.3(ITGB3):c.1199G>A (p.Cys400Tyr)"
"13534","VCV000013534.3","GP9","Likely pathogenic","NM_000174.5(GP9):c.20T>C (p.Leu7Pro)"
"13350","VCV000013350.6","MAP2K1","Likely pathogenic","NM_002755.4(MAP2K1):c.158T>C (p.Phe53Ser)"
"13342","VCV000013342.44","PTPN11","Pathogenic","NM_002834.5(PTPN11):c.1381G>A (p.Ala461Thr)"
"13141","VCV000013141.3","RAG1","Likely pathogenic","NM_000448.3(RAG1):c.2814T>G (p.Tyr938Ter)"
"13136","VCV000013136.4","RAG2","Pathogenic","NM_000536.4(RAG2):c.115A>G (p.Arg39Gly)"
"13135","VCV000013135.26","RAG2","Benign","NM_000536.4(RAG2):c.644C>T (p.Thr215Ile)"
"13118","VCV000013118.26","RPE65","Pathogenic","NM_000329.3(RPE65):c.1022T>C (p.Leu341Ser)"
"13116","VCV000013116.14","RPE65","Likely pathogenic","NM_000329.3(RPE65):c.1355T>G (p.Val452Gly)"
"12996","VCV000012996.59","RYR1","Pathogenic","NM_000540.3(RYR1):c.13013_13032del (p.Ala4338fs)"
"12371","VCV000012371.3","TP53","Uncertain significance","NM_000546.6(TP53):c.105G>T (p.Leu35Phe)"
"11908","VCV000011908.104","IDUA","Pathogenic","NM_000203.5(IDUA):c.1205G>A (p.Trp402Ter)"
"11704","VCV000011704.4","SLC6A8","Likely pathogenic","NM_005629.4(SLC6A8):c.1473C>G (p.Cys491Trp)"
"11703","VCV000011703.4","SLC6A8","Likely pathogenic","NM_005629.4(SLC6A8):c.395G>T (p.Gly132Val)"
"11500","VCV000011500.9","CDKL5","Pathogenic","NM_001323289.2(CDKL5):c.2500C>T (p.Gln834Ter)"
"10606","VCV000010606.3","F9","Likely pathogenic","NM_000133.4(F9):c.1009G>C (p.Ala337Pro)"
"10573","VCV000010573.23","F9","Pathogenic","NM_000133.4(F9):c.224G>A (p.Arg75Gln)"
"10253","VCV000010253.27","F8","Pathogenic","NM_000132.4(F8):c.3637del (p.Ile1213fs)"
"10226","VCV000010226.28","F8","Pathogenic","NM_000132.4(F8):c.1660A>G (p.Ser554Gly)"
"10208","VCV000010208.2","F8","Likely pathogenic","NM_000132.4(F8):c.1214T>G (p.Ile405Ser)"
"10199","VCV000010199.3","F8","Likely pathogenic","NM_000132.4(F8):c.980T>C (p.Leu327Pro)"
"10167","VCV000010167.10","F8","Likely pathogenic","NM_000132.4(F8):c.323A>C (p.Lys108Thr)"
"9892","VCV000009892.12","RS1","Uncertain significance","NM_000330.4(RS1):c.38T>C (p.Leu13Pro)"
"9216","VCV000009216.3","HNF4A","Likely pathogenic","NM_175914.5(HNF4A):c.1052T>G (p.Met351Arg)"
"8813","VCV000008813.43","BMPR2","Uncertain significance","NM_001204.7(BMPR2):c.545G>A (p.Gly182Asp)"
"8800","VCV000008800.6","BMPR2","Likely pathogenic","NM_001204.7(BMPR2):c.1040G>A (p.Cys347Tyr)"
"8243","VCV000008243.71","ACVRL1","Pathogenic","NM_000020.3(ACVRL1):c.1232G>A (p.Arg411Gln)"
"7888","VCV000007888.135","ABCA4","Pathogenic","NM_000350.3(ABCA4):c.5882G>A (p.Gly1961Glu)"
"7879","VCV000007879.112","ABCA4","Uncertain significance","NM_000350.3(ABCA4):c.2588G>C (p.Gly863Ala)"
"7736","VCV000007736.6","CYP1B1","Pathogenic","NM_000104.4(CYP1B1):c.2T>C (p.Met1Thr)"
"7285","VCV000007285.24","DNM2","Pathogenic","NM_001005361.3(DNM2):c.1856C>T (p.Ser619Leu)"
"6679","VCV000006679.20","DYSF","Pathogenic","NM_001130987.2(DYSF):c.1609G>A (p.Gly537Arg)"
"4677","VCV000004677.3","DCLRE1C","Uncertain significance","NM_001033855.3(DCLRE1C):c.2T>C (p.Met1Thr)"
"4674","VCV000004674.19","DCLRE1C","Pathogenic","NM_001033855.3(DCLRE1C):c.103C>G (p.His35Asp)"
"4027","VCV000004027.142","GAA","Pathogenic","NM_000152.5(GAA):c.-32-13T>G"
"4024","VCV000004024.35","GAA","Pathogenic","NM_000152.5(GAA):c.2173C>T (p.Arg725Trp)"
"3696","VCV000003696.50","LDLR","Pathogenic","NM_000527.5(LDLR):c.1567G>A (p.Val523Met)"
"3694","VCV000003694.94","LDLR/MIR6886","Pathogenic","NM_000527.5(LDLR):c.1285G>A (p.Val429Met)"
"3131","VCV000003131.81","KCNQ1","Likely pathogenic","NM_000218.3(KCNQ1):c.1552C>T (p.Arg518Ter)"
"2233","VCV000002233.93","VHL","Benign","NM_000551.4(VHL):c.241C>T (p.Pro81Ser)"
"2226","VCV000002226.19","VHL","Pathogenic","NM_000551.4(VHL):c.191G>C (p.Arg64Pro)"
"2225","VCV000002225.73","LOC107303340/VHL","Uncertain significance","NM_000551.4(VHL):c.562C>G (p.Leu188Val)"
"2216","VCV000002216.81","LOC107303340/VHL","Pathogenic","NM_000551.4(VHL):c.500G>A (p.Arg167Gln)"
"1966","VCV000001966.25","ADA/PKIG","Likely pathogenic","NM_000022.4(ADA):c.631C>T (p.Arg211Cys)"
"1959","VCV000001959.28","ADA","Pathogenic","NM_000022.4(ADA):c.986C>T (p.Ala329Val)"
"811","VCV000000811.31","APC","Pathogenic","NM_000038.6(APC):c.4393_4394del (p.Ser1465fs)"
"623","VCV000000623.105","PAH","Pathogenic","NM_000277.3(PAH):c.1066-3C>T"
"300","VCV000000300.7","VWF","Pathogenic","NM_000552.5(VWF):c.3970G>A (p.Gly1324Ser)"
"296","VCV000000296.121","VWF","Pathogenic","NM_000552.5(VWF):c.2561G>A (p.Arg854Gln)"
"295","VCV000000295.14","VWF","Pathogenic","NM_000552.5(VWF):c.2446C>T (p.Arg816Trp)"
"294","VCV000000294.10","VWF","Pathogenic","NM_000552.5(VWF):c.2372C>T (p.Thr791Met)"
"4060894","VCV004060894.3","RS1","Uncertain significance","NM_000330.4(RS1):c.35T>C (p.Leu12Pro)"
"3893306","VCV003893306.2","GCK","Likely pathogenic","NM_000162.5(GCK):c.1055T>C (p.Leu352Pro)"
"3892980","VCV003892980.1","APC","Uncertain significance","NM_000038.6(APC):c.1408+735A>T"
"3791513","VCV003791513.3","RUNX1","Likely benign","NM_001754.5(RUNX1):c.1080C>T (p.Val360=)"
"3791509","VCV003791509.3","RUNX1","Likely benign","NM_001754.5(RUNX1):c.1182C>T (p.Gly394=)"
"3791500","VCV003791500.1","RUNX1","Likely pathogenic","NM_001754.5(RUNX1):c.1413_1415delinsG (p.Leu472fs)"
"3791497","VCV003791497.3","RUNX1","Likely benign","NM_001754.5(RUNX1):c.195T>C (p.Ala65=)"
"3791495","VCV003791495.3","RUNX1","Likely benign","NM_001754.5(RUNX1):c.282C>T (p.Ser94=)"
"3791481","VCV003791481.3","RUNX1","Likely benign","NM_001754.5(RUNX1):c.690G>A (p.Gln230=)"
"3791475","VCV003791475.4","RUNX1","Likely benign","NM_001754.5(RUNX1):c.334C>T (p.Leu112=)"
"3776168","VCV003776168.2","DYSF","Likely pathogenic","NM_001130987.2(DYSF):c.5458G>A (p.Gly1820Arg)"
"3775902","VCV003775902.1","RUNX1","Pathogenic","NM_001754.5(RUNX1):c.222del (p.Asp75fs)"
"3769497","VCV003769497.4","GAA","Likely pathogenic","NM_000152.5(GAA):c.1645G>C (p.Gly549Arg)"
"3768773","VCV003768773.1","GCK","Pathogenic","NM_000162.5(GCK):c.679+2T>C"
"3758005","VCV003758005.4","RPE65","Pathogenic","NM_000329.3(RPE65):c.1579C>T (p.His527Tyr)"
"3727827","VCV003727827.3","RUNX1","Uncertain significance","NM_001754.5(RUNX1):c.805+5G>A"
"3727697","VCV003727697.3","RUNX1","Likely pathogenic","NM_001754.5(RUNX1):c.1088_1100del (p.Gly363fs)"
"3720746","VCV003720746.3","GCK","Likely pathogenic","NM_000162.5(GCK):c.170T>C (p.Met57Thr)"
"3720739","VCV003720739.2","GCK","Pathogenic","NM_000162.5(GCK):c.764C>T (p.Thr255Ile)"
"3711611","VCV003711611.6","RUNX1","Likely benign","NM_001754.5(RUNX1):c.711G>A (p.Arg237=)"
"3677022","VCV003677022.6","DYSF","Likely pathogenic","NM_001130987.2(DYSF):c.5132C>T (p.Ser1711Phe)"
"3656666","VCV003656666.3","RUNX1/RUNX1-AS1","Likely pathogenic","NM_001754.5(RUNX1):c.485G>C (p.Arg162Thr)"
"3645433","VCV003645433.5","RUNX1","Likely benign","NM_001754.5(RUNX1):c.304C>T (p.Leu102=)"
"3638595","VCV003638595.5","RUNX1","Likely benign","NM_001754.5(RUNX1):c.1116C>T (p.Gly372=)"
"3620741","VCV003620741.3","COCH/COCH-AS1","Likely pathogenic","NM_004086.3(COCH):c.260G>A (p.Gly87Glu)"
"3618297","VCV003618297.3","RUNX1","Uncertain significance","NM_001754.5(RUNX1):c.806-1G>T"
"3609795","VCV003609795.2","HNF4A","Pathogenic","NM_175914.5(HNF4A):c.145C>T (p.His49Tyr)"
"3602130","VCV003602130.4","GCK","Likely pathogenic","NM_000162.5(GCK):c.1180C>A (p.Arg394Ser)"
"3598278","VCV003598278.2","RPGR","Pathogenic","NM_001034853.2(RPGR):c.1506+1G>T"
"3588372","VCV003588372.4","GP9","Likely pathogenic","NM_000174.5(GP9):c.442dup (p.Val148fs)"
"3587669","VCV003587669.2","RUNX1/RUNX1-AS1","Pathogenic","NM_001754.5(RUNX1):c.500_502delinsTT (p.Ser167fs)"
"3587260","VCV003587260.3","HNF4A","Likely benign","NM_175914.5(HNF4A):c.999C>G (p.Ile333Met)"
"3583501","VCV003583501.1","GAMT","Pathogenic","NM_000156.6(GAMT):c.418_419del (p.Ser140fs)"
"3436409","VCV003436409.4","RUNX1","Likely benign","NM_001754.5(RUNX1):c.27A>G (p.Ser9=)"
"3391415","VCV003391415.2","ITGA2B","Pathogenic","NM_000419.5(ITGA2B):c.3001_3010dup (p.Val1004fs)"
"3391411","VCV003391411.2","ITGB3","Uncertain significance","NM_000212.3(ITGB3):c.383T>G (p.Ile128Ser)"
"3383915","VCV003383915.2","GCK","Pathogenic","NM_000162.5(GCK):c.1088A>G (p.Asp363Gly)"
"3381789","VCV003381789.5","ABCA4/LOC126805793","Pathogenic","NM_000350.3(ABCA4):c.4924_4927del (p.Ser1642fs)"
"3372635","VCV003372635.3","RUNX1","Likely benign","NM_001754.5(RUNX1):c.1152C>T (p.Pro384=)"
"3367906","VCV003367906.2","RUNX1","Likely pathogenic","NM_001754.5(RUNX1):c.329A>G (p.Lys110Arg)"
"3365552","VCV003365552.2","RUNX1","Likely pathogenic","NM_001754.5(RUNX1):c.1207_1210dup (p.His404fs)"
"3343996","VCV003343996.2","CDKL5","Likely benign","NM_001323289.2(CDKL5):c.1612A>G (p.Thr538Ala)"
"3342643","VCV003342643.2","RUNX1/RUNX1-AS1","Pathogenic","NM_001754.5(RUNX1):c.367dup (p.Asp123fs)"
"3338831","VCV003338831.5","F8","Likely pathogenic","NM_000132.4(F8):c.409A>G (p.Thr137Ala)"
"3251816","VCV003251816.2","GP1BA","Uncertain significance","NM_000173.7(GP1BA):c.376A>G (p.Asn126Asp)"
"3251584","VCV003251584.2","GP1BA","Likely pathogenic","NM_000173.7(GP1BA):c.987G>A (p.Trp329Ter)"
"3240390","VCV003240390.2","RUNX1","Pathogenic","NM_001754.5(RUNX1):c.777_778dup (p.Asn260fs)"
"3235260","VCV003235260.4","GAA","Likely pathogenic","NM_000152.5(GAA):c.1819_1836del (p.Gly607_His612del)"
"3233261","VCV003233261.5","IDUA","Likely pathogenic","NM_000203.5(IDUA):c.826G>A (p.Glu276Lys)"
"3068220","VCV003068220.3","RUNX1","Uncertain significance","NM_001754.5(RUNX1):c.281G>C (p.Ser94Thr)"
"3028605","VCV003028605.1","RPGR","Likely pathogenic","NM_001034853.2(RPGR):c.296C>T (p.Thr99Ile)"
"3028600","VCV003028600.2","RPGR","Pathogenic","NM_001034853.2(RPGR):c.1077T>A (p.Cys359Ter)"
"2996309","VCV002996309.4","RUNX1","Uncertain significance","NM_001754.5(RUNX1):c.614-5A>C"
"2988050","VCV002988050.8","RUNX1","Likely benign","NM_001754.5(RUNX1):c.1122C>G (p.Ala374=)"
"2973015","VCV002973015.3","AIPL1","Uncertain significance","NM_014336.5(AIPL1):c.96+7G>T"
"2961353","VCV002961353.5","IDUA","Uncertain significance","NM_000203.5(IDUA):c.1091C>A (p.Thr364Lys)"
"2932624","VCV002932624.6","CEP290","Uncertain significance","NM_025114.4(CEP290):c.1466T>C (p.Leu489Pro)"
"2851140","VCV002851140.4","RUNX1","Likely pathogenic","NM_001754.5(RUNX1):c.911dup (p.Gly305fs)"
"2844927","VCV002844927.4","RUNX1","Likely pathogenic","NM_001754.5(RUNX1):c.318G>T (p.Trp106Cys)"
"2839740","VCV002839740.4","RUNX1","Likely pathogenic","NM_001754.5(RUNX1):c.891_904del (p.Pro298fs)"
"2831012","VCV002831012.5","GAMT","Likely pathogenic","NM_000156.6(GAMT):c.444_448del (p.Phe149fs)"
"2825913","VCV002825913.4","GAA","Likely pathogenic","NM_000152.5(GAA):c.2646+2T>G"
"2820766","VCV002820766.4","SCN8A","Likely pathogenic","NM_001330260.2(SCN8A):c.2534C>G (p.Ser845Cys)"
"2795844","VCV002795844.4","TP53","Likely benign","NM_000546.6(TP53):c.143A>G (p.Asp48Gly)"
"2787059","VCV002787059.5","RPGR","Uncertain significance","NM_001034853.2(RPGR):c.529G>A (p.Val177Ile)"
"2785684","VCV002785684.4","RS1","Uncertain significance","NM_000330.4(RS1):c.37C>G (p.Leu13Val)"
"2783241","VCV002783241.4","RUNX1","Uncertain significance","NM_001754.5(RUNX1):c.59-11T>G"
"2780233","VCV002780233.4","ATM/C11orf65","Likely pathogenic","NM_000051.4(ATM):c.8987+2T>A"
"2780229","VCV002780229.7","ATM/C11orf65","Pathogenic","NM_000051.4(ATM):c.5763-1G>C"
"2759147","VCV002759147.6","RUNX1/RUNX1-AS1","Likely benign","NM_001754.5(RUNX1):c.613+12C>T"
"2758378","VCV002758378.5","TP53","Likely pathogenic","NM_000546.6(TP53):c.1031T>G (p.Leu344Arg)"
"2757236","VCV002757236.5","TP53","Likely pathogenic","NM_000546.6(TP53):c.829T>G (p.Cys277Gly)"
"2757091","VCV002757091.4","RUNX1","Likely pathogenic","NM_001754.5(RUNX1):c.1271C>A (p.Ser424Ter)"
"2754882","VCV002754882.5","GCK","Uncertain significance","NM_000162.5(GCK):c.531A>C (p.Glu177Asp)"
"2738034","VCV002738034.6","CAPN3","Likely pathogenic","NM_000070.3(CAPN3):c.1782G>A (p.Val594=)"
"2736405","VCV002736405.4","AIPL1","Pathogenic","NM_014336.5(AIPL1):c.809G>A (p.Arg270His)"
"2736403","VCV002736403.4","GP1BA","Likely pathogenic","NM_000173.7(GP1BA):c.165_168del (p.Ser55fs)"
"2735005","VCV002735005.3","GCK","Pathogenic","NM_000162.5(GCK):c.763A>G (p.Thr255Ala)"
"2734558","VCV002734558.4","GP9","Likely pathogenic","NM_000174.5(GP9):c.119del (p.Gly40fs)"
"2733942","VCV002733942.4","ABCA4","Pathogenic","NM_000350.3(ABCA4):c.1519G>T (p.Asp507Tyr)"
"2714614","VCV002714614.4","RUNX1","Uncertain significance","NM_001754.5(RUNX1):c.614-7A>G"
"2704858","VCV002704858.4","IDUA","Likely pathogenic","NM_000203.5(IDUA):c.1323C>A (p.Tyr441Ter)"
"2703020","VCV002703020.7","PIK3CD","Uncertain significance","NM_005026.5(PIK3CD):c.419G>A (p.Arg140His)"
"2697350","VCV002697350.5","LOC126862483/TP53/WRAP53","Likely pathogenic","NM_000546.6(TP53):c.-29+1G>T"
"2691907","VCV002691907.3","F8","Likely pathogenic","NM_000132.4(F8):c.2138A>T (p.Asn713Ile)"
"2691831","VCV002691831.2","GCK","Likely pathogenic","NM_000162.5(GCK):c.679+3A>T"
"2691825","VCV002691825.2","GCK","Pathogenic","NM_000162.5(GCK):c.1144del (p.Cys382fs)"
"2684202","VCV002684202.4","GCK","Likely pathogenic","NM_000162.5(GCK):c.170T>A (p.Met57Lys)"
"2675756","VCV002675756.2","GAA","Likely pathogenic","NM_000152.5(GAA):c.2015G>T (p.Arg672Leu)"
"2664365","VCV002664365.3","GCK","Pathogenic","NM_000162.5(GCK):c.823C>G (p.Arg275Gly)"
"2664356","VCV002664356.3","HNF4A","Likely pathogenic","NM_175914.5(HNF4A):c.535T>C (p.Trp179Arg)"
"2660296","VCV002660296.24","RPGR","Benign","NM_001034853.2(RPGR):c.1754-104dup"
"2660292","VCV002660292.24","RPGR","Benign","NM_001034853.2(RPGR):c.2847_2852del (p.Glu951_Glu952del)"
"2660291","VCV002660291.24","RPGR","Benign","NM_001034853.2(RPGR):c.2856A>T (p.Glu952Asp)"
"2652638","VCV002652638.24","RUNX1","Likely benign","NM_001754.5(RUNX1):c.805+12710T>A"
"2634012","VCV002634012.3","RUNX1","Likely pathogenic","NM_001754.5(RUNX1):c.1036del (p.Arg346fs)"
"2633732","VCV002633732.2","RUNX1","Likely benign","NM_001754.5(RUNX1):c.805+12723_805+12724del"
"2585078","VCV002585078.2","IDUA","Likely pathogenic","NM_000203.5(IDUA):c.1045G>C (p.Asp349His)"
"2582036","VCV002582036.4","ACTA1","Likely pathogenic","NM_001100.4(ACTA1):c.175G>A (p.Glu59Lys)"
"2581305","VCV002581305.3","GCK","Pathogenic","NM_000162.5(GCK):c.1174C>A (p.Arg392Ser)"
"2580866","VCV002580866.2","HNF1A","Pathogenic","NM_000545.8(HNF1A):c.526+5G>A"
"2580863","VCV002580863.3","GCK","Pathogenic","NM_000162.5(GCK):c.1019G>C (p.Ser340Thr)"
"2580860","VCV002580860.3","GCK","Pathogenic","NM_000162.5(GCK):c.679+5G>A"
"2580859","VCV002580859.4","GCK","Pathogenic","NM_000162.5(GCK):c.679G>C (p.Gly227Arg)"
"2580855","VCV002580855.4","GCK","Likely pathogenic","NM_000162.5(GCK):c.580-9T>G"
"2578344","VCV002578344.2","HNF4A","Likely pathogenic","Single allele"
"2577272","VCV002577272.3","RPE65","Uncertain significance","NM_000329.3(RPE65):c.1088C>T (p.Pro363Leu)"
"2577219","VCV002577219.7","CYP1B1","Pathogenic","NM_000104.4(CYP1B1):c.317C>A (p.Ala106Asp)"
"2575051","VCV002575051.2","HNF1A","Pathogenic","NM_000545.8(HNF1A):c.523C>T (p.Gln175Ter)"
"2570638","VCV002570638.6","GAMT","Pathogenic","NM_000156.6(GAMT):c.590T>C (p.Leu197Pro)"
"2506158","VCV002506158.4","SGCG","Uncertain significance","NM_000231.3(SGCG):c.212T>C (p.Leu71Ser)"
"2506145","VCV002506145.6","GAA","Uncertain significance","NM_000152.5(GAA):c.1239C>G (p.Asp413Glu)"
"2504565","VCV002504565.2","SLC6A8","Uncertain significance","NM_005629.4(SLC6A8):c.634G>A (p.Glu212Lys)"
"2503890","VCV002503890.1","GAMT","Likely pathogenic","NM_000156.6(GAMT):c.577C>T (p.Gln193Ter)"
"2498386","VCV002498386.3","IDUA","Uncertain significance","NM_000203.5(IDUA):c.1192GAG[1] (p.Glu399del)"
"2446459","VCV002446459.5","GAMT","Pathogenic","NM_000156.6(GAMT):c.403G>T (p.Asp135Tyr)"
"2446458","VCV002446458.2","GAMT","Pathogenic","NM_000156.6(GAMT):c.391G>C (p.Gly131Arg)"
"2446453","VCV002446453.4","GAMT","Likely pathogenic","NM_000156.6(GAMT):c.274A>G (p.Asn92Asp)"
"2446209","VCV002446209.2","RUNX1","Benign","NM_001754.5(RUNX1):c.98-148_98-147dup"
"2440386","VCV002440386.4","GAA","Pathogenic","NM_000152.5(GAA):c.1552-2A>C"
"2435494","VCV002435494.5","RUNX1","Likely pathogenic","NM_001754.5(RUNX1):c.351+1_351+2dup"
"2430226","VCV002430226.3","RPGR","Benign","NM_001034853.2(RPGR):c.154+43A>G"
"2430225","VCV002430225.3","RPGR","Benign","NM_001034853.2(RPGR):c.3348A>G (p.Lys1116=)"
"2430223","VCV002430223.5","RPGR","Uncertain significance","NM_001034853.2(RPGR):c.2820_2840del (p.Asp943_Glu949del)"
"2430153","VCV002430153.2","RPGR","Uncertain significance","NM_001034853.2(RPGR):c.934G>A (p.Asp312Asn)"
"2430151","VCV002430151.2","RPGR","Pathogenic","NM_001034853.2(RPGR):c.283G>A (p.Gly95Arg)"
"2419189","VCV002419189.9","CDKL5","Likely pathogenic","NM_001323289.2(CDKL5):c.578A>T (p.Asp193Val)"
"2310457","VCV002310457.3","LOC130068098/RPGR","Likely benign","NM_001034853.2(RPGR):c.16G>C (p.Glu6Gln)"
"2203496","VCV002203496.8","IDUA","Uncertain significance","NM_000203.5(IDUA):c.794G>A (p.Gly265Asp)"
"2202780","VCV002202780.7","ABCA4","Pathogenic","NM_000350.3(ABCA4):c.6289C>T (p.Pro2097Ser)"
"2202769","VCV002202769.7","RPE65","Likely pathogenic","NM_000329.3(RPE65):c.311G>A (p.Gly104Asp)"
"2198440","VCV002198440.8","IDUA","Pathogenic","NM_000203.5(IDUA):c.544G>A (p.Glu182Lys)"
"2181706","VCV002181706.10","SLC6A8","Uncertain significance","NM_005629.4(SLC6A8):c.617G>A (p.Arg206His)"
"2174812","VCV002174812.5","RPGR","Benign","NM_001034853.2(RPGR):c.3317A>G (p.Lys1106Arg)"
"2174248","VCV002174248.5","RUNX1/RUNX1-AS1","Likely benign","NM_001754.5(RUNX1):c.508+4C>A"
"2169517","VCV002169517.8","GCK","Likely pathogenic","NM_000162.5(GCK):c.1181G>C (p.Arg394Pro)"
"2160730","VCV002160730.9","GAA","Likely pathogenic","NM_000152.5(GAA):c.1477C>T (p.Pro493Ser)"
"2152271","VCV002152271.4","AIPL1","Likely pathogenic","NM_014336.5(AIPL1):c.364G>A (p.Gly122Arg)"
"2151146","VCV002151146.5","RPGR","Likely benign","NM_001034853.2(RPGR):c.2606A>G (p.Glu869Gly)"
"2145645","VCV002145645.4","GAMT","Uncertain significance","NM_000156.6(GAMT):c.299G>A (p.Arg100Gln)"
"2138184","VCV002138184.3","LOC130062945/GAMT","Pathogenic","NM_000156.6(GAMT):c.152A>C (p.His51Pro)"
"2137655","VCV002137655.5","CAPN3","Likely pathogenic","NM_000070.3(CAPN3):c.1322G>A (p.Gly441Asp)"
"2136518","VCV002136518.6","GCK","Pathogenic","NM_000162.5(GCK):c.679G>A (p.Gly227Ser)"
"2136509","VCV002136509.8","GCK","Pathogenic","NM_000162.5(GCK):c.1151C>A (p.Ala384Glu)"
"2124553","VCV002124553.5","KCNQ1","Uncertain significance","NM_000218.3(KCNQ1):c.1120C>T (p.Leu374Phe)"
"2112037","VCV002112037.7","RUNX1/RUNX1-AS1","Pathogenic","NM_001754.5(RUNX1):c.422C>A (p.Ser141Ter)"
"2105592","VCV002105592.7","CDKL5","Pathogenic","NM_001323289.2(CDKL5):c.372_385del (p.His124fs)"
"2099208","VCV002099208.5","RPGR","Likely pathogenic","NM_001034853.2(RPGR):c.2248G>T (p.Glu750Ter)"
"2098360","VCV002098360.5","SERPINC1","Likely benign","NM_000488.4(SERPINC1):c.21A>T (p.Gly7=)"
"2094507","VCV002094507.8","RUNX1","Pathogenic","NM_001754.5(RUNX1):c.806-1G>A"
"2065408","VCV002065408.5","GCK","Likely pathogenic","NM_000162.5(GCK):c.1153G>C (p.Gly385Arg)"
"2058952","VCV002058952.5","IDUA/SLC26A1","Uncertain significance","NM_000203.5(IDUA):c.298A>G (p.Arg100Gly)"
"2043694","VCV002043694.7","RPGR","Benign","NM_001034853.2(RPGR):c.320A>G (p.Asn107Ser)"
"2035290","VCV002035290.7","RUNX1","Likely benign","NM_001754.5(RUNX1):c.805+8C>T"
"2035147","VCV002035147.9","RUNX1","Likely benign","NM_001754.5(RUNX1):c.123G>C (p.Thr41=)"
"2028290","VCV002028290.6","PTEN","Uncertain significance","NM_000314.8(PTEN):c.402G>A (p.Met134Ile)"
"2025155","VCV002025155.5","IDUA","Uncertain significance","NM_000203.5(IDUA):c.1091C>G (p.Thr364Arg)"
"2023119","VCV002023119.5","RUNX1/RUNX1-AS1","Uncertain significance","NM_001754.5(RUNX1):c.613+1G>A"
"2020494","VCV002020494.5","DICER1","Likely pathogenic","NM_177438.3(DICER1):c.2256+5G>A"
"2010905","VCV002010905.5","HNF1A","Likely pathogenic","NM_000545.8(HNF1A):c.981del (p.Ser328fs)"
"1996609","VCV001996609.5","RUNX1/RUNX1-AS1","Uncertain significance","NM_001754.5(RUNX1):c.509-11T>C"
"1972115","VCV001972115.5","GAA","Likely pathogenic","NM_000152.5(GAA):c.2238G>T (p.Trp746Cys)"
"1971169","VCV001971169.8","RUNX1","Likely benign","NM_001754.5(RUNX1):c.58+12C>G"
"1950175","VCV001950175.7","KCNQ1","Uncertain significance","NM_000218.3(KCNQ1):c.817C>G (p.Leu273Val)"
"1946075","VCV001946075.18","RPGR","Likely benign","NM_001034853.2(RPGR):c.444A>T (p.Gly148=)"
"1945670","VCV001945670.7","GAA","Likely pathogenic","NM_000152.5(GAA):c.1754+2T>C"
"1911932","VCV001911932.8","FOXG1","Uncertain significance","NM_005249.5(FOXG1):c.475G>A (p.Ala159Thr)"
"1879045","VCV001879045.4","ITGB3","Pathogenic","NM_000212.3(ITGB3):c.1639T>G (p.Cys547Gly)"
"1879028","VCV001879028.2","ITGA2B","Likely benign","NM_000419.5(ITGA2B):c.1211-78A>G"
"1802373","VCV001802373.10","RPGR","Pathogenic","NM_001034853.2(RPGR):c.2997_2998del (p.Glu1000fs)"
"1802365","VCV001802365.9","RPGR","Pathogenic","NM_001034853.2(RPGR):c.2625dup (p.Gly876fs)"
"1802284","VCV001802284.3","RPGR","Likely benign","NM_001034853.2(RPGR):c.3317A>C (p.Lys1106Thr)"
"1770532","VCV001770532.7","GCK","Likely pathogenic","NM_000162.5(GCK):c.1348G>T (p.Ala450Ser)"
"1759844","VCV001759844.14","TP53","Pathogenic","NM_000546.6(TP53):c.761T>C (p.Ile254Thr)"
"1743101","VCV001743101.4","GCK","Pathogenic","NM_000162.5(GCK):c.478G>C (p.Asp160His)"
"1734018","VCV001734018.5","GCK","Likely pathogenic","NM_000162.5(GCK):c.1150G>A (p.Ala384Thr)"
"1707409","VCV001707409.4","RPGR","Pathogenic","NM_001034853.2(RPGR):c.1302dup (p.Leu435fs)"
"1703790","VCV001703790.2","RUNX1","Benign","NM_001754.5(RUNX1):c.1252A>T (p.Met418Leu)"
"1701032","VCV001701032.9","CDKL5","Uncertain significance","NM_001323289.2(CDKL5):c.2684C>T (p.Pro895Leu)"
"1700721","VCV001700721.7","CDKL5/RS1","Likely pathogenic","NM_000330.4(RS1):c.656G>A (p.Cys219Tyr)"
"1700658","VCV001700658.2","HNF4A","Likely pathogenic","NM_175914.5(HNF4A):c.1033G>T (p.Asp345Tyr)"
"1699999","VCV001699999.6","HNF1A","Likely benign","NM_000545.8(HNF1A):c.1521C>A (p.Pro507=)"
"1695290","VCV001695290.37","RPGR","Benign","NM_001034853.2(RPGR):c.2976_2990del (p.989EGEEE[1])"
"1693548","VCV001693548.5","GAA","Likely pathogenic","NM_000152.5(GAA):c.1385T>C (p.Leu462Pro)"
"1692646","VCV001692646.2","RUNX1","Likely benign","NM_001754.5(RUNX1):c.-59-9G>A"
"1692635","VCV001692635.4","PTEN","Uncertain significance","NM_000314.8(PTEN):c.-72C>T"
"1691491","VCV001691491.4","ITGA2B","Pathogenic","NM_000419.5(ITGA2B):c.224del (p.Gly75fs)"
"1691483","VCV001691483.3","ITGB3","Likely pathogenic","NM_000212.3(ITGB3):c.415G>C (p.Asp139His)"
"1691482","VCV001691482.9","ITGB3","Pathogenic","NM_000212.3(ITGB3):c.422A>G (p.Tyr141Cys)"
"1691476","VCV001691476.3","ITGB3","Pathogenic","NM_000212.3(ITGB3):c.1641C>G (p.Cys547Trp)"
"1691253","VCV001691253.4","GP1BB/SEPT5-GP1BB","Likely pathogenic","NM_000407.5(GP1BB):c.1A>T (p.Met1Leu)"
"1691251","VCV001691251.4","GP1BA","Pathogenic","NM_000173.7(GP1BA):c.1480del (p.Thr494fs)"
"1691250","VCV001691250.2","VWF","Uncertain significance","NM_000552.5(VWF):c.4276C>A (p.Arg1426Ser)"
"1691236","VCV001691236.3","GP9","Uncertain significance","NM_000174.5(GP9):c.259T>C (p.Trp87Arg)"
"1687103","VCV001687103.3","SERPINC1","Uncertain significance","NM_000488.4(SERPINC1):c.1247dup (p.Ser417fs)"
"1687088","VCV001687088.8","HNF1A","Likely benign","NM_000545.8(HNF1A):c.1505T>A (p.Leu502His)"
"1687076","VCV001687076.7","HNF1A","Likely pathogenic","NM_000545.8(HNF1A):c.1501+5G>C"
"1685834","VCV001685834.2","GAA","Likely pathogenic","NM_000152.5(GAA):c.2740dup (p.Gln914fs)"
"1685804","VCV001685804.12","F9","Uncertain significance","NM_000133.4(F9):c.1346G>A (p.Arg449Gln)"
"1685801","VCV001685801.5","F8","Uncertain significance","NM_000132.4(F8):c.1030A>C (p.Lys344Gln)"
"1685791","VCV001685791.3","F8","Likely benign","NM_000132.4(F8):c.4828G>T (p.Ala1610Ser)"
"1684369","VCV001684369.2","GP1BA","Uncertain significance","NM_000173.7(GP1BA):c.1436del (p.Phe478_Leu479insTer)"
"1684012","VCV001684012.2","VWF","Likely pathogenic","NM_000552.5(VWF):c.4606_4611del (p.His1536_Val1537del)"
"1684007","VCV001684007.2","VWF","Uncertain significance","NM_000552.5(VWF):c.3515G>T (p.Gly1172Val)"
"1684005","VCV001684005.2","VWF","Pathogenic","NM_000552.5(VWF):c.4885G>C (p.Gly1629Arg)"
"1683230","VCV001683230.10","IDUA","Likely pathogenic","NM_000203.5(IDUA):c.956C>T (p.Ala319Val)"
"1678856","VCV001678856.8","MECP2","Benign","NM_001110792.2(MECP2):c.673C>G (p.Leu225Val)"
"1677453","VCV001677453.9","SGCD","Pathogenic","NM_000337.6(SGCD):c.289C>T (p.Arg97Ter)"
"1676595","VCV001676595.7","DICER1","Likely pathogenic","NM_177438.3(DICER1):c.2523A>G (p.Gln841=)"
"1676188","VCV001676188.36","SLC6A8","Uncertain significance","NM_005629.4(SLC6A8):c.874T>C (p.Tyr292His)"
"1673564","VCV001673564.11","RPGR","Benign","NM_001034853.2(RPGR):c.2606_2632dup (p.860EEGEEGEGE[3])"
"1655657","VCV001655657.11","FOXG1","Benign","NM_005249.5(FOXG1):c.1058A>G (p.Asn353Ser)"
"1648546","VCV001648546.11","CDKL5","Uncertain significance","NM_001323289.2(CDKL5):c.2194G>A (p.Val732Met)"
"1635761","VCV001635761.9","RUNX1","Uncertain significance","NM_001754.5(RUNX1):c.98-13C>T"
"1634683","VCV001634683.8","CYP1B1","Likely benign","NM_000104.4(CYP1B1):c.35C>T (p.Pro12Leu)"
"1610571","VCV001610571.9","SERPINC1","Uncertain significance","NM_000488.4(SERPINC1):c.1275T>C (p.Arg425=)"
"1600850","VCV001600850.9","ANO5","Likely benign","NM_213599.3(ANO5):c.1215A>G (p.Gln405=)"
"1590532","VCV001590532.11","RUNX1","Likely benign","NM_001754.5(RUNX1):c.614-25CTCCC[4]"
"1580855","VCV001580855.11","RUNX1","Likely benign","NM_001754.5(RUNX1):c.805+9C>G"
"1576061","VCV001576061.9","SERPINC1","Uncertain significance","NM_000488.4(SERPINC1):c.1278G>A (p.Ser426=)"
"1575633","VCV001575633.13","RPGR","Benign","NM_001034853.2(RPGR):c.2919_2939dup (p.970GEGEGEE[3])"
"1573333","VCV001573333.10","TCF4","Likely benign","NM_001083962.2(TCF4):c.1412A>G (p.Gln471Arg)"
"1562414","VCV001562414.12","SLC6A8","Uncertain significance","NM_005629.4(SLC6A8):c.645-19A>G"
"1553316","VCV001553316.9","SGCG","Likely benign","NM_000231.3(SGCG):c.579-17T>G"
"1552732","VCV001552732.10","GAMT","Uncertain significance","NM_000156.6(GAMT):c.228A>T (p.Ser76=)"
"1547462","VCV001547462.9","RUNX1/RUNX1-AS1","Uncertain significance","NM_001754.5(RUNX1):c.509-11T>A"
"1522625","VCV001522625.9","GCK","Likely pathogenic","NM_000162.5(GCK):c.1181G>T (p.Arg394Leu)"
"1514764","VCV001514764.12","SCN8A","Likely pathogenic","NM_001330260.2(SCN8A):c.1201T>C (p.Tyr401His)"
"1512896","VCV001512896.9","F9","Uncertain significance","NM_000133.4(F9):c.1105C>T (p.Leu369Phe)"
"1510069","VCV001510069.8","RUNX1","Likely benign","NM_001754.5(RUNX1):c.1274C>T (p.Pro425Leu)"
"1506231","VCV001506231.9","PTEN","Likely pathogenic","NM_000314.8(PTEN):c.115G>A (p.Ala39Thr)"
"1495088","VCV001495088.12","ATM/C11orf65","Likely pathogenic","NM_000051.4(ATM):c.8150A>C (p.Lys2717Thr)"
"1491487","VCV001491487.11","GP9","Likely pathogenic","NM_000174.5(GP9):c.212T>G (p.Phe71Cys)"
"1489392","VCV001489392.14","CYP1B1","Likely pathogenic","NM_000104.4(CYP1B1):c.1102C>T (p.Arg368Cys)"
"1489310","VCV001489310.9","MECP2","Uncertain significance","NM_001110792.2(MECP2):c.536G>C (p.Arg179Pro)"
"1477198","VCV001477198.9","ABCA4","Likely pathogenic","NM_000350.3(ABCA4):c.6416G>A (p.Arg2139Gln)"
"1468875","VCV001468875.10","IDUA","Likely pathogenic","NM_000203.5(IDUA):c.614G>A (p.Cys205Tyr)"
"1466744","VCV001466744.18","ENG/LOC102723566","Likely pathogenic","NM_001114753.3(ENG):c.1517T>A (p.Leu506His)"
"1458769","VCV001458769.14","IDUA/SLC26A1","Pathogenic","NM_000203.5(IDUA):c.236C>T (p.Ala79Val)"
"1451640","VCV001451640.7","AIPL1","Pathogenic","NM_014336.5(AIPL1):c.276+1G>A"
"1445009","VCV001445009.5","GUCY2D","Likely pathogenic","NM_000180.4(GUCY2D):c.743C>G (p.Ser248Trp)"
"1429635","VCV001429635.8","SLC6A8","Uncertain significance","NM_005629.4(SLC6A8):c.1048G>A (p.Gly350Arg)"
"1429051","VCV001429051.7","TCF4","Likely benign","NM_001083962.2(TCF4):c.937G>A (p.Gly313Arg)"
"1423525","VCV001423525.12","MECP2","Uncertain significance","NM_001110792.2(MECP2):c.937C>G (p.Leu313Val)"
"1419404","VCV001419404.3","AIPL1","Likely pathogenic","NM_014336.5(AIPL1):c.724AAG[1] (p.Lys243del)"
"1411632","VCV001411632.9","RUNX1","Likely benign","NM_001754.5(RUNX1):c.968-5T>G"
"1411575","VCV001411575.27","GAA","Pathogenic","NM_000152.5(GAA):c.1930_1936dup (p.Val646fs)"
"1408583","VCV001408583.9","TP53","Likely pathogenic","NM_000546.6(TP53):c.1146del (p.Lys382fs)"
"1405403","VCV001405403.8","GCK","Pathogenic","NM_000162.5(GCK):c.1019G>A (p.Ser340Asn)"
"1399408","VCV001399408.17","HNF4A","Uncertain significance","NM_175914.5(HNF4A):c.530T>C (p.Val177Ala)"
"1367157","VCV001367157.8","CEP290","Likely pathogenic","NM_025114.4(CEP290):c.254dup (p.Asn85fs)"
"1364817","VCV001364817.5","NEB","Uncertain significance","NM_001164508.2(NEB):c.12639+2dup"
"1361956","VCV001361956.13","APC","Uncertain significance","NM_000038.6(APC):c.7964_7965del (p.Glu2655fs)"
"1356123","VCV001356123.6","RPGR","Likely pathogenic","NM_001034853.2(RPGR):c.308C>T (p.Thr103Ile)"
"1353448","VCV001353448.9","PIK3R1","Likely benign","NM_181523.3(PIK3R1):c.1305A>G (p.Gln435=)"
"1350756","VCV001350756.8","DYSF","Pathogenic","NM_001130987.2(DYSF):c.2697+5G>A"
"1343440","VCV001343440.5","GCK","Pathogenic","NM_000162.5(GCK):c.179C>T (p.Thr60Ile)"
"1343019","VCV001343019.8","SCN8A","Likely benign","NM_001330260.2(SCN8A):c.1423C>T (p.Arg475Trp)"
"1342955","VCV001342955.5","HNF1A","Likely pathogenic","NM_000545.8(HNF1A):c.833G>A (p.Arg278Gln)"
"1342712","VCV001342712.5","SCN2A","Uncertain significance","NM_001040142.2(SCN2A):c.1035-7A>G"
"1339135","VCV001339135.2","CYP1B1","Pathogenic","NM_000104.4(CYP1B1):c.1044-2A>G"
"1338800","VCV001338800.2","CYP1B1","Likely pathogenic","NM_000104.4(CYP1B1):c.710C>A (p.Ala237Glu)"
"1338736","VCV001338736.5","PIK3R1","Likely pathogenic","NM_181523.3(PIK3R1):c.1299+2T>C"
"1338262","VCV001338262.13","PTEN","Pathogenic","NM_000314.8(PTEN):c.373A>G (p.Lys125Glu)"
"1338214","VCV001338214.18","GP1BA/LOC130060044","Likely benign","NM_000173.7(GP1BA):c.1845_1849del (p.Asn616fs)"
"1336429","VCV001336429.9","SLC6A8","Uncertain significance","NM_005629.4(SLC6A8):c.1425C>T (p.Tyr475=)"
"1336352","VCV001336352.14","RUNX1","Likely benign","NM_001754.5(RUNX1):c.59-12_59-11del"
"1334148","VCV001334148.9","HNF1A","Pathogenic","NM_000545.8(HNF1A):c.320T>G (p.Leu107Arg)"
"1334146","VCV001334146.15","HNF1A","Benign","NM_000545.8(HNF1A):c.871C>G (p.Pro291Ala)"
"1331361","VCV001331361.4","CYP1B1","Likely pathogenic","NM_000104.4(CYP1B1):c.1198C>T (p.Pro400Ser)"
"1327616","VCV001327616.5","HNF1A","Likely pathogenic","NM_000545.8(HNF1A):c.425C>A (p.Ser142Tyr)"
"1327605","VCV001327605.10","HNF1A","Likely pathogenic","NM_000545.8(HNF1A):c.722G>A (p.Cys241Tyr)"
"1327599","VCV001327599.5","HNF1A","Pathogenic","NM_000545.8(HNF1A):c.58G>C (p.Gly20Arg)"
"1327593","VCV001327593.4","HNF1A","Pathogenic","NM_000545.8(HNF1A):c.319C>A (p.Leu107Ile)"
"1327560","VCV001327560.2","PAH","Likely pathogenic","NM_000277.3(PAH):c.977G>C (p.Trp326Ser)"
"1323099","VCV001323099.17","IDUA","Likely pathogenic","NM_000203.5(IDUA):c.1402+1G>T"
"1323092","VCV001323092.5","IDUA","Likely pathogenic","NM_000203.5(IDUA):c.1650+1G>T"
"1317657","VCV001317657.5","HNF1A","Likely pathogenic","NM_000545.8(HNF1A):c.461T>C (p.Met154Thr)"
"1314557","VCV001314557.9","GCK","Uncertain significance","NM_000162.5(GCK):c.499T>G (p.Trp167Gly)"
"1312506","VCV001312506.4","GAMT","Pathogenic","NM_000156.6(GAMT):c.497T>C (p.Leu166Pro)"
"1312388","VCV001312388.9","TCF4/TCF4-AS1","Likely benign","NM_001083962.2(TCF4):c.245G>A (p.Ser82Asn)"
"1309246","VCV001309246.15","IDUA","Likely pathogenic","NM_000203.5(IDUA):c.1499A>G (p.Gln500Arg)"
"1301416","VCV001301416.6","GCK","Likely pathogenic","NM_000162.5(GCK):c.1174C>G (p.Arg392Gly)"
"1300185","VCV001300185.9","DYSF","Pathogenic","NM_001130987.2(DYSF):c.4989del (p.Glu1663fs)"
"1300184","VCV001300184.3","DYSF","Pathogenic","NM_001130987.2(DYSF):c.3427del (p.Glu1143fs)"
"1299755","VCV001299755.2","HNF4A","Uncertain significance","NM_175914.5(HNF4A):c.-181G>C"
"1299484","VCV001299484.5","RUNX1/RUNX1-AS1","Likely pathogenic","NM_001754.5(RUNX1):c.508+1G>C"
"1297121","VCV001297121.7","RPGR","Pathogenic","NM_001034853.2(RPGR):c.2491G>T (p.Glu831Ter)"
"1297120","VCV001297120.3","RPGR","Pathogenic","NM_001034853.2(RPGR):c.2420_2435del (p.Glu807fs)"
"1297114","VCV001297114.8","RPGR","Pathogenic","NM_001034853.2(RPGR):c.1582_1585del (p.Thr528fs)"
"1290150","VCV001290150.4","RUNX1","Uncertain significance","NC_000021.9:g.35049406del"
"1284488","VCV001284488.5","RPGR","Pathogenic","NM_001034853.2(RPGR):c.3212_3218del (p.Glu1071fs)"
"1276872","VCV001276872.51","RPGR","Benign","NM_001034853.2(RPGR):c.2057T>A (p.Met686Lys)"
"1254629","VCV001254629.11","CYP1B1/LOC128772254","Pathogenic","NM_000104.4(CYP1B1):c.1310C>T (p.Pro437Leu)"
"1214000","VCV001214000.3","RYR1","Likely pathogenic","NM_000540.3(RYR1):c.1024G>A (p.Glu342Lys)"
"1209788","VCV001209788.39","SGCG","Uncertain significance","NM_000231.3(SGCG):c.101G>A (p.Arg34His)"
"1207107","VCV001207107.4","RUNX1/RUNX1-AS1","Benign","NM_001754.5(RUNX1):c.508+169G>A"
"1204380","VCV001204380.19","RPGR","Benign","NM_001034853.2(RPGR):c.3108_3122del (p.1033EGEEE[1])"
"1203357","VCV001203357.4","RUNX1/RUNX1-AS1","Benign","NM_001754.5(RUNX1):c.508+182A>G"
"1200799","VCV001200799.9","RPGR","Benign","NM_001034853.2(RPGR):c.2729G>A (p.Gly910Glu)"
"1199575","VCV001199575.5","RPGR","Benign","NM_001034853.2(RPGR):c.*72A>G"
"1194557","VCV001194557.8","RUNX1","Pathogenic","NM_001754.5(RUNX1):c.1242C>G (p.Tyr414Ter)"
"1188437","VCV001188437.3","DYSF","Benign","NM_001130987.2(DYSF):c.3574+34G>T"
"1186511","VCV001186511.3","RUNX1","Benign","NM_001754.5(RUNX1):c.98-1418dup"
"1176300","VCV001176300.44","RPGR","Likely benign","NM_001034853.2(RPGR):c.415G>A (p.Glu139Lys)"
"1172696","VCV001172696.2","RPGR","Pathogenic","NM_001034853.2(RPGR):c.2455_2468dup (p.Lys823_Gly824insTer)"
"1169533","VCV001169533.9","AIPL1","Likely benign","NM_014336.5(AIPL1):c.756C>T (p.His252=)"
"1168907","VCV001168907.15","RPGR","Benign","NM_001034853.2(RPGR):c.1163C>T (p.Ala388Val)"
"1164487","VCV001164487.21","RPGR","Likely benign","NM_001034853.2(RPGR):c.30T>A (p.Asp10Glu)"
"1164291","VCV001164291.14","RPGR","Benign","NM_001034853.2(RPGR):c.394G>A (p.Val132Ile)"
"1164050","VCV001164050.7","TCF4","Likely pathogenic","NM_001083962.2(TCF4):c.1817C>T (p.Thr606Ile)"
"1162140","VCV001162140.10","IDUA","Uncertain significance","NM_000203.5(IDUA):c.394C>T (p.Leu132=)"
"1155514","VCV001155514.14","ABCA4","Likely benign","NM_000350.3(ABCA4):c.2383-13C>T"
"1144732","VCV001144732.11","FOXG1","Uncertain significance","NM_005249.5(FOXG1):c.95A>G (p.Asn32Ser)"
"1139929","VCV001139929.42","SLC6A8","Uncertain significance","NM_005629.4(SLC6A8):c.1650C>G (p.Thr550=)"
"1138356","VCV001138356.18","SLC6A8","Likely benign","NM_005629.4(SLC6A8):c.1008C>T (p.Asn336=)"
"1127805","VCV001127805.8","SERPINC1","Uncertain significance","NM_000488.4(SERPINC1):c.87C>T (p.Cys29=)"
"1120245","VCV001120245.15","LDLR","Likely pathogenic","NM_000527.5(LDLR):c.1277T>G (p.Leu426Arg)"
"1098275","VCV001098275.6","GAMT/LOC130062945","Uncertain significance","NM_000156.6(GAMT):c.181G>A (p.Gly61Arg)"
"1072479","VCV001072479.8","CAPN3","Likely pathogenic","NM_000070.3(CAPN3):c.219del (p.Leu74fs)"
"1070168","VCV001070168.11","JAK3","Likely pathogenic","NM_000215.4(JAK3):c.578G>A (p.Cys193Tyr)"
"1070042","VCV001070042.19","NRAS","Pathogenic","NM_002524.5(NRAS):c.173C>T (p.Thr58Ile)"
"1068474","VCV001068474.15","IDUA","Likely pathogenic","NM_000203.5(IDUA):c.1898C>A (p.Ser633Ter)"
"1065689","VCV001065689.7","RPGR","Pathogenic","NM_001034853.2(RPGR):c.1754-3C>G"
"1065380","VCV001065380.3","PAH","Likely pathogenic","NM_000277.3(PAH):c.684A>C (p.Glu228Asp)"
"1064675","VCV001064675.13","IDUA","Likely pathogenic","NM_000203.5(IDUA):c.1883G>C (p.Arg628Pro)"
"1044750","VCV001044750.14","DICER1","Likely benign","NM_177438.3(DICER1):c.3249A>G (p.Arg1083=)"
"1043063","VCV001043063.15","PTEN","Likely pathogenic","NM_000314.8(PTEN):c.959T>C (p.Leu320Ser)"
"1036903","VCV001036903.13","CDH23","Uncertain significance","NM_022124.6(CDH23):c.2959G>A (p.Asp987Asn)"
"1034639","VCV001034639.12","GAA","Likely pathogenic","NM_000152.5(GAA):c.1106T>C (p.Leu369Pro)"
"1031829","VCV001031829.11","ACTA1","Pathogenic","NM_001100.4(ACTA1):c.1001C>G (p.Pro334Arg)"
"1029498","VCV001029498.10","F8","Pathogenic","NM_000132.4(F8):c.6658G>C (p.Ala2220Pro)"
"1023669","VCV001023669.10","ATM/C11orf65","Likely pathogenic","NM_000051.4(ATM):c.8300T>C (p.Leu2767Pro)"
"1019612","VCV001019612.10","TP53","Likely pathogenic","NM_000546.6(TP53):c.1009C>A (p.Arg337Ser)"
"1012646","VCV001012646.38","RPGR","Likely pathogenic","NM_001034853.2(RPGR):c.3034del (p.Glu1012fs)"
"1010409","VCV001010409.9","TCF4","Likely benign","NM_001083962.2(TCF4):c.1348A>G (p.Met450Val)"
"998052","VCV000998052.16","LDLR","Likely pathogenic","NM_000527.5(LDLR):c.1327T>C (p.Trp443Arg)"
"994611","VCV000994611.4","GCK","Likely pathogenic","NM_000162.5(GCK):c.822C>A (p.Asp274Glu)"
"993978","VCV000993978.21","GUCY2D","Benign","NM_000180.4(GUCY2D):c.3043+11C>T"
"992900","VCV000992900.4","LDLR","Likely pathogenic","NM_000527.5(LDLR):c.1436T>A (p.Leu479Gln)"
"989392","VCV000989392.2","RPGR","Likely pathogenic","NM_001034853.2(RPGR):c.2457_2460del (p.Glu820fs)"
"987913","VCV000987913.2","PAH","Likely pathogenic","NM_000277.3(PAH):c.1246C>A (p.Pro416Thr)"
"987910","VCV000987910.2","PAH","Pathogenic","NM_000277.3(PAH):c.441+5G>A"
"987756","VCV000987756.2","PAH","Likely pathogenic","NM_000277.3(PAH):c.1204T>G (p.Phe402Val)"
"987407","VCV000987407.5","RPGR","Pathogenic","NM_001034853.2(RPGR):c.779-5T>G"
"984179","VCV000984179.10","IDUA","Likely pathogenic","NM_000203.5(IDUA):c.439C>T (p.Gln147Ter)"
"984127","VCV000984127.11","DYSF","Pathogenic","NM_001130987.2(DYSF):c.5161C>T (p.Gln1721Ter)"
"984123","VCV000984123.14","DYSF","Pathogenic","NM_001130987.2(DYSF):c.4414G>T (p.Glu1472Ter)"
"982438","VCV000982438.2","RYR1","Likely pathogenic","NM_000540.3(RYR1):c.1925+1G>C"
"979168","VCV000979168.14","LDLR","Uncertain significance","NM_000527.5(LDLR):c.1961T>C (p.Leu654Pro)"
"978981","VCV000978981.2","RPE65","Likely pathogenic","NM_000329.3(RPE65):c.515T>A (p.Val172Asp)"
"978980","VCV000978980.2","RPE65","Likely pathogenic","NM_000329.3(RPE65):c.310G>C (p.Gly104Arg)"
"978048","VCV000978048.18","SGCA","Likely pathogenic","NM_000023.4(SGCA):c.957-11C>G"
"977528","VCV000977528.17","RPGR","Benign","NM_001034853.2(RPGR):c.3183GGA[2] (p.Glu1066del)"
"975136","VCV000975136.7","RPGR","Pathogenic","NM_001034853.2(RPGR):c.1926dup (p.Ser643fs)"
"975129","VCV000975129.3","RPGR","Pathogenic","NM_001034853.2(RPGR):c.619+2T>A"
"973968","VCV000973968.2","RPE65","Likely pathogenic","NM_000329.3(RPE65):c.1596dup (p.Ser533fs)"
"973961","VCV000973961.10","RPE65","Likely pathogenic","NM_000329.3(RPE65):c.1440AGA[1] (p.Glu481del)"
"972798","VCV000972798.16","GAA","Likely pathogenic","NM_000152.5(GAA):c.1958C>A (p.Thr653Asn)"
"972780","VCV000972780.14","HNF1A","Pathogenic","NM_000545.8(HNF1A):c.1501G>A (p.Ala501Thr)"
"972770","VCV000972770.9","HNF1A","Uncertain significance","NM_000545.8(HNF1A):c.340C>T (p.Arg114Cys)"
"972760","VCV000972760.13","GAA","Pathogenic","NM_000152.5(GAA):c.1562A>T (p.Glu521Val)"
"970259","VCV000970259.17","RUNX1","Uncertain significance","NM_001754.5(RUNX1):c.1270T>C (p.Ser424Pro)"
"969309","VCV000969309.9","GUCY2D","Likely benign","NM_000180.4(GUCY2D):c.2318T>C (p.Met773Thr)"
"968299","VCV000968299.23","LZTR1","Likely benign","NM_006767.4(LZTR1):c.1700G>A (p.Arg567His)"
"964490","VCV000964490.9","RUNX1","Likely benign","NM_001754.5(RUNX1):c.351+4C>T"
"959950","VCV000959950.16","GAA","Likely pathogenic","NM_000152.5(GAA):c.1211A>G (p.Asp404Gly)"
"958447","VCV000958447.15","RPGR","Benign","NM_001034853.2(RPGR):c.1508C>G (p.Thr503Arg)"
"955439","VCV000955439.33","APC","Uncertain significance","NM_000038.6(APC):c.1042C>T (p.Arg348Ter)"
"953728","VCV000953728.17","GAA","Likely pathogenic","NM_000152.5(GAA):c.883C>A (p.His295Asn)"
"953060","VCV000953060.4","ITGB3","Likely benign","NM_000212.3(ITGB3):c.1125+29G>C"
"953022","VCV000953022.4","ITGA2B","Likely benign","NM_000419.5(ITGA2B):c.2728-19T>C"
"952461","VCV000952461.15","RPE65","Pathogenic","NM_000329.3(RPE65):c.726-2A>T"
"950889","VCV000950889.15","IDUA","Likely pathogenic","NM_000203.5(IDUA):c.1046A>G (p.Asp349Gly)"
"950888","VCV000950888.17","IDUA","Likely pathogenic","NM_000203.5(IDUA):c.1190-10C>A"
"945024","VCV000945024.17","CTLA4","Pathogenic","NM_005214.5(CTLA4):c.223C>T (p.Arg75Trp)"
"942846","VCV000942846.10","RUNX1","Likely benign","NM_001754.5(RUNX1):c.968-7C>A"
"940200","VCV000940200.13","LOC106721785/BRCA2","Likely pathogenic","NM_000059.4(BRCA2):c.-40+1G>A"
"938483","VCV000938483.13","ATM/C11orf65","Uncertain significance","NM_000051.4(ATM):c.8096C>T (p.Pro2699Leu)"
"937744","VCV000937744.15","DICER1","Uncertain significance","NM_177438.3(DICER1):c.2774A>G (p.Glu925Gly)"
"935322","VCV000935322.11","MECP2","Likely benign","NM_001110792.2(MECP2):c.1261AGC[2] (p.Ser423del)"
"934724","VCV000934724.15","APC","Pathogenic","NM_000038.6(APC):c.203del (p.Leu68fs)"
"933091","VCV000933091.8","DICER1","Uncertain significance","NM_177438.3(DICER1):c.5438A>G (p.Glu1813Gly)"
"933084","VCV000933084.14","DICER1","Pathogenic","NM_177438.3(DICER1):c.5428G>T (p.Asp1810Tyr)"
"933083","VCV000933083.7","DICER1","Uncertain significance","NM_177438.3(DICER1):c.5428G>C (p.Asp1810His)"
"933077","VCV000933077.7","DICER1","Likely pathogenic","NM_177438.3(DICER1):c.5425G>C (p.Gly1809Arg)"
"933010","VCV000933010.9","DICER1","Likely pathogenic","NM_177438.3(DICER1):c.2257-7A>G"
"932855","VCV000932855.4","ACADVL","Uncertain significance","NM_000018.4(ACADVL):c.428G>C (p.Gly143Ala)"
"931741","VCV000931741.12","HNF4A","Uncertain significance","NM_175914.5(HNF4A):c.341G>A (p.Arg114Gln)"
"929238","VCV000929238.3","IDUA/SLC26A1","Pathogenic","NM_000203.5(IDUA):c.65del (p.Pro22fs)"
"929236","VCV000929236.12","IDUA","Pathogenic","NM_000203.5(IDUA):c.1395del (p.Gly466fs)"
"927378","VCV000927378.10","LOC126862571/BRCA1","Uncertain significance","NM_007294.4(BRCA1):c.3991_4096+10delinsAT"
"917689","VCV000917689.9","IDUA","Pathogenic","NM_000203.5(IDUA):c.457A>T (p.Lys153Ter)"
"916122","VCV000916122.13","GAMT","Likely pathogenic","NM_000156.6(GAMT):c.268G>A (p.Glu90Lys)"
"914832","VCV000914832.30","F8","Likely benign","NM_000132.4(F8):c.5063C>T (p.Ser1688Leu)"
"913851","VCV000913851.18","F9","Likely benign","NM_000133.4(F9):c.582T>G (p.Thr194=)"
"902044","VCV000902044.6","SGCB","Benign","NM_000232.5(SGCB):c.*3043A>G"
"901795","VCV000901795.5","GP9","Benign","NM_000174.5(GP9):c.-124C>T"
"900154","VCV000900154.27","GP9","Likely benign","NM_000174.5(GP9):c.423G>A (p.Ala141=)"
"900152","VCV000900152.10","GP9","Benign","NM_000174.5(GP9):c.236C>T (p.Thr79Ile)"
"898916","VCV000898916.5","RUNX1","Likely benign","NM_001754.5(RUNX1):c.-62G>A"
"898859","VCV000898859.5","RUNX1","Likely benign","NM_001754.5(RUNX1):c.*195C>T"
"897698","VCV000897698.5","RUNX1","Likely benign","NM_001754.5(RUNX1):c.*267C>A"
"897095","VCV000897095.6","RUNX1","Likely benign","NM_001754.5(RUNX1):c.*3582G>A"
"896041","VCV000896041.5","RUNX1","Likely benign","NM_001754.5(RUNX1):c.*2376G>A"
"892467","VCV000892467.18","LOC130060113/ACADVL","Likely benign","NM_000018.4(ACADVL):c.114G>C (p.Arg38=)"
"891607","VCV000891607.16","GAMT","Uncertain significance","NM_000156.6(GAMT):c.372G>A (p.Leu124=)"
"888827","VCV000888827.11","ITGA2B","Likely benign","NM_000419.5(ITGA2B):c.2449-11C>T"
"872836","VCV000872836.2","PAH","Likely pathogenic","NM_000277.3(PAH):c.1315+5G>C"
"872834","VCV000872834.2","PAH","Likely pathogenic","NM_000277.3(PAH):c.442G>C (p.Gly148Arg)"
"872832","VCV000872832.2","PAH","Likely pathogenic","NM_000277.3(PAH):c.361T>G (p.Phe121Val)"
"872581","VCV000872581.51","GP1BA","Pathogenic","NM_000173.7(GP1BA):c.1601_1602del (p.Tyr534fs)"
"870937","VCV000870937.40","AIPL1","Likely pathogenic","NM_014336.5(AIPL1):c.50T>C (p.Leu17Pro)"
"870190","VCV000870190.3","SCN2A","Pathogenic","NM_001040142.2(SCN2A):c.4832T>C (p.Leu1611Pro)"
"868490","VCV000868490.19","BRCA1","Likely pathogenic","NM_007294.4(BRCA1):c.4987-7A>G"
"867104","VCV000867104.3","AIPL1","Likely pathogenic","NM_014336.5(AIPL1):c.190G>A (p.Gly64Arg)"
"866919","VCV000866919.3","RS1","Pathogenic","NM_000330.4(RS1):c.53-1G>A"
"866825","VCV000866825.4","RPGR","Pathogenic","NM_001034853.2(RPGR):c.1753G>A (p.Glu585Lys)"
"866642","VCV000866642.4","RPGR","Likely pathogenic","NM_001034853.2(RPGR):c.679C>T (p.Gln227Ter)"
"866392","VCV000866392.2","RPGR","Likely benign","NM_001034853.2(RPGR):c.2930G>T (p.Gly977Val)"
"866316","VCV000866316.10","RPGR","Pathogenic","NM_001034853.2(RPGR):c.2695G>T (p.Glu899Ter)"
"866242","VCV000866242.6","ABCA4","Pathogenic","NM_000350.3(ABCA4):c.1034A>G (p.Tyr345Cys)"
"866048","VCV000866048.11","GUCY2D","Pathogenic","NM_000180.4(GUCY2D):c.3271C>T (p.Arg1091Ter)"
"865886","VCV000865886.5","RPGR","Pathogenic","NM_001034853.2(RPGR):c.2516_2520del (p.Glu839fs)"
"861026","VCV000861026.12","USH2A","Uncertain significance","NM_206933.4(USH2A):c.9885T>G (p.Cys3295Trp)"
"858180","VCV000858180.13","DYSF","Pathogenic","NM_001130987.2(DYSF):c.1003-3C>A"
"857860","VCV000857860.16","ATM","Pathogenic","NM_000051.4(ATM):c.5177+1G>C"
"855487","VCV000855487.17","IDUA/SLC26A1","Pathogenic","NM_000203.5(IDUA):c.164dup (p.Leu56fs)"
"854954","VCV000854954.15","DICER1","Uncertain significance","NM_177438.3(DICER1):c.4357A>G (p.Ile1453Val)"
"852860","VCV000852860.12","TCF4","Uncertain significance","NM_001083962.2(TCF4):c.1349T>C (p.Met450Thr)"
"851209","VCV000851209.9","GUCY2D","Likely benign","NM_000180.4(GUCY2D):c.1081G>A (p.Val361Met)"
"850287","VCV000850287.13","RPE65","Likely pathogenic","NM_000329.3(RPE65):c.1445A>G (p.Asp482Gly)"
"844968","VCV000844968.18","GAMT","Pathogenic","NM_000156.6(GAMT):c.328-1G>A"
"843318","VCV000843318.12","GAA","Likely pathogenic","NM_000152.5(GAA):c.1000G>A (p.Gly334Ser)"
"837668","VCV000837668.10","RUNX1","Likely benign","NM_001754.5(RUNX1):c.806-3C>T"
"836267","VCV000836267.11","SGCG","Likely pathogenic","NM_000231.3(SGCG):c.703-1G>C"
"835515","VCV000835515.20","HNF1A","Benign","NM_000545.8(HNF1A):c.872C>A (p.Pro291Gln)"
"830078","VCV000830078.6","SOS1","Uncertain significance","NM_005633.4(SOS1):c.844T>C (p.Cys282Arg)"
"827255","VCV000827255.19","APC","Likely pathogenic","NM_000038.6(APC):c.7798_7801del (p.Gln2600fs)"
"823452","VCV000823452.4","TP53","Likely pathogenic","NM_000546.6(TP53):c.328C>G (p.Arg110Gly)"
"822002","VCV000822002.10","PTEN","Pathogenic","NM_000314.8(PTEN):c.100G>C (p.Ala34Pro)"
"819257","VCV000819257.16","DICER1","Uncertain significance","NM_177438.3(DICER1):c.145-4C>T"
"813985","VCV000813985.67","DYSF","Pathogenic","NM_001130987.2(DYSF):c.3762del (p.Asp1255fs)"
"813970","VCV000813970.9","DYSF","Pathogenic","NM_001130987.2(DYSF):c.4822C>T (p.Gln1608Ter)"
"813355","VCV000813355.2","CYP1B1","Likely pathogenic","NM_000104.4(CYP1B1):c.1536_1541del (p.Pro513_Lys514del)"
"813227","VCV000813227.3","RPGR","Uncertain significance","NM_001034853.2(RPGR):c.389T>C (p.Phe130Ser)"
"813151","VCV000813151.3","AIPL1","Likely pathogenic","NM_014336.5(AIPL1):c.34dup (p.Val12fs)"
"812970","VCV000812970.4","GP1BB/SEPT5-GP1BB","Uncertain significance","NM_000407.5(GP1BB):c.127G>T (p.Gly43Trp)"
"812827","VCV000812827.3","BMPR2","Likely pathogenic","NM_001204.7(BMPR2):c.1228G>C (p.Gly410Arg)"
"812826","VCV000812826.4","BMPR2","Likely pathogenic","NM_001204.7(BMPR2):c.1217T>G (p.Met406Arg)"
"812825","VCV000812825.5","BMPR2","Uncertain significance","NM_001204.7(BMPR2):c.1178A>G (p.Asn393Ser)"
"812824","VCV000812824.3","BMPR2","Uncertain significance","NM_001204.7(BMPR2):c.1133G>T (p.Gly378Val)"
"812421","VCV000812421.2","RPGR","Pathogenic","NM_001034853.2(RPGR):c.494G>A (p.Gly165Asp)"
"812219","VCV000812219.9","AIPL1","Likely pathogenic","NM_014336.5(AIPL1):c.211G>T (p.Val71Phe)"
"811889","VCV000811889.12","F8","Uncertain significance","NM_000132.4(F8):c.748A>G (p.Met250Val)"
"808764","VCV000808764.42","DYSF","Pathogenic","NM_001130987.2(DYSF):c.1149+1G>C"
"805445","VCV000805445.4","SGCG","Likely benign","NM_000231.3(SGCG):c.1-3C>T"
"804916","VCV000804916.3","HNF4A","Uncertain significance","NM_175914.5(HNF4A):c.457G>A (p.Asp153Asn)"
"804853","VCV000804853.8","GCK","Uncertain significance","NM_000162.5(GCK):c.638_640del (p.Cys213del)"
"804851","VCV000804851.11","GCK","Pathogenic","NM_000162.5(GCK):c.626C>T (p.Thr209Met)"
"804836","VCV000804836.8","GCK","Likely pathogenic","NM_000162.5(GCK):c.1151C>T (p.Ala384Val)"
"804125","VCV000804125.2","MECP2","Uncertain significance","NM_001110792.2(MECP2):c.553C>A (p.Pro185Thr)"
"803964","VCV000803964.22","RPGR","Pathogenic","NM_001034853.2(RPGR):c.3104_3105del (p.Glu1035fs)"
"801630","VCV000801630.8","ACTA1","Likely pathogenic","NM_001100.4(ACTA1):c.1127G>T (p.Cys376Phe)"
"801494","VCV000801494.5","RPE65","Likely pathogenic","NM_000329.3(RPE65):c.1583G>T (p.Gly528Val)"
"801415","VCV000801415.4","GAMT","Likely pathogenic","NM_000156.6(GAMT):c.467C>A (p.Ala156Asp)"
"800208","VCV000800208.14","AIPL1","Uncertain significance","NM_014336.5(AIPL1):c.383C>T (p.Ala128Val)"
"795105","VCV000795105.12","SLC6A8","Likely benign","NM_005629.4(SLC6A8):c.1221C>T (p.Phe407=)"
"794089","VCV000794089.7","F8","Benign","NM_000132.4(F8):c.3280G>A (p.Glu1094Lys)"
"790828","VCV000790828.20","IDUA","Likely benign","NM_000203.5(IDUA):c.1651-10C>T"
"785832","VCV000785832.22","IDUA","Likely benign","NM_000203.5(IDUA):c.1332C>T (p.Asp444=)"
"785720","VCV000785720.16","IDUA","Likely benign","NM_000203.5(IDUA):c.493+10C>T"
"772690","VCV000772690.9","CYP1B1/LOC128772254","Likely benign","NM_000104.4(CYP1B1):c.1392A>T (p.Ser464=)"
"771784","VCV000771784.34","GP1BB/SEPT5-GP1BB","Benign","NM_000407.5(GP1BB):c.389C>T (p.Pro130Leu)"
"770050","VCV000770050.55","RPE65","Likely benign","NM_000329.3(RPE65):c.102C>A (p.Ile34=)"
"760913","VCV000760913.12","RUNX1","Likely benign","NM_001754.5(RUNX1):c.1285C>T (p.Leu429=)"
"757064","VCV000757064.12","LOC126805612/PIK3CD","Likely benign","NM_005026.5(PIK3CD):c.1309C>T (p.Arg437Cys)"
"755144","VCV000755144.13","RS1","Likely benign","NM_000330.4(RS1):c.184+9C>T"
"754391","VCV000754391.12","IDUA/SLC26A1","Uncertain significance","NM_000203.5(IDUA):c.216C>G (p.Leu72=)"
"747303","VCV000747303.18","PPP1CB","Benign","NM_002709.3(PPP1CB):c.53-9G>A"
"746533","VCV000746533.15","SGCB","Likely benign","NM_000232.5(SGCB):c.519G>A (p.Pro173=)"
"744554","VCV000744554.11","GUCY2D","Likely benign","NM_000180.4(GUCY2D):c.2917G>T (p.Val973Leu)"
"730036","VCV000730036.34","CDKL5/RS1","Likely benign","NM_000330.4(RS1):c.264G>C (p.Gln88His)"
"722780","VCV000722780.13","RS1","Likely benign","NM_000330.4(RS1):c.88G>A (p.Glu30Lys)"
"721649","VCV000721649.13","GP1BB/SEPT5-GP1BB","Benign","NM_000407.5(GP1BB):c.544G>T (p.Ala182Ser)"
"717385","VCV000717385.11","MECP2","Likely benign","NM_001110792.2(MECP2):c.478A>G (p.Thr160Ala)"
"715081","VCV000715081.5","AIPL1","Likely benign","NM_014336.5(AIPL1):c.853G>A (p.Ala285Thr)"
"712837","VCV000712837.49","IDUA","Benign","NM_000203.5(IDUA):c.346G>A (p.Gly116Arg)"
"712785","VCV000712785.29","IDUA/SLC26A1","Uncertain significance","NM_000203.5(IDUA):c.76G>A (p.Ala26Thr)"
"705680","VCV000705680.30","LZTR1","Uncertain significance","NM_006767.4(LZTR1):c.1723G>A (p.Asp575Asn)"
"704394","VCV000704394.20","DYSF","Benign","NM_001130987.2(DYSF):c.5884+6C>T"
"702759","VCV000702759.53","SLC6A8","Likely benign","NM_005629.4(SLC6A8):c.913-8T>C"
"696958","VCV000696958.36","RPGR","Benign","NM_001034853.2(RPGR):c.1721C>T (p.Thr574Met)"
"691254","VCV000691254.9","SCN8A","Likely pathogenic","NM_001330260.2(SCN8A):c.4892T>C (p.Ile1631Thr)"
"690463","VCV000690463.5","DICER1","Likely pathogenic","NM_177438.3(DICER1):c.1753-9A>G"
"673188","VCV000673188.7","FOXG1","Likely benign","NM_005249.5(FOXG1):c.382G>T (p.Gly128Cys)"
"665724","VCV000665724.7","DYSF","Likely pathogenic","NM_001130987.2(DYSF):c.5176T>C (p.Ser1726Pro)"
"664123","VCV000664123.11","GAMT","Pathogenic","NM_000156.6(GAMT):c.391+1G>C"
"662690","VCV000662690.17","TP53","Uncertain significance","NM_000546.6(TP53):c.1039G>A (p.Ala347Thr)"
"662598","VCV000662598.17","GAA","Uncertain significance","NM_000152.5(GAA):c.1780C>T (p.Arg594Cys)"
"660541","VCV000660541.9","RMRP","Likely pathogenic","NC_000009.12:g.35658017_35658038dup"
"658067","VCV000658067.12","LOC102724058/SCN1A","Likely pathogenic","NM_001165963.4(SCN1A):c.3629C>T (p.Thr1210Met)"
"656566","VCV000656566.11","BRCA1","Uncertain significance","NM_007294.4(BRCA1):c.4484+5G>A"
"655896","VCV000655896.21","DYSF","Pathogenic","NM_001130987.2(DYSF):c.4057G>A (p.Glu1353Lys)"
"654864","VCV000654864.11","APC","Likely pathogenic","NM_000038.6(APC):c.156del (p.Gly53fs)"
"654456","VCV000654456.14","SLC6A8","Likely benign","NM_005629.4(SLC6A8):c.1525T>C (p.Cys509Arg)"
"653103","VCV000653103.27","APC","Pathogenic","NM_000038.6(APC):c.7489dup (p.Ser2497fs)"
"652306","VCV000652306.16","IDUA","Pathogenic","NM_000203.5(IDUA):c.1403-1G>T"
"651752","VCV000651752.7","SLC6A8","Likely pathogenic","NM_005629.4(SLC6A8):c.457dup (p.Ala153fs)"
"648862","VCV000648862.13","APC","Likely pathogenic","NM_000038.6(APC):c.7803_7807del (p.Ser2601fs)"
"646166","VCV000646166.17","DYSF","Pathogenic","NM_001130987.2(DYSF):c.3859dup (p.Glu1287fs)"
"645957","VCV000645957.10","DICER1","Likely pathogenic","NM_177438.3(DICER1):c.2256+5G>C"
"642798","VCV000642798.17","ACTA1","Likely pathogenic","NM_001100.4(ACTA1):c.37G>A (p.Asp13Asn)"
"639569","VCV000639569.11","RMRP","Likely pathogenic","NR_003051.4(RMRP):n.232C>T"
"639283","VCV000639283.10","GP9","Likely benign","NM_000174.5(GP9):c.488C>A (p.Ala163Asp)"
"638076","VCV000638076.2","IDUA","Uncertain significance","NM_000203.5(IDUA):c.1603C>T (p.Leu535Phe)"
"638074","VCV000638074.18","IDUA","Likely pathogenic","NM_000203.5(IDUA):c.793G>C (p.Gly265Arg)"
"635995","VCV000635995.4","AIPL1","Uncertain significance","NM_014336.5(AIPL1):c.815G>C (p.Arg272Pro)"
"633286","VCV000633286.49","LDLR","Uncertain significance","NM_000527.5(LDLR):c.1414G>A (p.Asp472Asn)"
"631782","VCV000631782.13","AIPL1","Pathogenic","NM_014336.5(AIPL1):c.94C>T (p.Arg32Ter)"
"631061","VCV000631061.18","BRCA1","Likely pathogenic","NM_007294.4(BRCA1):c.5140G>T (p.Val1714Phe)"
"629370","VCV000629370.3","LDLR","Uncertain significance","NM_000527.5(LDLR):c.2224A>G (p.Thr742Ala)"
"629251","VCV000629251.17","BRCA1","Uncertain significance","NM_007294.4(BRCA1):c.5003T>C (p.Phe1668Ser)"
"627968","VCV000627968.25","BRCA1","Likely pathogenic","NM_007294.4(BRCA1):c.5152T>G (p.Trp1718Gly)"
"627320","VCV000627320.8","GP1BB/SEPT5-GP1BB","Likely pathogenic","NM_000407.5(GP1BB):c.47T>C (p.Leu16Pro)"
"627231","VCV000627231.3","SERPINC1","Uncertain significance","NM_000488.4(SERPINC1):c.1393T>C (p.Ter465Gln)"
"627151","VCV000627151.4","LOC130061045/ITGB3","Likely pathogenic","NM_000212.3(ITGB3):c.856G>C (p.Gly286Arg)"
"627101","VCV000627101.4","RUNX1","Pathogenic","NM_001754.5(RUNX1):c.622C>T (p.Gln208Ter)"
"627075","VCV000627075.5","GP1BB/SEPT5-GP1BB","Likely pathogenic","NM_000407.5(GP1BB):c.448del (p.Ala150fs)"
"626996","VCV000626996.3","SERPINC1","Uncertain significance","NM_000488.4(SERPINC1):c.1376C>A (p.Ala459Asp)"
"626960","VCV000626960.7","VWF","Pathogenic","NM_000552.5(VWF):c.3569G>A (p.Cys1190Tyr)"
"624624","VCV000624624.14","SCN8A","Pathogenic","NM_001330260.2(SCN8A):c.3652G>A (p.Glu1218Lys)"
"624397","VCV000624397.44","RPGR","Pathogenic","NM_001034853.2(RPGR):c.2899dup (p.Glu967fs)"
"620583","VCV000620583.5","RPGR","Pathogenic","NM_001034853.2(RPGR):c.2505_2506del (p.Glu836fs)"
"619760","VCV000619760.6","VWF","Likely benign","NM_000552.5(VWF):c.8273C>T (p.Ala2758Val)"
"619741","VCV000619741.14","VWF","Uncertain significance","NM_000552.5(VWF):c.2340C>G (p.Asn780Lys)"
"618103","VCV000618103.14","F8","Uncertain significance","NM_000132.4(F8):c.222G>A (p.Thr74=)"
"598113","VCV000598113.6","TCF4","Likely pathogenic","NM_001083962.2(TCF4):c.1774G>A (p.Gly592Ser)"
"597382","VCV000597382.24","GAA","Pathogenic","NM_000152.5(GAA):c.1880C>T (p.Ser627Phe)"
"597381","VCV000597381.21","GAA","Likely benign","NM_000152.5(GAA):c.1642G>T (p.Val548Phe)"
"593882","VCV000593882.16","RPE65","Likely benign","NM_000329.3(RPE65):c.94+10G>A"
"592512","VCV000592512.31","CYP1B1","Pathogenic","NM_000104.4(CYP1B1):c.1169G>A (p.Arg390His)"
"587965","VCV000587965.18","GATM","Uncertain significance","NM_001482.3(GATM):c.1043-3T>C"
"586791","VCV000586791.2","HNF1A","Likely pathogenic","NM_000545.8(HNF1A):c.370C>T (p.Gln124Ter)"
"586011","VCV000586011.3","HNF4A","Uncertain significance","NM_175914.5(HNF4A):c.1063G>A (p.Gly355Arg)"
"585930","VCV000585930.16","GCK","Likely pathogenic","NM_000162.5(GCK):c.98T>C (p.Val33Ala)"
"585929","VCV000585929.24","GCK","Pathogenic","NM_000162.5(GCK):c.952G>A (p.Gly318Arg)"
"585208","VCV000585208.4","PAH","Likely pathogenic","NM_000277.3(PAH):c.782G>T (p.Arg261Leu)"
"583226","VCV000583226.16","SLC6A8","Likely benign","NM_005629.4(SLC6A8):c.1810T>A (p.Leu604Met)"
"582572","VCV000582572.15","GAMT","Likely benign","NM_000156.6(GAMT):c.570+4C>T"
"582126","VCV000582126.12","RYR1","Likely pathogenic","NM_000540.3(RYR1):c.14690G>A (p.Gly4897Asp)"
"581095","VCV000581095.13","GUCY2D","Pathogenic","NM_000180.4(GUCY2D):c.3224+1G>C"
"580948","VCV000580948.14","PTEN","Likely pathogenic","NM_000314.8(PTEN):c.530A>G (p.Tyr177Cys)"
"576816","VCV000576816.13","APC","Likely pathogenic","NM_000038.6(APC):c.531+6T>C"
"575986","VCV000575986.11","GAA","Uncertain significance","NM_000152.5(GAA):c.797C>T (p.Pro266Leu)"
"575178","VCV000575178.12","BRCA2","Pathogenic","NM_000059.4(BRCA2):c.6859A>T (p.Arg2287Ter)"
"574505","VCV000574505.10","AIPL1","Pathogenic","NM_014336.5(AIPL1):c.265T>C (p.Cys89Arg)"
"574403","VCV000574403.23","TCF4","Benign","NM_001083962.2(TCF4):c.1283G>T (p.Gly428Val)"
"569548","VCV000569548.29","ACADVL","Uncertain significance","NM_000018.4(ACADVL):c.1269G>A (p.Ser423=)"
"568479","VCV000568479.26","BRCA2","Uncertain significance","NM_000059.4(BRCA2):c.794-2A>G"
"567566","VCV000567566.30","IDUA","Uncertain significance","NM_000203.5(IDUA):c.1577T>C (p.Leu526Pro)"
"562363","VCV000562363.5","HNF4A","Uncertain significance","NM_175914.5(HNF4A):c.658G>A (p.Val220Met)"
"561683","VCV000561683.67","LZTR1","Pathogenic","NM_006767.4(LZTR1):c.842C>T (p.Pro281Leu)"
"561350","VCV000561350.13","NRAS","Uncertain significance","NM_002524.5(NRAS):c.31G>A (p.Ala11Thr)"
"561243","VCV000561243.6","RUNX1-AS1/RUNX1","Likely pathogenic","NM_001754.5(RUNX1):c.502G>A (p.Gly168Arg)"
"558634","VCV000558634.22","GAA","Pathogenic","NM_000152.5(GAA):c.1669A>T (p.Ile557Phe)"
"558316","VCV000558316.3","IDUA","Likely pathogenic","NM_000203.5(IDUA):c.886_894dup (p.Tyr296_Asp298dup)"
"558189","VCV000558189.24","IDUA","Pathogenic","NM_000203.5(IDUA):c.1148G>A (p.Arg383His)"
"557942","VCV000557942.4","IDUA","Likely pathogenic","NM_000203.5(IDUA):c.494-1G>A"
"557205","VCV000557205.15","IDUA","Likely pathogenic","NM_000203.5(IDUA):c.1087C>T (p.Arg363Cys)"
"557150","VCV000557150.8","IDUA/SLC26A1","Pathogenic","NM_000203.5(IDUA):c.3G>A (p.Met1Ile)"
"557110","VCV000557110.31","DYSF","Pathogenic","NM_001130987.2(DYSF):c.6313G>A (p.Ala2105Thr)"
"556386","VCV000556386.20","GAA","Pathogenic","NM_000152.5(GAA):c.1933G>T (p.Asp645Tyr)"
"556358","VCV000556358.17","IDUA","Pathogenic","NM_000203.5(IDUA):c.536C>G (p.Thr179Arg)"
"556064","VCV000556064.22","IDUA","Pathogenic","NM_000203.5(IDUA):c.1728-1G>C"
"555986","VCV000555986.18","GAA","Pathogenic","NM_000152.5(GAA):c.1551+1G>T"
"555968","VCV000555968.52","DYSF","Pathogenic","NM_001130987.2(DYSF):c.4076T>C (p.Leu1359Pro)"
"555770","VCV000555770.14","DYSF","Pathogenic","NM_001130987.2(DYSF):c.959A>T (p.Asp320Val)"
"555277","VCV000555277.8","GAA","Likely pathogenic","NM_000152.5(GAA):c.2647-20T>G"
"554983","VCV000554983.15","GAA","Pathogenic","NM_000152.5(GAA):c.1551+1G>C"
"554826","VCV000554826.6","IDUA","Likely pathogenic","NM_000203.5(IDUA):c.1854C>A (p.Tyr618Ter)"
"554670","VCV000554670.4","IDUA","Likely pathogenic","NM_000203.5(IDUA):c.590G>A (p.Gly197Asp)"
"554590","VCV000554590.13","IDUA","Pathogenic","NM_000203.5(IDUA):c.623G>A (p.Gly208Asp)"
"553852","VCV000553852.19","CAPN3/LOC130056921","Pathogenic","NM_000070.3(CAPN3):c.1395GGA[2] (p.Glu467del)"
"553227","VCV000553227.10","IDUA","Pathogenic","NM_000203.5(IDUA):c.820G>T (p.Glu274Ter)"
"553173","VCV000553173.11","RMRP","Likely pathogenic","NR_003051.4(RMRP):n.244A>C"
"553131","VCV000553131.12","IDUA","Likely pathogenic","NM_000203.5(IDUA):c.1402+2T>G"
"552059","VCV000552059.16","NEB","Likely pathogenic","NM_001164508.2(NEB):c.11910+1G>A"
"551891","VCV000551891.20","DYSF","Pathogenic","NM_001130987.2(DYSF):c.1116C>A (p.Ser372Arg)"
"551805","VCV000551805.21","SGCB","Likely pathogenic","NM_000232.5(SGCB):c.265G>A (p.Val89Met)"
"551675","VCV000551675.14","IDUA","Likely pathogenic","NM_000203.5(IDUA):c.1487C>T (p.Pro496Leu)"
"551563","VCV000551563.13","IDUA","Pathogenic","NM_000203.5(IDUA):c.300-3C>G"
"551477","VCV000551477.4","CAPN3","Pathogenic","NM_000070.3(CAPN3):c.1711del (p.Leu571fs)"
"551306","VCV000551306.13","GAA","Likely pathogenic","NM_000152.5(GAA):c.460_465del (p.Arg154_Thr155del)"
"551295","VCV000551295.18","GAA","Pathogenic","NM_000152.5(GAA):c.1432G>A (p.Gly478Arg)"
"551237","VCV000551237.20","DYSF","Pathogenic","NM_001130987.2(DYSF):c.1061T>C (p.Leu354Pro)"
"550883","VCV000550883.20","IDUA","Pathogenic","NM_000203.5(IDUA):c.1743C>G (p.Tyr581Ter)"
"550474","VCV000550474.18","IDUA","Pathogenic","NM_000203.5(IDUA):c.1029C>G (p.Tyr343Ter)"
"547389","VCV000547389.14","FOXG1","Benign","NM_005249.5(FOXG1):c.460GAG[1] (p.Glu155del)"
"546808","VCV000546808.60","GAA","Likely pathogenic","NM_000152.5(GAA):c.2003A>G (p.Tyr668Cys)"
"545663","VCV000545663.6","DYSF","Pathogenic","NM_001130987.2(DYSF):c.1493+2dup"
"544259","VCV000544259.16","GAMT","Likely pathogenic","NM_000156.6(GAMT):c.391+15G>T"
"541724","VCV000541724.26","ACADVL","Uncertain significance","NM_000018.4(ACADVL):c.1878G>A (p.Trp626Ter)"
"541095","VCV000541095.47","PIK3CD","Likely benign","NM_005026.5(PIK3CD):c.2314G>A (p.Gly772Ser)"
"536801","VCV000536801.15","TCF4","Benign","NM_001083962.2(TCF4):c.1318G>A (p.Gly440Ser)"
"536582","VCV000536582.10","MECP2","Likely benign","NM_001110792.2(MECP2):c.1211A>C (p.Glu404Ala)"
"536551","VCV000536551.11","PTEN","Uncertain significance","NM_000314.8(PTEN):c.455T>C (p.Leu152Pro)"
"536549","VCV000536549.51","PTEN","Pathogenic","NM_000314.8(PTEN):c.801G>T (p.Lys267Asn)"
"536548","VCV000536548.14","PTEN","Likely pathogenic","NM_000314.8(PTEN):c.752G>T (p.Gly251Val)"
"533979","VCV000533979.17","NEB","Likely pathogenic","NM_001164508.2(NEB):c.1493A>G (p.Asp498Gly)"
"533345","VCV000533345.12","ACVRL1","Likely pathogenic","NM_000020.3(ACVRL1):c.137G>C (p.Cys46Ser)"
"532661","VCV000532661.16","RUNX1","Likely benign","NM_001754.5(RUNX1):c.35C>T (p.Ser12Leu)"
"531444","VCV000531444.25","BRCA1","Likely pathogenic","NM_007294.4(BRCA1):c.5056C>T (p.His1686Tyr)"
"531399","VCV000531399.19","BRCA1","Likely pathogenic","NM_007294.4(BRCA1):c.5236C>G (p.His1746Asp)"
"526532","VCV000526532.21","GAA","Likely pathogenic","NM_000152.5(GAA):c.692+5G>T"
"526518","VCV000526518.18","GAA","Likely pathogenic","NM_000152.5(GAA):c.1317GAT[1] (p.Met440del)"
"525504","VCV000525504.42","RPGR","Likely benign","NM_001034853.2(RPGR):c.1099C>G (p.Pro367Ala)"
"524412","VCV000524412.17","ATM/C11orf65","Uncertain significance","NM_000051.4(ATM):c.9145_9146del (p.Phe3049fs)"
"523986","VCV000523986.4","LZTR1","Pathogenic","NM_006767.4(LZTR1):c.1030del (p.Ser344fs)"
"523842","VCV000523842.18","SGCB","Pathogenic","NM_000232.5(SGCB):c.391C>T (p.Arg131Ter)"
"523620","VCV000523620.12","GP1BA","Likely pathogenic","NM_000173.7(GP1BA):c.104del (p.Lys35fs)"
"522800","VCV000522800.28","LZTR1","Pathogenic","NM_006767.4(LZTR1):c.1943-256C>T"
"522164","VCV000522164.20","LOC130067016/LZTR1","Uncertain significance","NM_006767.4(LZTR1):c.26G>C (p.Gly9Ala)"
"517082","VCV000517082.7","GAMT","Likely benign","NM_000156.6(GAMT):c.471T>G (p.Phe157Leu)"
"516510","VCV000516510.6","MECP2","Likely benign","NM_001110792.2(MECP2):c.1458T>C (p.Pro486=)"
"516184","VCV000516184.22","MECP2","Benign","NM_001110792.2(MECP2):c.1183C>T (p.Leu395Phe)"
"516094","VCV000516094.14","GAMT","Likely benign","NM_000156.6(GAMT):c.315G>A (p.Arg105=)"
"512938","VCV000512938.39","CDKL5/RS1","Benign","NM_003159.3(CDKL5):c.2941C>G (p.Arg981Gly)"
"511341","VCV000511341.45","SLC6A8","Uncertain significance","NM_005629.4(SLC6A8):c.778-8C>G"
"506639","VCV000506639.22","SOS2","Likely benign","NM_006939.4(SOS2):c.2600A>G (p.Asn867Ser)"
"504630","VCV000504630.23","MYO15A","Likely benign","NM_016239.4(MYO15A):c.4497G>T (p.Glu1499Asp)"
"503800","VCV000503800.26","DYSF","Pathogenic","NM_001130987.2(DYSF):c.1722_1723insGTT (p.Leu574_Leu575insVal)"
"501793","VCV000501793.16","GAA","Likely pathogenic","NM_000152.5(GAA):c.1802C>G (p.Ser601Trp)"
"501754","VCV000501754.17","CAPN3","Pathogenic","NM_000070.3(CAPN3):c.701G>A (p.Gly234Glu)"
"500678","VCV000500678.9","DYSF","Pathogenic","NM_001130987.2(DYSF):c.5620A>G (p.Met1874Val)"
"500214","VCV000500214.5","DYSF","Likely pathogenic","NM_001130987.2(DYSF):c.5643-7T>G"
"499302","VCV000499302.14","SGCB","Likely benign","NM_000232.5(SGCB):c.282A>G (p.Pro94=)"
"499193","VCV000499193.28","SGCB","Pathogenic","NM_000232.5(SGCB):c.271C>T (p.Arg91Cys)"
"498619","VCV000498619.20","DYSF","Pathogenic","NM_001130987.1(DYSF):c.3105dup(p.Ile1036Hisfs)"
"498567","VCV000498567.72","GAA","Likely benign","NM_000152.5(GAA):c.1593C>T (p.Asp531=)"
"497672","VCV000497672.12","SGCA","Pathogenic","NM_000023.4(SGCA):c.585-1G>A"
"497670","VCV000497670.10","SGCA","Likely pathogenic","NM_000023.4(SGCA):c.662G>C (p.Arg221Pro)"
"497565","VCV000497565.9","CAPN3","Likely pathogenic","NM_000070.3(CAPN3):c.1187A>G (p.Glu396Gly)"
"497201","VCV000497201.19","CAPN3","Pathogenic","NM_000070.3(CAPN3):c.2290del (p.Asp764fs)"
"497129","VCV000497129.7","DYSF","Pathogenic","NM_001130987.2(DYSF):c.1267_1276+4dup"
"496977","VCV000496977.10","CAPN3","Likely pathogenic","NM_000070.3(CAPN3):c.363C>G (p.Ile121Met)"
"496861","VCV000496861.27","IDUA","Likely pathogenic","NM_000203.5(IDUA):c.1487C>G (p.Pro496Arg)"
"496834","VCV000496834.25","IDUA","Likely pathogenic","NM_000203.5(IDUA):c.1163C>G (p.Thr388Arg)"
"495806","VCV000495806.3","PTEN","Uncertain significance","NM_000314.8(PTEN):c.1021T>G (p.Phe341Val)"
"493552","VCV000493552.52","MECP2","Likely benign","NM_001110792.2(MECP2):c.569C>G (p.Ser190Cys)"
"493206","VCV000493206.46","GUCY2D","Likely benign","NM_000180.4(GUCY2D):c.1721G>A (p.Arg574His)"
"491071","VCV000491071.22","BRCA1","Uncertain significance","NM_007294.4(BRCA1):c.4211T>G (p.Leu1404Arg)"
"489373","VCV000489373.11","SCN8A","Pathogenic","NM_014191.4(SCN8A):c.615-1G>A"
"488834","VCV000488834.10","DYSF","Pathogenic","NM_001130987.2(DYSF):c.1149+5G>A"
"487321","VCV000487321.16","FOXG1","Benign","NM_005249.5(FOXG1):c.219GCC[8] (p.Pro79_Pro80dup)"
"486792","VCV000486792.5","APC","Likely pathogenic","NM_000038.6(APC):c.1312+3A>C"
"483130","VCV000483130.25","BRCA2","Likely pathogenic","NM_000059.4(BRCA2):c.7796A>G (p.Glu2599Gly)"
"481101","VCV000481101.19","ATM/C11orf65","Likely pathogenic","NM_000051.4(ATM):c.7355T>C (p.Leu2452Pro)"
"481015","VCV000481015.27","TP53","Likely pathogenic","NM_000546.6(TP53):c.375+5G>A"
"479367","VCV000479367.18","BRCA2","Likely pathogenic","NM_000059.4(BRCA2):c.8164A>G (p.Thr2722Ala)"
"477075","VCV000477075.22","DICER1","Likely benign","NM_177438.3(DICER1):c.192A>T (p.Leu64Phe)"
"477037","VCV000477037.21","DICER1","Likely benign","NM_177438.3(DICER1):c.1410G>C (p.Glu470Asp)"
"475749","VCV000475749.17","SOS2","Uncertain significance","NM_006939.4(SOS2):c.2957G>A (p.Arg986Lys)"
"474890","VCV000474890.22","ACADVL","Uncertain significance","NM_000018.4(ACADVL):c.1533-4T>A"
"474879","VCV000474879.28","ACADVL","Uncertain significance","NM_000018.4(ACADVL):c.1239A>G (p.Ile413Met)"
"469955","VCV000469955.16","APC","Likely pathogenic","NM_000038.6(APC):c.423-9A>G"
"469137","VCV000469137.16","GATM","Likely benign","NM_001482.3(GATM):c.156T>A (p.Ala52=)"
"468648","VCV000468648.43","CAPN3","Pathogenic","NM_000070.3(CAPN3):c.2120A>G (p.Asp707Gly)"
"464902","VCV000464902.15","SCN2A","Benign","NM_001040142.2(SCN2A):c.1571G>A (p.Arg524Gln)"
"463998","VCV000463998.11","RUNX1","Uncertain significance","NM_001754.5(RUNX1):c.614-3T>C"
"462651","VCV000462651.28","BRCA1","Uncertain significance","NM_007294.4(BRCA1):c.442-1G>T"
"456720","VCV000456720.22","IDUA","Pathogenic","NM_000203.5(IDUA):c.876del (p.Asp292fs)"
"454510","VCV000454510.16","RPGR","Benign","NM_001034853.2(RPGR):c.1240G>C (p.Glu414Gln)"
"453054","VCV000453054.42","LZTR1","Likely benign","NM_006767.4(LZTR1):c.1333G>A (p.Val445Met)"
"452824","VCV000452824.15","NEB","Likely benign","NM_001164508.2(NEB):c.11341C>T (p.Arg3781Trp)"
"452720","VCV000452720.29","SGCA","Likely pathogenic","NM_000023.4(SGCA):c.661C>T (p.Arg221Cys)"
"452471","VCV000452471.56","SCN2A","Benign","NM_001040142.2(SCN2A):c.1399G>A (p.Ala467Thr)"
"451722","VCV000451722.24","LZTR1","Likely pathogenic","NM_006767.4(LZTR1):c.1149+1G>A"
"451052","VCV000451052.79","NEB/RIF1","Uncertain significance","NM_001164508.2(NEB):c.22590+2T>C"
"449508","VCV000449508.5","RPGR","Likely pathogenic","NM_001034853.2(RPGR):c.617C>T (p.Thr206Ile)"
"449188","VCV000449188.13","SLC6A8","Likely benign","NM_005629.4(SLC6A8):c.1714G>A (p.Val572Met)"
"449126","VCV000449126.13","FOXG1","Likely benign","NM_005249.5(FOXG1):c.131A>C (p.His44Pro)"
"448419","VCV000448419.19","SLC6A8","Likely benign","NM_005629.4(SLC6A8):c.1025T>C (p.Ile342Thr)"
"447519","VCV000447519.7","HNF4A","Uncertain significance","NM_175914.5(HNF4A):c.670+7C>T"
"447494","VCV000447494.9","HNF1A","Likely pathogenic","NM_000545.8(HNF1A):c.526+2dup"
"447490","VCV000447490.6","HNF1A","Likely pathogenic","NM_000545.8(HNF1A):c.485T>C (p.Leu162Pro)"
"447486","VCV000447486.6","HNF1A","Pathogenic","NM_000545.8(HNF1A):c.326+2T>G"
"447426","VCV000447426.31","GCK","Likely pathogenic","NM_000162.5(GCK):c.951C>G (p.His317Gln)"
"447400","VCV000447400.3","GCK","Pathogenic","NM_000162.5(GCK):c.46-2A>G"
"446978","VCV000446978.4","CAPN3","Likely benign","NM_000070.3(CAPN3):c.1800+21C>T"
"446001","VCV000446001.13","RPGR","Benign","NM_001034853.2(RPGR):c.2411G>A (p.Arg804Lys)"
"445488","VCV000445488.13","RPGR","Benign","NM_001034853.2(RPGR):c.3407G>A (p.Gly1136Asp)"
"444397","VCV000444397.54","GUCY2D","Benign","NM_000180.4(GUCY2D):c.74C>T (p.Ser25Phe)"
"443997","VCV000443997.23","DYSF","Pathogenic","NM_001130987.2(DYSF):c.2864+1G>A"
"441298","VCV000441298.15","BRCA2","Uncertain significance","NM_000059.4(BRCA2):c.7970A>C (p.Lys2657Thr)"
"441225","VCV000441225.19","LDLR","Uncertain significance","NM_000527.5(LDLR):c.1981C>A (p.Pro661Thr)"
"441220","VCV000441220.1","LDLR","Uncertain significance","NM_000527.5(LDLR):c.1749C>G (p.His583Gln)"
"440691","VCV000440691.11","LDLR","Uncertain significance","NM_000527.5(LDLR):c.2324T>C (p.Val775Ala)"
"440674","VCV000440674.13","LDLR","Uncertain significance","NM_000527.5(LDLR):c.2039T>C (p.Leu680Pro)"
"440643","VCV000440643.24","LDLR","Uncertain significance","NM_000527.5(LDLR):c.1435C>G (p.Leu479Val)"
"440534","VCV000440534.3","LDLR/LDLR-AS1","Uncertain significance","NM_000527.4(LDLR):c.-150A>G"
"440481","VCV000440481.9","BRCA1","Likely pathogenic","NM_007294.4(BRCA1):c.5282T>G (p.Phe1761Cys)"
"439360","VCV000439360.29","ACADVL","Uncertain significance","NM_000018.4(ACADVL):c.1103A>C (p.Gln368Pro)"
"439019","VCV000439019.17","BRCA2","Likely pathogenic","NM_000059.4(BRCA2):c.9364G>C (p.Ala3122Pro)"
"438884","VCV000438884.5","APC","Pathogenic","NM_000038.6(APC):c.6510del (p.Glu2172fs)"
"438744","VCV000438744.19","BRCA2","Likely pathogenic","NM_000059.4(BRCA2):c.7857G>C (p.Trp2619Cys)"
"438142","VCV000438142.70","RPGR","Pathogenic","NM_001034853.2(RPGR):c.2236_2237del (p.Glu746fs)"
"438109","VCV000438109.15","ABCA4","Pathogenic","NM_000350.3(ABCA4):c.885del (p.Leu296fs)"
"438100","VCV000438100.29","ABCA4","Pathogenic","NM_000350.3(ABCA4):c.5196+1137G>A"
"437194","VCV000437194.17","SNHG14/UBE3A","Benign","NM_130839.5(UBE3A):c.1169A>G (p.Asn390Ser)"
"437192","VCV000437192.10","SNHG14/UBE3A","Benign","NM_130839.5(UBE3A):c.936G>A (p.Lys312=)"
"436611","VCV000436611.15","RUNX1","Likely benign","NM_001754.5(RUNX1):c.1257G>A (p.Val419=)"
"435421","VCV000435421.70","HNF1A","Benign","NM_000545.8(HNF1A):c.1541A>G (p.His514Arg)"
"435347","VCV000435347.16","GP1BA","Pathogenic","NM_000173.7(GP1BA):c.673T>A (p.Cys225Ser)"
"432943","VCV000432943.11","SLC6A8","Likely benign","NM_005629.4(SLC6A8):c.1879A>C (p.Lys627Gln)"
"432427","VCV000432427.13","CDKL5","Benign","NM_001323289.2(CDKL5):c.350A>G (p.Tyr117Cys)"
"431989","VCV000431989.10","ACTA1","Pathogenic","NM_001100.4(ACTA1):c.1106C>T (p.Pro369Leu)"
"431535","VCV000431535.11","LDLR","Uncertain significance","NM_000527.5(LDLR):c.1800G>C (p.Glu600Asp)"
"431514","VCV000431514.30","LDLR","Likely benign","NM_000527.5(LDLR):c.817+9T>C"
"430776","VCV000430776.2","LDLR","Uncertain significance","NM_000527.5(LDLR):c.1412G>A (p.Arg471Lys)"
"430393","VCV000430393.8","ACTA1","Uncertain significance","NM_001100.4(ACTA1):c.130G>T (p.Gly44Cys)"
"429246","VCV000429246.30","ACADVL","Likely pathogenic","NM_000018.4(ACADVL):c.1434G>A (p.Met478Ile)"
"428888","VCV000428888.12","TP53","Likely pathogenic","NM_000546.6(TP53):c.1179dup (p.Ter394LeuextTer?)"
"428265","VCV000428265.12","PTEN","Likely pathogenic","NM_000314.8(PTEN):c.1212A>C (p.Ter404Cys)"
"428225","VCV000428225.8","PTEN","Likely pathogenic","NM_000314.8(PTEN):c.380G>A (p.Gly127Glu)"
"428193","VCV000428193.18","PTEN","Likely pathogenic","NM_000314.8(PTEN):c.355G>T (p.Val119Phe)"
"428186","VCV000428186.20","APC","Likely pathogenic","NM_000038.6(APC):c.3083G>A (p.Ser1028Asn)"
"428166","VCV000428166.5","APC","Likely pathogenic","NM_000038.6(APC):c.6905C>G (p.Ser2302Ter)"
"427582","VCV000427582.46","PTEN","Pathogenic","NM_000314.8(PTEN):c.131G>A (p.Gly44Asp)"
"427187","VCV000427187.13","SLC6A8","Uncertain significance","NM_005629.4(SLC6A8):c.1262G>A (p.Gly421Asp)"
"426939","VCV000426939.7","MECP2","Likely benign","NM_001110792.2(MECP2):c.1207C>G (p.Pro403Ala)"
"425916","VCV000425916.3","BMPR2","Uncertain significance","NM_001204.7(BMPR2):c.1277-9A>C"
"425914","VCV000425914.3","BMPR2","Likely pathogenic","NM_001204.7(BMPR2):c.1276+4A>G"
"425913","VCV000425913.3","BMPR2","Likely pathogenic","NM_001204.7(BMPR2):c.1276+3A>T"
"425912","VCV000425912.5","BMPR2","Likely pathogenic","NM_001204.7(BMPR2):c.1276+3A>G"
"425907","VCV000425907.12","BMPR2","Likely pathogenic","NM_001204.7(BMPR2):c.1259G>A (p.Cys420Tyr)"
"425905","VCV000425905.2","BMPR2","Uncertain significance","NM_001204.7(BMPR2):c.1257A>T (p.Arg419Ser)"
"425897","VCV000425897.3","BMPR2","Likely pathogenic","NM_001204.7(BMPR2):c.1228G>A (p.Gly410Arg)"
"425895","VCV000425895.2","BMPR2","Uncertain significance","NM_001204.7(BMPR2):c.1220A>C (p.Tyr407Ser)"
"425892","VCV000425892.4","BMPR2","Uncertain significance","NM_001204.7(BMPR2):c.1202T>C (p.Leu401Ser)"
"425882","VCV000425882.3","BMPR2","Likely pathogenic","NM_001204.7(BMPR2):c.1151C>T (p.Ala384Val)"
"425707","VCV000425707.2","BMPR2","Uncertain significance","NM_001204.7(BMPR2):c.140G>A (p.Gly47Asp)"
"425706","VCV000425706.2","BMPR2","Uncertain significance","NM_001204.7(BMPR2):c.125A>G (p.Gln42Arg)"
"422744","VCV000422744.25","ATM","Likely pathogenic","NM_000051.4(ATM):c.2466+5G>C"
"422096","VCV000422096.29","ATM","Pathogenic","NM_000051.4(ATM):c.2639-22_2639-20del"
"421439","VCV000421439.20","BRCA2","Likely pathogenic","NM_000059.4(BRCA2):c.7787G>A (p.Gly2596Glu)"
"421233","VCV000421233.41","SOS2","Uncertain significance","NM_006939.4(SOS2):c.3584C>T (p.Ala1195Val)"
"421123","VCV000421123.4","PTEN","Uncertain significance","NM_000314.8(PTEN):c.209+2dup"
"420368","VCV000420368.19","ATM","Pathogenic","NM_000051.4(ATM):c.2730_2731insAG (p.Ala911fs)"
"420138","VCV000420138.16","RYR1","Likely pathogenic","NM_000540.2(RYR1):c.958_960del"
"420008","VCV000420008.31","ATM","Uncertain significance","NM_000051.4(ATM):c.590G>A (p.Gly197Glu)"
"419837","VCV000419837.25","TP53","Likely benign","NM_000546.6(TP53):c.353C>T (p.Thr118Ile)"
"419217","VCV000419217.17","BRCA2","Likely pathogenic","NM_000059.4(BRCA2):c.7874G>T (p.Arg2625Ile)"
"419119","VCV000419119.16","PTEN","Likely benign","NM_000314.8(PTEN):c.*5T>C"
"418671","VCV000418671.13","BRCA1","Likely pathogenic","NM_007294.4(BRCA1):c.100C>T (p.Pro34Ser)"
"418572","VCV000418572.56","UBE3A","Pathogenic","NM_130839.5(UBE3A):c.1576C>T (p.Arg526Cys)"
"418437","VCV000418437.17","PTEN","Uncertain significance","NM_000314.8(PTEN):c.592ATG[1] (p.Met199del)"
"418225","VCV000418225.11","GCK","Pathogenic","NM_000162.5(GCK):c.171G>A (p.Met57Ile)"
"417940","VCV000417940.11","GP1BA","Benign","NM_000173.7(GP1BA):c.256C>T (p.Leu86Phe)"
"417621","VCV000417621.16","ATM/C11orf65","Uncertain significance","NM_000051.4(ATM):c.6116A>T (p.Glu2039Val)"
"415836","VCV000415836.14","RUNX1","Likely benign","NM_001754.5(RUNX1):c.96C>T (p.His32=)"
"414304","VCV000414304.23","ENG/LOC102723566","Likely benign","NM_001114753.3(ENG):c.1447G>A (p.Val483Ile)"
"413780","VCV000413780.37","LDLR","Benign","NM_000527.5(LDLR):c.1056C>T (p.Cys352=)"
"412195","VCV000412195.13","DICER1","Uncertain significance","NM_177438.3(DICER1):c.1353A>G (p.Arg451=)"
"412193","VCV000412193.27","DICER1","Likely benign","NM_177438.3(DICER1):c.2951A>G (p.Asn984Ser)"
"412173","VCV000412173.33","DICER1","Likely benign","NM_177438.3(DICER1):c.4199A>G (p.Asp1400Gly)"
"412160","VCV000412160.21","DICER1","Likely benign","NM_177438.3(DICER1):c.5623G>A (p.Asp1875Asn)"
"411416","VCV000411416.24","APC","Likely pathogenic","NM_000038.6(APC):c.1312+5G>A"
"411406","VCV000411406.16","APC","Likely pathogenic","NM_000038.6(APC):c.1409-5A>G"
"410223","VCV000410223.56","SLC6A8","Likely benign","NM_005629.4(SLC6A8):c.1570T>A (p.Ser524Thr)"
"409564","VCV000409564.15","BRCA2","Likely pathogenic","NM_000059.4(BRCA2):c.7967T>A (p.Leu2656Gln)"
"409559","VCV000409559.20","BRCA2","Likely benign","NM_000059.4(BRCA2):c.2482T>C (p.Tyr828His)"
"409429","VCV000409429.43","BRCA2","Uncertain significance","NM_000059.4(BRCA2):c.8242G>A (p.Gly2748Ser)"
"409353","VCV000409353.18","BRCA1","Likely pathogenic","NM_007294.4(BRCA1):c.121C>A (p.His41Asn)"
"407525","VCV000407525.18","ATM","Pathogenic","NM_000051.4(ATM):c.5681_5682del (p.Glu1894fs)"
"407482","VCV000407482.22","ATM","Pathogenic","NM_000051.4(ATM):c.4318A>T (p.Lys1440Ter)"
"406597","VCV000406597.32","TP53","Pathogenic","NM_000546.6(TP53):c.329G>T (p.Arg110Leu)"
"406575","VCV000406575.34","TP53","Benign","NM_000546.6(TP53):c.1151T>C (p.Met384Thr)"
"406166","VCV000406166.6","LDLR","Likely pathogenic","NM_000527.5(LDLR):c.1175G>A (p.Cys392Tyr)"
"406165","VCV000406165.16","LDLR","Uncertain significance","NM_000527.5(LDLR):c.2388C>T (p.Ile796=)"
"403662","VCV000403662.10","LDLR","Likely pathogenic","NM_000527.5(LDLR):c.510C>A (p.Asp170Glu)"
"403392","VCV000403392.20","RPGR","Benign","NM_001034853.2(RPGR):c.3231T>A (p.Asn1077Lys)"
"393000","VCV000393000.12","SCN1A","Uncertain significance","NM_001165963.4(SCN1A):c.1170+5G>C"
"392584","VCV000392584.42","MECP2","Likely benign","NM_001110792.2(MECP2):c.723G>T (p.Ser241=)"
"390894","VCV000390894.9","GAMT","Likely benign","NM_000156.6(GAMT):c.314G>A (p.Arg105Gln)"
"390176","VCV000390176.19","SNHG14/UBE3A","Likely benign","NM_130839.5(UBE3A):c.1620C>T (p.Ile540=)"
"387822","VCV000387822.8","GATM","Uncertain significance","NM_001482.3(GATM):c.675+3G>C"
"383825","VCV000383825.8","SCN2A","Likely pathogenic","NM_001040142.2(SCN2A):c.4782G>C (p.Trp1594Cys)"
"382774","VCV000382774.15","HNF1A","Likely benign","NM_000545.8(HNF1A):c.870C>T (p.Pro290=)"
"381599","VCV000381599.7","GCK","Pathogenic","NM_000162.5(GCK):c.703A>G (p.Met235Val)"
"379509","VCV000379509.10","MECP2","Benign","NM_001110792.2(MECP2):c.1240C>A (p.Pro414Thr)"
"377433","VCV000377433.8","ACTA1","Likely pathogenic","NM_001100.4(ACTA1):c.304G>A (p.Glu102Lys)"
"377410","VCV000377410.43","ABCA4","Likely benign","NM_000350.3(ABCA4):c.6498C>T (p.Ile2166=)"
"377026","VCV000377026.3","GCK","Likely pathogenic","NM_000162.5(GCK):c.171G>T (p.Met57Ile)"
"376857","VCV000376857.18","SOS2","Uncertain significance","NM_006939.4(SOS2):c.3235A>G (p.Thr1079Ala)"
"376680","VCV000376680.19","TP53","Pathogenic","NM_000546.6(TP53):c.487T>C (p.Tyr163His)"
"376630","VCV000376630.14","TP53","Pathogenic","NM_000546.6(TP53):c.332T>C (p.Leu111Pro)"
"376616","VCV000376616.10","TP53","Likely pathogenic","NM_000546.6(TP53):c.641A>T (p.His214Leu)"
"375959","VCV000375959.6","PTEN","Likely pathogenic","NM_000314.8(PTEN):c.477G>T (p.Arg159Ser)"
"375833","VCV000375833.4","LDLR","Uncertain significance","NM_000527.5(LDLR):c.2125A>G (p.Arg709Gly)"
"375815","VCV000375815.14","LDLR","Uncertain significance","NM_000527.5(LDLR):c.1358+7G>A"
"375798","VCV000375798.16","LDLR","Uncertain significance","NM_000527.5(LDLR):c.710G>A (p.Arg237His)"
"375778","VCV000375778.15","LDLR","Uncertain significance","NM_000527.5(LDLR):c.211G>A (p.Gly71Arg)"
"374139","VCV000374139.15","RPE65","Pathogenic","NM_000329.3(RPE65):c.1338+1G>A"
"374028","VCV000374028.18","GUCY2D","Likely benign","NM_000180.4(GUCY2D):c.1315G>A (p.Gly439Arg)"
"373826","VCV000373826.25","BRCA1","Likely pathogenic","NM_007294.4(BRCA1):c.4963T>C (p.Ser1655Pro)"
"373442","VCV000373442.8","SLC6A8","Likely benign","NM_005629.4(SLC6A8):c.1861C>T (p.Pro621Ser)"
"372977","VCV000372977.3","SCN1A","Uncertain significance","NM_001165963.4(SCN1A):c.2941C>A (p.Leu981Ile)"
"372684","VCV000372684.35","LZTR1/LOC130067016","Pathogenic","NM_006767.4(LZTR1):c.27dup (p.Gln10fs)"
"372290","VCV000372290.63","ABCA4","Pathogenic","NM_000350.3(ABCA4):c.3210_3211dup (p.Ser1071fs)"
"371642","VCV000371642.6","RS1/CDKL5","Uncertain significance","NM_000330.4(RS1):c.673T>C (p.Ter225Arg)"
"371636","VCV000371636.24","ATM","Likely pathogenic","NM_000051.4(ATM):c.5005+1G>T"
"371481","VCV000371481.25","GAA","Pathogenic","NM_000152.5(GAA):c.2815_2816del (p.Val939fs)"
"370998","VCV000370998.28","GAA","Pathogenic","NM_000152.5(GAA):c.2040+1G>T"
"370775","VCV000370775.4","SGCB","Pathogenic","NM_000232.5(SGCB):c.85A>T (p.Arg29Ter)"
"370754","VCV000370754.14","CDKL5/RS1","Pathogenic","NM_000330.4(RS1):c.498C>A (p.Tyr166Ter)"
"370483","VCV000370483.17","GAA","Likely pathogenic","NM_000152.5(GAA):c.1115A>T (p.His372Leu)"
"370222","VCV000370222.20","GAA","Pathogenic","NM_000152.5(GAA):c.2213G>A (p.Trp738Ter)"
"370146","VCV000370146.82","GAA","Pathogenic","NM_000152.5(GAA):c.1856G>A (p.Ser619Asn)"
"368122","VCV000368122.7","F8","Benign","NM_000132.4(F8):c.2383A>G (p.Arg795Gly)"
"368117","VCV000368117.13","F8","Likely pathogenic","NM_000132.4(F8):c.6623A>G (p.Gln2208Arg)"
"350222","VCV000350222.43","IDUA","Likely benign","NM_000203.5(IDUA):c.630C>T (p.Arg210=)"
"343224","VCV000343224.6","GP9","Benign","NM_000174.5(GP9):c.*38C>T"
"343220","VCV000343220.20","GP9","Benign","NM_000174.5(GP9):c.368C>T (p.Pro123Leu)"
"339878","VCV000339878.15","RUNX1","Likely benign","NM_001754.4(RUNX1):c.97+4T>G"
"339865","VCV000339865.6","RUNX1","Likely benign","NM_001754.5(RUNX1):c.*436G>C"
"339858","VCV000339858.7","RUNX1","Likely benign","NM_001754.5(RUNX1):c.*682dup"
"339854","VCV000339854.6","RUNX1","Likely benign","NM_001754.5(RUNX1):c.*917del"
"339852","VCV000339852.6","RUNX1","Likely benign","NM_001754.5(RUNX1):c.*933T>C"
"339832","VCV000339832.6","RUNX1","Likely benign","NM_001754.5(RUNX1):c.*2366G>A"
"339829","VCV000339829.7","RUNX1","Benign","NM_001754.5(RUNX1):c.*2517TG[8]"
"339823","VCV000339823.6","RUNX1","Likely benign","NM_001754.5(RUNX1):c.*2678A>G"
"339808","VCV000339808.6","RUNX1","Likely benign","NM_001754.5(RUNX1):c.*3417A>G"
"339804","VCV000339804.6","RUNX1","Likely benign","NM_001754.5(RUNX1):c.*3580T>G"
"338424","VCV000338424.7","HNF4A","Likely benign","NM_175914.5(HNF4A):c.50-4700G>A"
"338422","VCV000338422.6","HNF4A","Uncertain significance","NM_175914.5(HNF4A):c.50-4791_50-4788del"
"331730","VCV000331730.23","SCN2A","Likely benign","NM_001040142.2(SCN2A):c.3043G>A (p.Asp1015Asn)"
"328350","VCV000328350.12","GAMT","Benign","NM_000156.6(GAMT):c.182G>A (p.Gly61Glu)"
"328349","VCV000328349.19","GAMT","Uncertain significance","NM_000156.6(GAMT):c.328-10C>T"
"328348","VCV000328348.52","GAMT","Likely benign","NM_000156.6(GAMT):c.396C>A (p.Ile132=)"
"328055","VCV000328055.20","LDLR","Uncertain significance","NM_000527.5(LDLR):c.2389+7G>A"
"328052","VCV000328052.16","LDLR","Uncertain significance","NM_000527.5(LDLR):c.1988-13T>G"
"325628","VCV000325628.7","TP53","Benign","NM_000546.6(TP53):c.*772del"
"324995","VCV000324995.47","ACADVL","Likely benign","NM_000018.4(ACADVL):c.1581G>A (p.Pro527=)"
"324994","VCV000324994.66","ACADVL","Likely benign","NM_000018.4(ACADVL):c.1473A>G (p.Leu491=)"
"324989","VCV000324989.27","ACADVL","Likely pathogenic","NM_000018.4(ACADVL):c.751A>G (p.Ser251Gly)"
"324052","VCV000324052.6","SGCA/LOC121587601","Likely benign","NM_000023.4(SGCA):c.*227G>A"
"323574","VCV000323574.7","ITGA2B","Likely benign","NM_000419.5(ITGA2B):c.188+7C>T"
"323569","VCV000323569.12","ITGA2B","Likely benign","NM_000419.5(ITGA2B):c.574+10A>G"
"323560","VCV000323560.6","ITGA2B","Likely benign","NM_000419.5(ITGA2B):c.945+10A>G"
"311485","VCV000311485.9","SGCG","Benign","NM_000231.3(SGCG):c.*185G>A"
"310088","VCV000310088.48","VWF","Likely benign","NM_000552.5(VWF):c.858C>T (p.Thr286=)"
"310063","VCV000310063.20","VWF","Benign","NM_000552.5(VWF):c.4138A>G (p.Ile1380Val)"
"310062","VCV000310062.20","VWF","Benign","NM_000552.5(VWF):c.4304A>G (p.Asn1435Ser)"
"307456","VCV000307456.16","HNF1A","Benign","NM_000545.8(HNF1A):c.42G>A (p.Ala14=)"
"307455","VCV000307455.21","HNF1A","Likely benign","NM_000545.8(HNF1A):c.30G>A (p.Thr10=)"
"304099","VCV000304099.14","ANO5","Likely benign","NM_213599.3(ANO5):c.567A>G (p.Ala189=)"
"301423","VCV000301423.14","PTEN","Pathogenic","NM_000314.8(PTEN):c.802-2del"
"298229","VCV000298229.14","ABCA4","Uncertain significance","NM_000350.3(ABCA4):c.5197-4C>T"
"298228","VCV000298228.15","ABCA4","Uncertain significance","NM_000350.3(ABCA4):c.5406C>T (p.Ile1802=)"
"298225","VCV000298225.20","ABCA4","Likely benign","NM_000350.3(ABCA4):c.5712A>G (p.Gln1904=)"
"298222","VCV000298222.14","ABCA4","Pathogenic","NM_000350.3(ABCA4):c.6416G>C (p.Arg2139Pro)"
"291078","VCV000291078.8","DYSF","Likely pathogenic","NM_001130987.2(DYSF):c.6155C>G (p.Pro2052Arg)"
"291062","VCV000291062.23","DYSF","Likely benign","NM_001130987.2(DYSF):c.3898-4C>G"
"290309","VCV000290309.18","DYSF","Pathogenic","NM_001130987.2(DYSF):c.2217-2A>G"
"290283","VCV000290283.11","DYSF","Pathogenic","NM_001130987.2(DYSF):c.1577-1655C>G"
"290198","VCV000290198.13","DYSF","Likely pathogenic","NM_001130987.2(DYSF):c.888+1G>A"
"289794","VCV000289794.28","SGCA","Likely pathogenic","NM_000023.4(SGCA):c.614C>A (p.Pro205His)"
"289650","VCV000289650.19","SGCG","Likely pathogenic","NM_000231.3(SGCG):c.158T>C (p.Leu53Pro)"
"289571","VCV000289571.30","DYSF","Pathogenic","NM_001130987.2(DYSF):c.1276+5G>A"
"289245","VCV000289245.16","DYSF","Pathogenic","NM_001130987.2(DYSF):c.2864+5G>A"
"289082","VCV000289082.21","CAPN3","Pathogenic","NM_000070.3(CAPN3):c.2279dup (p.Asn760fs)"
"288963","VCV000288963.47","GAMT","Likely benign","NM_000156.6(GAMT):c.189G>C (p.Arg63=)"
"288830","VCV000288830.12","DYSF","Pathogenic","NM_001130987.2(DYSF):c.5150G>A (p.Cys1717Tyr)"
"288442","VCV000288442.9","DYSF","Pathogenic","NM_001130987.2(DYSF):c.2344G>T (p.Glu782Ter)"
"288438","VCV000288438.25","DYSF","Pathogenic","NM_001130987.2(DYSF):c.1915G>A (p.Gly639Arg)"
"288116","VCV000288116.12","DYSF","Pathogenic","NM_001130987.2(DYSF):c.1149+4A>G"
"286592","VCV000286592.19","CAPN3","Pathogenic","NM_000070.3(CAPN3):c.1524G>A (p.Glu508=)"
"286467","VCV000286467.23","ANO5","Uncertain significance","NM_213599.3(ANO5):c.139-1del"
"286242","VCV000286242.23","IDUA","Likely pathogenic","NM_000203.5(IDUA):c.1898C>G (p.Ser633Trp)"
"286151","VCV000286151.69","DYSF","Pathogenic","NM_001130987.2(DYSF):c.5419C>T (p.Arg1807Trp)"
"286025","VCV000286025.15","SGCA","Likely pathogenic","NM_000023.4(SGCA):c.197T>A (p.Leu66His)"
"284946","VCV000284946.22","CAPN3","Likely pathogenic","NM_000070.3(CAPN3):c.633G>C (p.Lys211Asn)"
"284945","VCV000284945.27","SGCA","Pathogenic","NM_000023.4(SGCA):c.402C>G (p.Tyr134Ter)"
"284933","VCV000284933.14","SGCB","Likely benign","NM_000232.5(SGCB):c.249A>G (p.Thr83=)"
"284864","VCV000284864.7","GAA","Likely pathogenic","NM_000152.5(GAA):c.1000G>T (p.Gly334Cys)"
"284807","VCV000284807.38","CAPN3","Pathogenic","NM_000070.3(CAPN3):c.717del (p.Phe239fs)"
"284800","VCV000284800.78","DYSF","Pathogenic","NM_001130987.2(DYSF):c.853C>T (p.Arg285Trp)"
"284776","VCV000284776.26","GAA","Uncertain significance","NM_000152.5(GAA):c.2237G>T (p.Trp746Leu)"
"284579","VCV000284579.53","DYSF","Likely benign","NM_001130987.2(DYSF):c.404C>T (p.Pro135Leu)"
"284518","VCV000284518.16","CAPN3","Likely pathogenic","NM_000070.3(CAPN3):c.1256A>G (p.Asp419Gly)"
"284469","VCV000284469.14","DYSF","Pathogenic","NM_001130987.2(DYSF):c.209T>G (p.Val70Gly)"
"283885","VCV000283885.19","SCN1A","Likely benign","NM_001165963.4(SCN1A):c.1678C>T (p.Arg560Cys)"
"283615","VCV000283615.71","GUCY2D","Benign","NM_000180.4(GUCY2D):c.129_134del (p.Leu44_Leu45del)"
"283230","VCV000283230.31","GAA","Pathogenic","NM_000152.5(GAA):c.1124G>T (p.Arg375Leu)"
"283179","VCV000283179.13","CAPN3","Pathogenic","NM_000070.3(CAPN3):c.1743_1744del (p.Glu582fs)"
"283099","VCV000283099.22","CAPN3","Pathogenic","NM_000070.3(CAPN3):c.2105C>T (p.Ala702Val)"
"283043","VCV000283043.44","SGCB","Benign","NM_000232.5(SGCB):c.799C>T (p.Arg267Cys)"
"282922","VCV000282922.15","ACADVL","Likely benign","NM_000018.4(ACADVL):c.678C>A (p.Ala226=)"
"282873","VCV000282873.21","CAPN3","Likely pathogenic","NM_000070.3(CAPN3):c.1257T>G (p.Asp419Glu)"
"282681","VCV000282681.28","CAPN3","Pathogenic","NM_000070.3(CAPN3):c.2288A>G (p.Tyr763Cys)"
"282623","VCV000282623.17","CAPN3","Pathogenic","NM_000070.3(CAPN3):c.700G>A (p.Gly234Arg)"
"282512","VCV000282512.56","CAPN3","Likely pathogenic","NM_000070.3(CAPN3):c.1505T>C (p.Ile502Thr)"
"282494","VCV000282494.27","CAPN3","Pathogenic","NM_000070.3(CAPN3):c.1993-1G>A"
"282410","VCV000282410.21","DYSF","Pathogenic","NM_001130987.2(DYSF):c.1264G>A (p.Asp422Asn)"
"282173","VCV000282173.60","CAPN3","Pathogenic","NM_000070.3(CAPN3):c.1303G>A (p.Glu435Lys)"
"281932","VCV000281932.13","MTM1","Uncertain significance","NM_000252.3(MTM1):c.1291G>A (p.Asp431Asn)"
"281815","VCV000281815.12","SLC9A6","Benign","NM_001379110.1(SLC9A6):c.2021C>T (p.Thr674Met)"
"281505","VCV000281505.100","CAPN3","Pathogenic","NM_000070.3(CAPN3):c.1250C>T (p.Thr417Met)"
"281197","VCV000281197.17","DYSF","Pathogenic","NM_001130987.2(DYSF):c.5003+1249G>T"
"281148","VCV000281148.25","SGCA","Pathogenic","NM_000023.4(SGCA):c.37+6T>C"
"281140","VCV000281140.9","DYSF","Pathogenic","NM_001130987.2(DYSF):c.460+2T>G"
"281056","VCV000281056.25","GAA","Pathogenic","NM_000152.5(GAA):c.546G>C (p.Thr182=)"
"281014","VCV000281014.67","DYSF","Likely benign","NM_001130987.2(DYSF):c.1931T>C (p.Met644Thr)"
"281012","VCV000281012.9","DYSF","Likely pathogenic","NM_001130987.2(DYSF):c.5174+5G>T"
"280732","VCV000280732.13","ACTA1","Likely pathogenic","NM_001100.4(ACTA1):c.442G>C (p.Gly148Arg)"
"280446","VCV000280446.10","MAP2K1","Likely pathogenic","NM_002755.4(MAP2K1):c.323G>T (p.Arg108Leu)"
"280068","VCV000280068.23","DYSF","Likely pathogenic","NM_001130987.2(DYSF):c.4078C>T (p.Arg1360Trp)"
"279847","VCV000279847.17","MECP2","Benign","NM_001110792.2(MECP2):c.1483G>A (p.Glu495Lys)"
"279681","VCV000279681.19","APC","Likely pathogenic","NM_000038.6(APC):c.531+5G>C"
"265909","VCV000265909.7","LDLR","Benign","NM_000527.5(LDLR):c.*13A>G"
"265521","VCV000265521.11","CAPN3","Pathogenic","NM_000070.3(CAPN3):c.1115+5G>C"
"265418","VCV000265418.24","IDUA","Pathogenic","NM_000203.5(IDUA):c.713T>A (p.Leu238Gln)"
"265372","VCV000265372.16","APC","Likely pathogenic","NM_000038.6(APC):c.1312+5G>C"
"265174","VCV000265174.8","GCK","Pathogenic","NM_000162.5(GCK):c.533G>A (p.Gly178Glu)"
"257196","VCV000257196.16","RPGR","Benign","NM_001034853.2(RPGR):c.2667_2669del (p.Glu890del)"
"256702","VCV000256702.14","VWF","Benign","NM_000552.5(VWF):c.8113G>A (p.Gly2705Arg)"
"256682","VCV000256682.20","VWF","Benign","NM_000552.5(VWF):c.4693G>T (p.Val1565Leu)"
"256679","VCV000256679.22","VWF","Benign","NM_000552.5(VWF):c.4414G>C (p.Asp1472His)"
"256678","VCV000256678.26","VWF","Benign","NM_000552.5(VWF):c.4141A>G (p.Thr1381Ala)"
"256677","VCV000256677.40","VWF","Likely benign","NM_000552.5(VWF):c.391G>A (p.Gly131Ser)"
"256669","VCV000256669.10","VWF","Benign","NM_000552.5(VWF):c.3485C>T (p.Pro1162Leu)"
"255840","VCV000255840.14","CDKL5/RS1","Benign","NM_000330.4(RS1):c.576C>T (p.Pro192=)"
"255832","VCV000255832.28","RPGR","Benign","NM_001034853.2(RPGR):c.1296A>T (p.Glu432Asp)"
"255831","VCV000255831.11","RPGR","Likely benign","NM_001034853.2(RPGR):c.1245+6A>G"
"255828","VCV000255828.36","RPGR","Benign","NM_001034853.2(RPGR):c.1059+6G>A"
"255464","VCV000255464.8","GP1BA","Benign","NM_000173.7(GP1BA):c.1232C>T (p.Pro411Leu)"
"255462","VCV000255462.32","GP1BA","Benign","NM_000173.7(GP1BA):c.106A>G (p.Arg36Gly)"
"255358","VCV000255358.71","GAA","Likely benign","NM_000152.5(GAA):c.1920T>G (p.Pro640=)"
"254876","VCV000254876.20","CAPN3","Benign","NM_000070.3(CAPN3):c.73C>T (p.His25Tyr)"
"254753","VCV000254753.22","ATM","Uncertain significance","NM_000051.4(ATM):c.4397_4398delinsCG (p.Arg1466Pro)"
"254719","VCV000254719.13","SGCA","Benign","NM_000023.4(SGCA):c.37+23G>A"
"254698","VCV000254698.36","ACADVL","Likely benign","NM_000018.4(ACADVL):c.1839G>A (p.Arg613=)"
"254354","VCV000254354.8","DICER1","Uncertain significance","NM_177438.3(DICER1):c.832C>T (p.Leu278Phe)"
"252354","VCV000252354.4","LDLR","Uncertain significance","NM_000527.5(LDLR):c.2547+5G>C"
"252265","VCV000252265.11","LDLR","Likely benign","NM_000527.5(LDLR):c.2291T>C (p.Ile764Thr)"
"252259","VCV000252259.23","LDLR","Uncertain significance","NM_000527.5(LDLR):c.2225C>T (p.Thr742Ile)"
"252242","VCV000252242.2","LDLR","Uncertain significance","NM_000527.5(LDLR):c.2150C>G (p.Ala717Gly)"
"252227","VCV000252227.19","LDLR","Uncertain significance","NM_000527.5(LDLR):c.2120A>T (p.Asp707Val)"
"252226","VCV000252226.2","LDLR","Likely pathogenic","NM_000527.5(LDLR):c.2119G>T (p.Asp707Tyr)"
"252192","VCV000252192.32","LDLR","Uncertain significance","NM_000527.5(LDLR):c.2050G>A (p.Ala684Thr)"
"252185","VCV000252185.12","LDLR","Likely pathogenic","NM_000527.5(LDLR):c.2041T>G (p.Cys681Gly)"
"252172","VCV000252172.2","LDLR","Uncertain significance","NM_000527.5(LDLR):c.2017A>C (p.Ser673Arg)"
"252149","VCV000252149.10","LDLR","Uncertain significance","NM_000527.5(LDLR):c.1987+10G>T"
"252140","VCV000252140.5","LDLR","Likely pathogenic","NM_000527.5(LDLR):c.1975A>C (p.Thr659Pro)"
"252132","VCV000252132.4","LDLR","Uncertain significance","NM_000527.5(LDLR):c.1960C>T (p.Leu654Phe)"
"252122","VCV000252122.31","LDLR","Uncertain significance","NM_000527.5(LDLR):c.1946C>T (p.Pro649Leu)"
"252121","VCV000252121.8","LDLR","Uncertain significance","NM_000527.5(LDLR):c.1945C>T (p.Pro649Ser)"
"252061","VCV000252061.2","LDLR","Likely pathogenic","NM_000527.5(LDLR):c.1840T>A (p.Phe614Ile)"
"252052","VCV000252052.1","LDLR","Uncertain significance","NM_000527.5(LDLR):c.1825T>C (p.Phe609Leu)"
"252015","VCV000252015.5","LDLR","Likely pathogenic","NM_000527.5(LDLR):c.1750T>C (p.Ser584Pro)"
"251909","VCV000251909.38","LDLR","Uncertain significance","NM_000527.5(LDLR):c.1586+5G>A"
"251896","VCV000251896.5","LDLR","Uncertain significance","NM_000527.5(LDLR):c.1555C>T (p.Pro519Ser)"
"251858","VCV000251858.2","LDLR","Uncertain significance","NM_000527.5(LDLR):c.1463T>G (p.Ile488Ser)"
"251856","VCV000251856.5","LDLR","Likely pathogenic","NM_000527.5(LDLR):c.1463T>A (p.Ile488Asn)"
"251855","VCV000251855.2","LDLR","Uncertain significance","NM_000527.5(LDLR):c.1460A>G (p.Asn487Ser)"
"251853","VCV000251853.5","LDLR","Uncertain significance","NM_000527.5(LDLR):c.1457G>A (p.Ser486Asn)"
"251843","VCV000251843.8","LDLR","Uncertain significance","NM_000527.5(LDLR):c.1441G>A (p.Val481Met)"
"251826","VCV000251826.12","LDLR","Uncertain significance","NM_000527.5(LDLR):c.1394A>G (p.Tyr465Cys)"
"251793","VCV000251793.11","LDLR","Likely pathogenic","NM_000527.5(LDLR):c.1329G>T (p.Trp443Cys)"
"251792","VCV000251792.84","LDLR","Pathogenic","NM_000527.5(LDLR):c.1329G>C (p.Trp443Cys)"
"251790","VCV000251790.6","LDLR","Likely pathogenic","NM_000527.5(LDLR):c.1328G>C (p.Trp443Ser)"
"251764","VCV000251764.21","LDLR","Likely benign","NM_000527.5(LDLR):c.1279A>C (p.Arg427=)"
"251749","VCV000251749.1","LDLR","Likely pathogenic","NM_000527.5(LDLR):c.1244A>G (p.Asp415Gly)"
"251748","VCV000251748.10","LDLR","Likely pathogenic","NM_000527.5(LDLR):c.1243G>C (p.Asp415His)"
"251736","VCV000251736.4","LDLR","Likely pathogenic","NM_000527.5(LDLR):c.1211C>T (p.Thr404Ile)"
"251492","VCV000251492.5","LDLR","Likely pathogenic","NM_000527.5(LDLR):c.865T>C (p.Cys289Arg)"
"251487","VCV000251487.1","LDLR","Uncertain significance","NM_000527.5(LDLR):c.855C>A (p.His285Gln)"
"251479","VCV000251479.20","LDLR","Likely pathogenic","NM_000527.5(LDLR):c.826T>C (p.Cys276Arg)"
"251395","VCV000251395.8","LDLR","Likely benign","NM_000527.5(LDLR):c.690C>T (p.Asn230=)"
"251119","VCV000251119.2","LDLR","Uncertain significance","NM_000527.5(LDLR):c.292G>C (p.Gly98Arg)"
"251118","VCV000251118.23","LDLR","Uncertain significance","NM_000527.5(LDLR):c.292G>A (p.Gly98Ser)"
"251108","VCV000251108.5","LDLR","Uncertain significance","NM_000527.5(LDLR):c.274C>G (p.Gln92Glu)"
"251013","VCV000251013.25","LDLR","Uncertain significance","NM_000527.5(LDLR):c.91G>A (p.Glu31Lys)"
"250964","VCV000250964.15","LDLR/LDLR-AS1","Uncertain significance","NM_000527.5(LDLR):c.-13A>G"
"250960","VCV000250960.2","LDLR/LDLR-AS1","Uncertain significance","NM_000527.5(LDLR):c.-36T>G"
"250944","VCV000250944.30","LDLR/LDLR-AS1","Uncertain significance","NM_000527.5(LDLR):c.-153C>T"
"250929","VCV000250929.4","LDLR/LDLR-AS1","Uncertain significance","NC_000019.10:g.11089341A>T"
"250928","VCV000250928.3","LDLR/LDLR-AS1","Uncertain significance","NC_000019.10:g.11089334A>G"
"246402","VCV000246402.19","APC","Uncertain significance","NM_000038.6(APC):c.4735A>T (p.Ile1579Phe)"
"246118","VCV000246118.17","TP53","Pathogenic","NM_000546.6(TP53):c.473G>C (p.Arg158Pro)"
"246082","VCV000246082.10","DNM2","Likely pathogenic","NM_001005361.3(DNM2):c.1678G>A (p.Glu560Lys)"
"245973","VCV000245973.20","BRCA1","Likely pathogenic","NM_007294.4(BRCA1):c.32T>G (p.Val11Gly)"
"242721","VCV000242721.2","IDUA","Likely pathogenic","NM_000203.5(IDUA):c.1962A>T (p.Ter654Cys)"
"242418","VCV000242418.80","DYSF","Pathogenic","NM_001130987.2(DYSF):c.3167G>A (p.Arg1056Gln)"
"239044","VCV000239044.39","RUNX1","Likely benign","NM_001754.5(RUNX1):c.155T>A (p.Met52Lys)"
"239042","VCV000239042.28","RUNX1","Likely benign","NM_001754.5(RUNX1):c.1269C>T (p.Arg423=)"
"237938","VCV000237938.9","TP53","Likely pathogenic","NM_000546.6(TP53):c.1009C>G (p.Arg337Gly)"
"237872","VCV000237872.89","LDLR","Pathogenic","NM_000527.5(LDLR):c.337G>A (p.Glu113Lys)"
"237686","VCV000237686.45","RPGR","Benign","NM_001034853.2(RPGR):c.2606_2620del (p.Glu869_Glu873del)"
"236537","VCV000236537.67","USH2A","Pathogenic","NM_206933.4(USH2A):c.11713C>T (p.Arg3905Cys)"
"236516","VCV000236516.1","ABCA4","Pathogenic","NM_000350.3(ABCA4):c.3098del (p.Lys1033fs)"
"236482","VCV000236482.2","RPGR","Pathogenic","NM_001034853.2(RPGR):c.808C>T (p.Gln270Ter)"
"236481","VCV000236481.1","RPGR","Likely pathogenic","NM_001034853.2(RPGR):c.1572+1del"
"236464","VCV000236464.20","CEP290","Pathogenic","NM_025114.4(CEP290):c.297+1G>T"
"236113","VCV000236113.13","ABCA4","Pathogenic","NM_000350.3(ABCA4):c.4352+1G>A"
"236109","VCV000236109.7","ABCA4","Pathogenic","NM_000350.3(ABCA4):c.4195G>T (p.Glu1399Ter)"
"235851","VCV000235851.44","TCF4","Benign","NM_001083962.2(TCF4):c.1487-5G>A"
"235639","VCV000235639.20","VWF","Likely benign","NM_000552.5(VWF):c.7997C>T (p.Thr2666Met)"
"233890","VCV000233890.18","APC","Uncertain significance","NM_000038.6(APC):c.4139C>T (p.Thr1380Ile)"
"232955","VCV000232955.19","BRCA1","Likely pathogenic","NM_007294.4(BRCA1):c.74C>T (p.Pro25Leu)"
"232915","VCV000232915.24","BRCA1","Likely pathogenic","NM_007294.4(BRCA1):c.5108A>G (p.Tyr1703Cys)"
"232793","VCV000232793.19","BRCA1","Likely pathogenic","NM_007294.4(BRCA1):c.4185G>C (p.Gln1395His)"
"232389","VCV000232389.28","ATM/C11orf65","Likely pathogenic","NM_000051.4(ATM):c.8105T>G (p.Ile2702Arg)"
"232110","VCV000232110.14","C11orf65/ATM","Likely pathogenic","NM_000051.4(ATM):c.9103C>T (p.Leu3035Phe)"
"232047","VCV000232047.27","BRCA1","Likely pathogenic","NM_007294.4(BRCA1):c.5200T>A (p.Phe1734Ile)"
"231954","VCV000231954.11","APC","Uncertain significance","NM_000038.6(APC):c.1902T>G (p.Ser634Arg)"
"231008","VCV000231008.66","TP53","Benign","NM_000546.6(TP53):c.949C>A (p.Gln317Lys)"
"230520","VCV000230520.9","APC","Likely pathogenic","NM_000038.6(APC):c.5038C>T (p.Gln1680Ter)"
"230382","VCV000230382.23","TP53","Likely benign","NM_000546.6(TP53):c.946C>A (p.Pro316Thr)"
"228954","VCV000228954.44","MYO15A","Likely pathogenic","NM_016239.4(MYO15A):c.4642G>A (p.Ala1548Thr)"
"226361","VCV000226361.18","LDLR","Uncertain significance","NM_000527.5(LDLR):c.1588T>G (p.Phe530Val)"
"224753","VCV000224753.7","USH2A","Uncertain significance","NM_206933.4(USH2A):c.6446C>A (p.Pro2149Gln)"
"224749","VCV000224749.9","MYO7A","Likely pathogenic","NM_000260.4(MYO7A):c.4115T>G (p.Val1372Gly)"
"224543","VCV000224543.16","PTEN","Pathogenic","NM_000314.8(PTEN):c.408T>G (p.Cys136Trp)"
"224433","VCV000224433.24","BRCA1","Likely benign","NM_007294.4(BRCA1):c.4159T>C (p.Ser1387Pro)"
"220763","VCV000220763.39","ATM/C11orf65","Pathogenic","NM_000051.4(ATM):c.6404_6405insTT (p.Leu2135_Arg2136insTer)"
"217924","VCV000217924.38","APC","Pathogenic","NM_000038.6(APC):c.1312+3A>G"
"217250","VCV000217250.22","SGCA","Likely pathogenic","NM_000023.4(SGCA):c.100C>T (p.Arg34Cys)"
"217227","VCV000217227.30","DYSF","Pathogenic","NM_001130987.2(DYSF):c.5194C>T (p.Arg1732Trp)"
"217224","VCV000217224.7","DYSF","Pathogenic","NM_001130987.2(DYSF):c.1906G>C (p.Gly636Arg)"
"217160","VCV000217160.19","CAPN3","Pathogenic","NM_000070.3(CAPN3):c.883_886delinsCTT (p.Asp295fs)"
"217151","VCV000217151.43","CAPN3","Pathogenic","NM_000070.3(CAPN3):c.146G>A (p.Arg49His)"
"217150","VCV000217150.25","CAPN3","Pathogenic","NM_000070.3(CAPN3):c.1465C>T (p.Arg489Trp)"
"217147","VCV000217147.54","CAPN3","Likely pathogenic","NM_000070.3(CAPN3):c.1319G>A (p.Arg440Gln)"
"216263","VCV000216263.23","BRCA2","Likely pathogenic","NM_000059.4(BRCA2):c.9302T>C (p.Leu3101Pro)"
"212376","VCV000212376.23","LOC121627832/TCF4","Uncertain significance","NM_001083962.2(TCF4):c.1354G>A (p.Gly452Arg)"
"212211","VCV000212211.22","SLC6A8","Likely benign","NM_005629.4(SLC6A8):c.1601T>C (p.Ile534Thr)"
"211466","VCV000211466.56","MECP2","Benign","NM_001110792.2(MECP2):c.784C>T (p.Arg262Cys)"
"211456","VCV000211456.23","MECP2","Likely benign","NM_001110792.2(MECP2):c.1364C>T (p.Ala455Val)"
"207527","VCV000207527.9","TCF4","Benign","NM_001083962.2(TCF4):c.1990G>A (p.Ala664Thr)"
"207109","VCV000207109.11","SCN8A","Likely pathogenic","NM_001330260.2(SCN8A):c.2534C>T (p.Ser845Phe)"
"206972","VCV000206972.8","SCN2A","Likely pathogenic","NM_001040142.2(SCN2A):c.2657T>C (p.Leu886Ser)"
"205616","VCV000205616.19","GATM","Likely benign","NM_001482.3(GATM):c.692C>G (p.Ser231Cys)"
"205610","VCV000205610.14","GATM","Uncertain significance","NM_001482.3(GATM):c.277A>G (p.Ile93Val)"
"205609","VCV000205609.8","GATM","Likely benign","NM_001482.3(GATM):c.1042+3A>G"
"205608","VCV000205608.18","GATM","Benign","NM_001482.3(GATM):c.1030A>G (p.Ile344Val)"
"205598","VCV000205598.18","GAMT/LOC130062945","Likely benign","NM_000156.6(GAMT):c.22C>A (p.Pro8Thr)"
"205591","VCV000205591.7","GAMT/LOC130062945","Likely pathogenic","NM_000156.6(GAMT):c.1A>G (p.Met1Val)"
"205588","VCV000205588.42","GAMT","Likely benign","NM_000156.6(GAMT):c.587C>T (p.Ala196Val)"
"205582","VCV000205582.56","GAMT","Uncertain significance","NM_000156.6(GAMT):c.575C>T (p.Thr192Met)"
"205581","VCV000205581.16","GAMT","Likely pathogenic","NM_000156.6(GAMT):c.491G>A (p.Gly164Asp)"
"205579","VCV000205579.28","GAMT","Benign","NM_000156.6(GAMT):c.298C>T (p.Arg100Trp)"
"205576","VCV000205576.20","GAMT","Likely benign","NM_000156.6(GAMT):c.242C>T (p.Ala81Val)"
"205469","VCV000205469.22","FOXG1","Benign","NM_005249.5(FOXG1):c.245C>A (p.Pro82Gln)"
"203584","VCV000203584.24","ACADVL","Likely pathogenic","NM_000018.4(ACADVL):c.1375C>T (p.Arg459Trp)"
"200922","VCV000200922.47","LDLR","Pathogenic","NM_000527.5(LDLR):c.1916T>A (p.Val639Asp)"
"200874","VCV000200874.73","KCNQ1","Likely pathogenic","NM_000218.3(KCNQ1):c.477+1G>A"
"198696","VCV000198696.22","IDUA","Likely pathogenic","NM_000203.5(IDUA):c.1163C>A (p.Thr388Lys)"
"198414","VCV000198414.6","RPGR","Likely pathogenic","NM_001034853.2(RPGR):c.642_656delinsC (p.Gly215fs)"
"198208","VCV000198208.56","AIPL1","Benign","NM_014336.5(AIPL1):c.971G>T (p.Arg324Leu)"
"198031","VCV000198031.27","SGCA","Likely pathogenic","NM_000023.4(SGCA):c.700G>A (p.Asp234Asn)"
"197624","VCV000197624.70","CAPN3","Pathogenic","NM_000070.3(CAPN3):c.756GAA[1] (p.Lys254del)"
"197504","VCV000197504.56","DYSF","Benign","NM_001130987.2(DYSF):c.4937T>C (p.Ile1646Thr)"
"197463","VCV000197463.27","DYSF","Likely benign","NM_001130987.2(DYSF):c.4629C>G (p.Val1543=)"
"197402","VCV000197402.101","ANO5","Pathogenic","NM_213599.3(ANO5):c.172C>T (p.Arg58Trp)"
"197116","VCV000197116.18","GUCY2D","Benign","NM_000180.4(GUCY2D):c.1371C>T (p.Cys457=)"
"197094","VCV000197094.25","SGCA","Likely pathogenic","NM_000023.4(SGCA):c.320C>T (p.Ala107Val)"
"196465","VCV000196465.73","AIPL1","Benign","NM_014336.5(AIPL1):c.401A>T (p.Tyr134Phe)"
"196223","VCV000196223.53","GAA","Uncertain significance","NM_000152.5(GAA):c.615G>A (p.Pro205=)"
"195634","VCV000195634.57","ANO5","Likely pathogenic","NM_213599.3(ANO5):c.2503_2505del (p.Phe835del)"
"195598","VCV000195598.66","DYSF","Likely benign","NM_001130987.2(DYSF):c.2020A>G (p.Lys674Glu)"
"195490","VCV000195490.22","DYSF","Pathogenic","NM_001130987.2(DYSF):c.1906G>A (p.Gly636Arg)"
"195031","VCV000195031.56","GUCY2D","Benign","NM_000180.4(GUCY2D):c.369C>T (p.Gly123=)"
"195029","VCV000195029.53","GUCY2D","Benign","NM_000180.4(GUCY2D):c.271G>C (p.Ala91Pro)"
"195024","VCV000195024.6","GCK","Pathogenic","NM_000162.5(GCK):c.118G>A (p.Glu40Lys)"
"194699","VCV000194699.56","GUCY2D","Likely benign","NM_000180.4(GUCY2D):c.3098C>T (p.Ser1033Leu)"
"194479","VCV000194479.13","TCF4","Likely benign","NM_001083962.2(TCF4):c.1245T>C (p.His415=)"
"194354","VCV000194354.9","DYSF","Pathogenic","NM_001130987.2(DYSF):c.1439T>C (p.Leu480Pro)"
"193062","VCV000193062.24","IDUA/SLC26A1","Likely pathogenic","NM_000203.5(IDUA):c.53T>C (p.Leu18Pro)"
"192194","VCV000192194.2","SGCD","Uncertain significance","NM_000337.6(SGCD):c.91C>G (p.Arg31Gly)"
"189996","VCV000189996.9","SCN1A","Likely pathogenic","NM_001165963.4(SCN1A):c.1259C>T (p.Ala420Val)"
"189462","VCV000189462.13","PTEN","Pathogenic","NM_000314.8(PTEN):c.80-1G>C"
"189414","VCV000189414.23","PTEN","Likely pathogenic","NM_000314.8(PTEN):c.599T>C (p.Phe200Ser)"
"189177","VCV000189177.25","ATM","Pathogenic","NM_000051.4(ATM):c.5515C>T (p.Gln1839Ter)"
"189104","VCV000189104.42","C11orf65/ATM","Pathogenic","NM_000051.4(ATM):c.8307G>A (p.Trp2769Ter)"
"189040","VCV000189040.71","GAA","Pathogenic","NM_000152.5(GAA):c.2104C>T (p.Arg702Cys)"
"188785","VCV000188785.25","GAA","Pathogenic","NM_000152.5(GAA):c.1A>G (p.Met1Val)"
"188484","VCV000188484.56","GAA","Likely pathogenic","NM_000152.5(GAA):c.2237G>C (p.Trp746Ser)"
"188342","VCV000188342.20","TP53","Uncertain significance","NM_000546.6(TP53):c.1102C>T (p.His368Tyr)"
"187501","VCV000187501.32","ATM","Likely pathogenic","NM_000051.4(ATM):c.1844T>C (p.Leu615Pro)"
"187457","VCV000187457.26","TP53","Benign","NM_000546.6(TP53):c.97-3C>T"
"186418","VCV000186418.29","ATM","Likely pathogenic","NM_000051.4(ATM):c.2251-4A>G"
"186242","VCV000186242.104","C11orf65/ATM","Pathogenic","NM_000051.4(ATM):c.8395_8404del (p.Phe2799fs)"
"185659","VCV000185659.5","APC","Uncertain significance","NM_000038.6(APC):c.645+2T>G"
"185253","VCV000185253.21","BRCA2","Likely benign","NM_000059.4(BRCA2):c.8354C>T (p.Pro2785Leu)"
"185200","VCV000185200.13","PTEN","Pathogenic","NM_000314.8(PTEN):c.70G>A (p.Asp24Asn)"
"185120","VCV000185120.23","TP53","Benign","NM_000546.6(TP53):c.215C>A (p.Pro72His)"
"185084","VCV000185084.18","BRCA2","Uncertain significance","NM_000059.4(BRCA2):c.316G>A (p.Gly106Arg)"
"184863","VCV000184863.21","TP53","Likely pathogenic","NM_000546.6(TP53):c.413C>T (p.Ala138Val)"
"184068","VCV000184068.31","PTEN","Likely benign","NM_000314.8(PTEN):c.114T>G (p.Pro38=)"
"183262","VCV000183262.57","RPGR","Pathogenic","NM_001034853.2(RPGR):c.2426_2427del (p.Glu809fs)"
"183132","VCV000183132.2","LDLR","Uncertain significance","NM_000527.5(LDLR):c.2126G>A (p.Arg709Lys)"
"182926","VCV000182926.24","TP53","Likely benign","NM_000546.6(TP53):c.370T>A (p.Cys124Ser)"
"182922","VCV000182922.27","TP53","Benign","NM_000546.6(TP53):c.188C>T (p.Ala63Val)"
"181944","VCV000181944.45","ATM","Likely benign","NM_000051.4(ATM):c.76G>C (p.Glu26Gln)"
"179025","VCV000179025.22","NRAS","Uncertain significance","NM_002524.5(NRAS):c.553C>T (p.Pro185Ser)"
"178937","VCV000178937.16","USH2A","Likely pathogenic","NM_206933.4(USH2A):c.13808A>C (p.His4603Pro)"
"177868","VCV000177868.58","MAP2K2","Likely pathogenic","NM_030662.4(MAP2K2):c.401A>G (p.Tyr134Cys)"
"167730","VCV000167730.26","TCF4","Benign","NM_001083962.2(TCF4):c.341G>A (p.Arg114Lys)"
"166969","VCV000166969.59","CYP1B1/LOC128772254","Benign","NM_000104.4(CYP1B1):c.1358A>G (p.Asn453Ser)"
"166790","VCV000166790.81","CAPN3","Pathogenic","NM_000070.3(CAPN3):c.1468C>T (p.Arg490Trp)"
"166789","VCV000166789.10","CAPN3","Uncertain significance","NM_000070.3(CAPN3):c.1354G>T (p.Asp452Tyr)"
"166665","VCV000166665.43","AIPL1","Benign","NM_014336.5(AIPL1):c.1006G>A (p.Ala336Thr)"
"164807","VCV000164807.22","NRAS","Benign","NM_002524.5(NRAS):c.159G>A (p.Leu53=)"
"164656","VCV000164656.23","MYO7A","Likely pathogenic","NM_000260.4(MYO7A):c.397C>A (p.His133Asn)"
"164639","VCV000164639.69","MYO6","Benign","NM_004999.4(MYO6):c.2836C>T (p.Arg946Cys)"
"163735","VCV000163735.28","KCNQ1","Benign","NM_000218.3(KCNQ1):c.477+9C>T"
"161362","VCV000161362.27","RYR1","Benign","NM_000540.3(RYR1):c.2677G>A (p.Gly893Ser)"
"161288","VCV000161288.26","LDLR","Uncertain significance","NM_000527.5(LDLR):c.1837G>A (p.Val613Ile)"
"160214","VCV000160214.11","SNHG14/UBE3A","Likely pathogenic","NM_130839.5(UBE3A):c.1865A>G (p.Asn622Ser)"
"158923","VCV000158923.16","MTM1","Likely pathogenic","NM_000252.3(MTM1):c.1353G>A (p.Gln451=)"
"158514","VCV000158514.69","DNM2","Pathogenic","NM_001005361.3(DNM2):c.1565G>A (p.Arg522His)"
"156695","VCV000156695.17","CDKL5/RS1","Benign","NM_003159.3(CDKL5):c.3008T>C (p.Met1003Thr)"
"156657","VCV000156657.16","LOC130068854/MECP2","Likely benign","NM_001110792.2(MECP2):c.6CGC[4] (p.Ala7_Ala8del)"
"156628","VCV000156628.9","MECP2","Benign","NM_001110792.2(MECP2):c.1042C>G (p.Leu348Val)"
"143791","VCV000143791.13","CDKL5","Uncertain significance","NM_001323289.2(CDKL5):c.199C>T (p.Leu67Phe)"
"143770","VCV000143770.13","CDKL5","Benign","NM_001323289.2(CDKL5):c.1196A>C (p.Asn399Thr)"
"143761","VCV000143761.12","MECP2","Uncertain significance","NM_001110792.2(MECP2):c.1028A>G (p.Lys343Arg)"
"143679","VCV000143679.26","MECP2","Likely benign","NM_001110792.2(MECP2):c.785G>A (p.Arg262His)"
"143607","VCV000143607.14","MECP2","Benign","NM_001110792.2(MECP2):c.551C>T (p.Pro184Leu)"
"143574","VCV000143574.46","MECP2","Benign","NM_001110792.2(MECP2):c.474C>T (p.Gly158=)"
"143490","VCV000143490.14","MECP2","Pathogenic","NM_001110792.2(MECP2):c.1497A>G (p.Ter499Trp)"
"143450","VCV000143450.12","MECP2","Benign","NM_001110792.2(MECP2):c.1286A>T (p.Lys429Met)"
"143325","VCV000143325.17","MECP2","Benign","NM_001110792.2(MECP2):c.1117C>G (p.Pro373Ala)"
"143317","VCV000143317.15","MECP2","Benign","NM_001110792.2(MECP2):c.1097G>T (p.Arg366Leu)"
"143061","VCV000143061.20","GUCY2D","Likely benign","NM_000180.4(GUCY2D):c.164C>T (p.Thr55Met)"
"142854","VCV000142854.31","TP53","Likely benign","NM_000546.6(TP53):c.214C>G (p.Pro72Ala)"
"142624","VCV000142624.34","TP53","Likely pathogenic","NM_000546.6(TP53):c.541C>T (p.Arg181Cys)"
"142617","VCV000142617.27","BRCA2","Uncertain significance","NM_000059.4(BRCA2):c.425+1G>A"
"142536","VCV000142536.48","TP53","Pathogenic","NM_000546.6(TP53):c.1009C>T (p.Arg337Cys)"
"142355","VCV000142355.35","ATM/C11orf65","Pathogenic","NM_000051.4(ATM):c.6976-2A>C"
"142273","VCV000142273.35","TP53","Benign","NM_000546.6(TP53):c.998G>A (p.Arg333His)"
"142261","VCV000142261.22","PTEN","Pathogenic","NM_000314.8(PTEN):c.314G>A (p.Cys105Tyr)"
"142206","VCV000142206.61","TP53","Uncertain significance","NM_000546.6(TP53):c.328C>T (p.Arg110Cys)"
"142187","VCV000142187.62","ATM/C11orf65","Likely pathogenic","NM_000051.4(ATM):c.9022C>T (p.Arg3008Cys)"
"142158","VCV000142158.31","TP53","Likely benign","NM_000546.6(TP53):c.85AAC[1] (p.Asn30del)"
"141771","VCV000141771.29","PTEN","Likely benign","NM_000314.8(PTEN):c.685T>A (p.Ser229Thr)"
"141721","VCV000141721.25","ATM/C11orf65","Uncertain significance","NM_000051.4(ATM):c.5858C>T (p.Thr1953Ile)"
"141566","VCV000141566.20","TP53","Likely benign","NM_000546.6(TP53):c.511G>A (p.Glu171Lys)"
"141522","VCV000141522.21","ATM","Likely pathogenic","NM_000051.4(ATM):c.3284G>A (p.Arg1095Lys)"
"141515","VCV000141515.34","APC","Pathogenic","NM_000038.6(APC):c.220+2T>A"
"141335","VCV000141335.63","BRCA2","Benign","NM_000059.4(BRCA2):c.7759C>T (p.Leu2587Phe)"
"141325","VCV000141325.39","ATM","Pathogenic","NM_000051.4(ATM):c.2284_2285del (p.Leu762fs)"
"141228","VCV000141228.40","TP53","Likely benign","NM_000546.6(TP53):c.784G>A (p.Gly262Ser)"
"141159","VCV000141159.33","TP53","Likely benign","NM_000546.6(TP53):c.1003C>T (p.Arg335Cys)"
"140926","VCV000140926.76","ATM","Likely benign","NM_000051.4(ATM):c.496+4T>C"
"140897","VCV000140897.63","ATM/C11orf65","Pathogenic","NM_000051.4(ATM):c.8565_8566delinsAA (p.Ser2855_Val2856delinsArgIle)"
"140889","VCV000140889.61","ATM","Pathogenic","NM_000051.4(ATM):c.1402_1403del (p.Lys468fs)"
"138538","VCV000138538.45","NRAS","Likely benign","NM_002524.5(NRAS):c.112-8A>G"
"137450","VCV000137450.23","GATM","Benign","NM_001482.3(GATM):c.1041C>T (p.Asp347=)"
"135948","VCV000135948.38","TP53","Benign","NM_000546.6(TP53):c.145G>C (p.Asp49His)"
"135912","VCV000135912.21","PTEN","Likely benign","NM_000314.8(PTEN):c.802-3T>A"
"135780","VCV000135780.80","ATM/C11orf65","Pathogenic","NM_000051.4(ATM):c.8266A>T (p.Lys2756Ter)"
"133976","VCV000133976.35","DICER1","Likely benign","NM_177438.3(DICER1):c.5516G>A (p.Arg1839Gln)"
"133975","VCV000133975.19","DICER1","Likely benign","NM_177438.3(DICER1):c.1013A>C (p.Glu338Ala)"
"133974","VCV000133974.27","DICER1","Benign","NM_177438.3(DICER1):c.5276A>G (p.Lys1759Arg)"
"133968","VCV000133968.36","DICER1","Likely benign","NM_177438.3(DICER1):c.179C>T (p.Thr60Ile)"
"133734","VCV000133734.20","BRCA2","Likely benign","NM_000059.4(BRCA2):c.2471T>C (p.Leu824Ser)"
"133206","VCV000133206.9","RYR1","Conflicting classifications of pathogenicity","NM_000540.3(RYR1):c.7522C>G (p.Arg2508Gly)"
"133175","VCV000133175.72","RYR1","Benign/Likely benign","NM_000540.3(RYR1):c.7025A>G (p.Asn2342Ser)"
"133163","VCV000133163.13","RYR1","Uncertain significance","NM_000540.3(RYR1):c.6612C>G (p.His2204Gln)"
"133162","VCV000133162.32","RYR1","Likely pathogenic","NM_000540.3(RYR1):c.6599C>T (p.Ala2200Val)"
"133026","VCV000133026.11","RYR1","Likely pathogenic","NM_000540.3(RYR1):c.11958C>G (p.Asp3986Glu)"
"130208","VCV000130208.14","LOC102724058/SCN1A","Uncertain significance","NM_001165963.4(SCN1A):c.5797del (p.Arg1933fs)"
"128945","VCV000128945.31","DYSF","Benign","NM_001130987.2(DYSF):c.1380+6G>C"
"128391","VCV000128391.59","ANO5","Benign","NM_213599.3(ANO5):c.616A>G (p.Thr206Ala)"
"127663","VCV000127663.11","KLLN/PTEN","Benign","NM_001126049.2(KLLN):c.-792C>T"
"127412","VCV000127412.125","ATM/C11orf65","Likely benign","NM_000051.4(ATM):c.5821G>C (p.Val1941Leu)"
"127362","VCV000127362.101","ATM","Benign","NM_000051.4(ATM):c.2932T>C (p.Ser978Pro)"
"126459","VCV000126459.5","PIK3R1","Likely pathogenic","NM_181523.3(PIK3R1):c.1892G>A (p.Arg631Gln)"
"125777","VCV000125777.26","BRCA1","Pathogenic","NM_007294.4(BRCA1):c.5152+6T>C"
"125519","VCV000125519.16","BRCA1","Pathogenic","NM_007294.4(BRCA1):c.80+4A>T"
"102895","VCV000102895.2","PAH","Likely pathogenic","NM_000277.3(PAH):c.922C>G (p.Leu308Val)"
"102813","VCV000102813.5","PAH","Likely pathogenic","NM_000277.3(PAH):c.737C>T (p.Ala246Val)"
"102801","VCV000102801.17","PAH","Likely pathogenic","NM_000277.3(PAH):c.718T>G (p.Phe240Val)"
"102791","VCV000102791.3","PAH","Likely pathogenic","NM_000277.3(PAH):c.704A>C (p.Gln235Pro)"
"102728","VCV000102728.2","PAH","Likely pathogenic","NM_000277.3(PAH):c.533A>T (p.Glu178Val)"
"102695","VCV000102695.2","PAH","Uncertain significance","NM_000277.3(PAH):c.479A>C (p.Gln160Pro)"
"102683","VCV000102683.2","PAH","Likely pathogenic","NM_000277.3(PAH):c.452A>G (p.Asp151Gly)"
"102682","VCV000102682.2","PAH","Likely pathogenic","NM_000277.3(PAH):c.451G>C (p.Asp151His)"
"102645","VCV000102645.20","PAH","Likely pathogenic","NM_000277.3(PAH):c.283A>T (p.Ile95Phe)"
"102637","VCV000102637.15","PAH","Likely pathogenic","NM_000277.3(PAH):c.241A>C (p.Thr81Pro)"
"102573","VCV000102573.3","PAH","Likely pathogenic","NM_000277.3(PAH):c.122T>C (p.Leu41Pro)"
"102571","VCV000102571.10","PAH","Pathogenic","NM_000277.3(PAH):c.1229T>C (p.Phe410Ser)"
"102566","VCV000102566.3","PAH","Likely pathogenic","NM_000277.3(PAH):c.1204T>C (p.Phe402Leu)"
"102544","VCV000102544.3","PAH","Likely pathogenic","NM_000277.3(PAH):c.1175T>C (p.Phe392Ser)"
"102488","VCV000102488.5","PAH","Likely pathogenic","NM_000277.3(PAH):c.1039C>T (p.Leu347Phe)"
"102471","VCV000102471.3","PAH","Likely pathogenic","NM_000277.3(PAH):c.1022A>C (p.Lys341Thr)"
"102466","VCV000102466.3","PAH","Likely pathogenic","NM_000277.3(PAH):c.1007A>G (p.Gln336Arg)"
"102464","VCV000102464.3","PAH","Likely pathogenic","NM_000277.3(PAH):c.1001G>C (p.Cys334Ser)"
"100585","VCV000100585.17","AIPL1","Benign","NM_014336.5(AIPL1):c.937G>T (p.Ala313Ser)"
"100560","VCV000100560.30","RPGR","Benign","NM_001034853.2(RPGR):c.223A>G (p.Ile75Val)"
"100503","VCV000100503.2","VWF","Pathogenic","NM_000552.5(VWF):c.8318G>C (p.Cys2773Ser)"
"100436","VCV000100436.47","VWF","Likely benign","NM_000552.5(VWF):c.6187C>T (p.Pro2063Ser)"
"100421","VCV000100421.3","VWF","Likely pathogenic","NM_000552.5(VWF):c.5235G>T (p.Trp1745Cys)"
"100398","VCV000100398.2","VWF","Pathogenic","NM_000552.5(VWF):c.4885G>A (p.Gly1629Arg)"
"100356","VCV000100356.2","VWF","Uncertain significance","NM_000552.5(VWF):c.4399C>T (p.Pro1467Ser)"
"100343","VCV000100343.2","VWF","Likely pathogenic","NM_000552.5(VWF):c.4244G>A (p.Gly1415Asp)"
"100337","VCV000100337.28","VWF","Pathogenic","NM_000552.5(VWF):c.4195C>T (p.Arg1399Cys)"
"100313","VCV000100313.2","VWF","Pathogenic","NM_000552.5(VWF):c.3971G>C (p.Gly1324Ala)"
"100312","VCV000100312.3","VWF","Likely pathogenic","NM_000552.5(VWF):c.3944G>T (p.Arg1315Leu)"
"100311","VCV000100311.16","VWF","Likely pathogenic","NM_000552.5(VWF):c.3944G>A (p.Arg1315His)"
"100309","VCV000100309.2","VWF","Pathogenic","NM_000552.5(VWF):c.3941T>A (p.Val1314Asp)"
"100308","VCV000100308.9","VWF","Pathogenic","NM_000552.5(VWF):c.3940G>T (p.Val1314Phe)"
"100306","VCV000100306.3","VWF","Likely pathogenic","NM_000552.5(VWF):c.3929C>T (p.Ser1310Phe)"
"100279","VCV000100279.63","VWF","Uncertain significance","NM_000552.5(VWF):c.3797C>A (p.Pro1266Gln)"
"100275","VCV000100275.41","VWF","Likely benign","NM_000552.5(VWF):c.3692A>C (p.Asn1231Thr)"
"100274","VCV000100274.35","VWF","Likely benign","NM_000552.5(VWF):c.3686T>G (p.Val1229Gly)"
"100269","VCV000100269.8","VWF","Pathogenic","NM_000552.5(VWF):c.3568T>C (p.Cys1190Arg)"
"100208","VCV000100208.13","VWF","Likely pathogenic","NM_000552.5(VWF):c.2278C>T (p.Arg760Cys)"
"100206","VCV000100206.22","VWF","Benign","NM_000552.5(VWF):c.2220G>A (p.Met740Ile)"
"100188","VCV000100188.40","VWF","Likely benign","NM_000552.5(VWF):c.1728G>T (p.Met576Ile)"
"100177","VCV000100177.3","VWF","Likely pathogenic","NM_000552.5(VWF):c.1213_1214insATCCCA (p.Phe404_Thr405insAsnPro)"
"99805","VCV000099805.36","AIPL1","Benign","NM_014336.5(AIPL1):c.651A>G (p.Pro217=)"
"99801","VCV000099801.26","AIPL1","Benign","NM_014336.5(AIPL1):c.341C>T (p.Thr114Ile)"
"99800","VCV000099800.58","AIPL1","Benign","NM_014336.5(AIPL1):c.286G>A (p.Val96Ile)"
"99794","VCV000099794.32","AIPL1","Benign","NM_014336.5(AIPL1):c.268G>C (p.Asp90His)"
"99789","VCV000099789.16","AIPL1","Benign","NM_014336.5(AIPL1):c.111C>T (p.Phe37=)"
"99460","VCV000099460.22","ABCA4","Pathogenic","NM_000350.3(ABCA4):c.6445C>T (p.Arg2149Ter)"
"99413","VCV000099413.19","ABCA4","Likely benign","NM_000350.3(ABCA4):c.5843C>T (p.Pro1948Leu)"
"99403","VCV000099403.94","ABCA4","Pathogenic","NM_000350.3(ABCA4):c.5714+5G>A"
"99338","VCV000099338.56","ABCA4/LOC126805793","Pathogenic","NM_000350.3(ABCA4):c.5018+2T>C"
"99303","VCV000099303.41","ABCA4","Pathogenic","NM_000350.3(ABCA4):c.4577C>T (p.Thr1526Met)"
"99300","VCV000099300.38","ABCA4","Pathogenic","NM_000350.3(ABCA4):c.454C>T (p.Arg152Ter)"
"99283","VCV000099283.67","ABCA4","Pathogenic","NM_000350.3(ABCA4):c.4457C>T (p.Pro1486Leu)"
"99249","VCV000099249.49","ABCA4","Pathogenic","NM_000350.3(ABCA4):c.3994C>T (p.Gln1332Ter)"
"99224","VCV000099224.32","ABCA4","Pathogenic","NM_000350.3(ABCA4):c.3386G>T (p.Arg1129Leu)"
"99217","VCV000099217.24","ABCA4","Pathogenic","NM_000350.3(ABCA4):c.32T>C (p.Leu11Pro)"
"99110","VCV000099110.33","ABCA4","Pathogenic","NM_000350.3(ABCA4):c.1A>G (p.Met1Val)"
"99108","VCV000099108.63","ABCA4","Pathogenic","NM_000350.3(ABCA4):c.1957C>T (p.Arg653Cys)"
"99084","VCV000099084.42","ABCA4","Pathogenic","NM_000350.3(ABCA4):c.1804C>T (p.Arg602Trp)"
"99073","VCV000099073.16","ABCA4","Pathogenic","NM_000350.3(ABCA4):c.1715G>C (p.Arg572Pro)"
"99021","VCV000099021.2","RS1","Likely pathogenic","NM_000330.4(RS1):c.76G>T (p.Glu26Ter)"
"99020","VCV000099020.2","RS1","Pathogenic","NM_000330.4(RS1):c.68C>A (p.Ser23Ter)"
"99016","VCV000099016.4","CDKL5/RS1","Likely pathogenic","NM_000330.4(RS1):c.655T>G (p.Cys219Gly)"
"99015","VCV000099015.14","CDKL5/RS1","Likely pathogenic","NM_000330.4(RS1):c.655T>C (p.Cys219Arg)"
"99014","VCV000099014.8","CDKL5/RS1","Likely pathogenic","NM_000330.4(RS1):c.647T>C (p.Leu216Pro)"
"98986","VCV000098986.18","CDKL5/RS1","Pathogenic","NM_000330.4(RS1):c.544C>T (p.Arg182Cys)"
"98983","VCV000098983.4","CDKL5/RS1","Pathogenic","NM_000330.4(RS1):c.533G>A (p.Gly178Asp)"
"98969","VCV000098969.12","CDKL5/RS1","Likely benign","NM_000330.4(RS1):c.472G>A (p.Asp158Asn)"
"98961","VCV000098961.4","CDKL5/RS1","Likely benign","NM_000330.4(RS1):c.426T>C (p.Cys142=)"
"98960","VCV000098960.15","CDKL5/RS1","Pathogenic","NM_000330.4(RS1):c.422G>A (p.Arg141His)"
"98958","VCV000098958.28","CDKL5/RS1","Likely pathogenic","NM_000330.4(RS1):c.421C>G (p.Arg141Gly)"
"98946","VCV000098946.5","RS1","Uncertain significance","NM_000330.4(RS1):c.35T>A (p.Leu12His)"
"98943","VCV000098943.10","CDKL5/RS1","Likely pathogenic","NM_000330.4(RS1):c.337C>T (p.Leu113Phe)"
"98936","VCV000098936.4","CDKL5/RS1","Pathogenic","NM_000330.4(RS1):c.326+1G>A"
"98921","VCV000098921.14","CDKL5/RS1","Uncertain significance","NM_000330.4(RS1):c.253_255del (p.Asn85del)"
"98904","VCV000098904.12","RPE65","Likely pathogenic","NM_000329.3(RPE65):c.989G>A (p.Cys330Tyr)"
"98851","VCV000098851.6","RPE65","Pathogenic","NM_000329.3(RPE65):c.202C>T (p.His68Tyr)"
"98816","VCV000098816.44","RPGR","Pathogenic","NM_001034853.2(RPGR):c.980T>G (p.Leu327Ter)"
"98806","VCV000098806.23","RPGR","Benign","NM_001034853.2(RPGR):c.865A>G (p.Ile289Val)"
"98796","VCV000098796.1","RPGR","Pathogenic","NM_001034853.2(RPGR):c.730A>T (p.Lys244Ter)"
"98782","VCV000098782.2","RPGR","Pathogenic","NM_001034853.2(RPGR):c.356del (p.Leu119fs)"
"98780","VCV000098780.7","RPGR","Pathogenic","NM_001034853.2(RPGR):c.310+3A>G"
"98779","VCV000098779.4","RPGR","Pathogenic","NM_001034853.2(RPGR):c.310+1G>C"
"98742","VCV000098742.2","RPGR","Pathogenic","NM_001034853.2(RPGR):c.1477del (p.Gly494fs)"
"98732","VCV000098732.7","RPGR","Pathogenic","NM_001034853.2(RPGR):c.1245+3A>G"
"98729","VCV000098729.12","RPGR","Pathogenic","NM_001034853.2(RPGR):c.1120G>T (p.Glu374Ter)"
"98728","VCV000098728.3","RPGR","Pathogenic","NM_001034853.2(RPGR):c.1100del (p.Pro367fs)"
"98611","VCV000098611.9","GUCY2D","Likely pathogenic","NM_000180.4(GUCY2D):c.937C>T (p.Arg313Cys)"
"98590","VCV000098590.21","GUCY2D","Likely pathogenic","NM_000180.4(GUCY2D):c.307G>A (p.Glu103Lys)"
"98582","VCV000098582.17","GUCY2D","Pathogenic","NM_000180.4(GUCY2D):c.2944+1del"
"98581","VCV000098581.5","GUCY2D","Likely pathogenic","NM_000180.4(GUCY2D):c.2927G>T (p.Arg976Leu)"
"98558","VCV000098558.36","GUCY2D","Benign","NM_000180.4(GUCY2D):c.2101C>T (p.Pro701Ser)"
"98548","VCV000098548.26","GUCY2D","Benign","NM_000180.4(GUCY2D):c.1724C>T (p.Pro575Leu)"
"98539","VCV000098539.45","GUCY2D","Likely benign","NM_000180.4(GUCY2D):c.1236C>T (p.Asp412=)"
"98536","VCV000098536.11","GUCY2D","Likely pathogenic","NM_000180.4(GUCY2D):c.1052A>G (p.Tyr351Cys)"
"96950","VCV000096950.18","BRCA1","Likely pathogenic","NM_007294.4(BRCA1):c.5407-10G>A"
"96949","VCV000096949.20","BRCA1","Likely pathogenic","NM_007294.4(BRCA1):c.5339T>G (p.Leu1780Arg)"
"96944","VCV000096944.20","BRCA1","Uncertain significance","NM_007294.4(BRCA1):c.5254G>A (p.Ala1752Thr)"
"96859","VCV000096859.21","BRCA2","Likely pathogenic","NM_000059.4(BRCA2):c.7811T>C (p.Leu2604Pro)"
"96684","VCV000096684.26","ANO5","Benign","NM_213599.3(ANO5):c.364-8del"
"94358","VCV000094358.55","DYSF","Pathogenic","NM_001130987.2(DYSF):c.851C>T (p.Thr284Met)"
"94340","VCV000094340.57","DYSF","Pathogenic","NM_001130987.2(DYSF):c.5626G>A (p.Asp1876Asn)"
"94334","VCV000094334.60","DYSF","Benign","NM_001130987.2(DYSF):c.605C>A (p.Ala202Glu)"
"94331","VCV000094331.27","DYSF","Pathogenic","NM_001130987.2(DYSF):c.4911G>T (p.Lys1637Asn)"
"94327","VCV000094327.27","DYSF","Likely benign","NM_001130987.2(DYSF):c.4694A>C (p.Lys1565Thr)"
"94325","VCV000094325.34","DYSF","Benign","NM_001130987.2(DYSF):c.4621C>T (p.Leu1541=)"
"94324","VCV000094324.20","DYSF","Likely pathogenic","NM_001130987.2(DYSF):c.4556A>C (p.Lys1519Thr)"
"94323","VCV000094323.40","DYSF","Benign","NM_001130987.2(DYSF):c.4428C>T (p.Ile1476=)"
"94315","VCV000094315.53","DYSF","Benign","NM_001130987.2(DYSF):c.4046G>T (p.Arg1349Leu)"
"94311","VCV000094311.64","DYSF","Benign","NM_001130987.2(DYSF):c.386G>A (p.Gly129Glu)"
"94307","VCV000094307.58","DYSF","Benign","NM_001130987.2(DYSF):c.3588C>T (p.Ile1196=)"
"94301","VCV000094301.31","DYSF","Benign","NM_001130987.2(DYSF):c.3239CGGAGG[3] (p.1080AE[3])"
"94300","VCV000094300.57","DYSF","Benign","NM_001130987.2(DYSF):c.3119G>A (p.Arg1040Gln)"
"94291","VCV000094291.48","DYSF","Pathogenic","NM_001130987.2(DYSF):c.2697+1G>A"
"94289","VCV000094289.29","DYSF","Benign","NM_001130987.2(DYSF):c.2554A>G (p.Ile852Val)"
"94282","VCV000094282.37","DYSF","Benign","NM_001130987.2(DYSF):c.1914C>T (p.Tyr638=)"
"94270","VCV000094270.57","DYSF","Benign","NM_001130987.2(DYSF):c.1465G>A (p.Glu489Lys)"
"94264","VCV000094264.60","DYSF","Benign","NM_001130987.2(DYSF):c.1216G>C (p.Val406Leu)"
"94262","VCV000094262.22","DYSF","Pathogenic","NM_001130987.2(DYSF):c.1149+1G>A"
"93664","VCV000093664.20","SCN1A","Likely benign","NM_001165963.4(SCN1A):c.83G>A (p.Arg28His)"
"93549","VCV000093549.13","ACTA1","Likely pathogenic","NM_001100.4(ACTA1):c.442G>A (p.Gly148Ser)"
"92854","VCV000092854.35","RPGR","Benign","NM_001034853.2(RPGR):c.1598C>T (p.Thr533Met)"
"92850","VCV000092850.31","RPGR","Benign","NM_001034853.2(RPGR):c.1367A>G (p.Gln456Arg)"
"92820","VCV000092820.24","PTEN","Pathogenic","NM_000314.8(PTEN):c.331T>C (p.Trp111Arg)"
"92662","VCV000092662.21","SGCB","Benign","NM_000232.5(SGCB):c.92G>T (p.Ser31Ile)"
"92655","VCV000092655.41","SGCG","Benign","NM_000231.3(SGCG):c.347G>A (p.Arg116His)"
"92649","VCV000092649.35","IDUA","Benign","NM_000203.5(IDUA):c.891C>T (p.Asn297=)"
"92636","VCV000092636.17","IDUA","Likely pathogenic","NM_000203.5(IDUA):c.1799del (p.Pro599_Ser600insTer)"
"92635","VCV000092635.12","IDUA","Likely benign","NM_000203.5(IDUA):c.1771G>A (p.Ala591Thr)"
"92634","VCV000092634.18","IDUA","Pathogenic","NM_000203.5(IDUA):c.1650+5G>A"
"92437","VCV000092437.23","CYP1B1","Benign","NM_000104.4(CYP1B1):c.355G>T (p.Ala119Ser)"
"92436","VCV000092436.22","CYP1B1","Benign","NM_000104.4(CYP1B1):c.142C>G (p.Arg48Gly)"
"92435","VCV000092435.23","CYP1B1/LOC128772254","Likely benign","NM_000104.4(CYP1B1):c.1328C>G (p.Ala443Gly)"
"92408","VCV000092408.75","CAPN3","Pathogenic","NM_000070.3(CAPN3):c.1746-20C>G"
"92302","VCV000092302.23","SGCA","Likely pathogenic","NM_000023.4(SGCA):c.241C>T (p.Arg81Cys)"
"92301","VCV000092301.85","SGCA","Likely pathogenic","NM_000023.4(SGCA):c.101G>A (p.Arg34His)"
"92292","VCV000092292.35","ACADVL","Likely pathogenic","NM_000018.4(ACADVL):c.890AGA[2] (p.Lys299del)"
"92270","VCV000092270.39","ACADVL","Uncertain significance","NM_000018.4(ACADVL):c.1001T>G (p.Met334Arg)"
"91389","VCV000091389.72","RPGR","Pathogenic","NM_001034853.2(RPGR):c.2405_2406del (p.Glu802fs)"
"88675","VCV000088675.77","PIK3CD","Pathogenic","NM_005026.5(PIK3CD):c.3061G>A (p.Glu1021Lys)"
"67130","VCV000067130.23","KCNQ1","Uncertain significance","NM_000218.3(KCNQ1):c.958C>T (p.Pro320Ser)"
"67078","VCV000067078.42","KCNQ1","Benign","NM_000218.3(KCNQ1):c.514G>A (p.Val172Met)"
"67075","VCV000067075.37","KCNQ1","Likely benign","NM_000218.3(KCNQ1):c.458C>T (p.Thr153Met)"
"67027","VCV000067027.66","KCNQ1","Uncertain significance","NM_000218.3(KCNQ1):c.1343C>T (p.Pro448Leu)"
"67026","VCV000067026.42","KCNQ1","Benign","NM_000218.3(KCNQ1):c.1343C>G (p.Pro448Arg)"
"65961","VCV000065961.18","RYR1","Uncertain significance","NM_000540.3(RYR1):c.13949T>C (p.Leu4650Pro)"
"65956","VCV000065956.6","RYR1","Uncertain significance","NM_000540.3(RYR1):c.10100A>G (p.Lys3367Arg)"
"65711","VCV000065711.15","AIPL1","Pathogenic","NM_014336.5(AIPL1):c.784G>A (p.Gly262Ser)"
"65708","VCV000065708.28","AIPL1","Benign","NM_014336.5(AIPL1):c.1126C>T (p.Pro376Ser)"
"56730","VCV000056730.14","CEP290","Pathogenic","NM_025114.4(CEP290):c.1451del (p.Lys484fs)"
"55718","VCV000055718.10","BRCA1","Likely pathogenic","NM_007294.4(BRCA1):c.81-6T>A"
"55631","VCV000055631.27","BRCA1","Likely pathogenic","NM_007294.4(BRCA1):c.5561T>C (p.Leu1854Pro)"
"55613","VCV000055613.32","BRCA1","Uncertain significance","NM_007294.4(BRCA1):c.5522G>A (p.Ser1841Asn)"
"55573","VCV000055573.28","BRCA1","Likely pathogenic","NM_007294.4(BRCA1):c.5425G>T (p.Val1809Phe)"
"55552","VCV000055552.28","BRCA1","Likely pathogenic","NM_007294.4(BRCA1):c.5365G>A (p.Ala1789Thr)"
"55530","VCV000055530.32","BRCA1","Pathogenic","NM_007294.4(BRCA1):c.5332G>A (p.Asp1778Asn)"
"55415","VCV000055415.27","BRCA1","Likely pathogenic","NM_007294.4(BRCA1):c.5143A>T (p.Ser1715Cys)"
"55412","VCV000055412.42","BRCA1","Likely pathogenic","NM_007294.4(BRCA1):c.5138T>C (p.Val1713Ala)"
"55399","VCV000055399.22","BRCA1","Likely pathogenic","NM_007294.4(BRCA1):c.5098A>G (p.Thr1700Ala)"
"55397","VCV000055397.25","BRCA1","Uncertain significance","NM_007294.4(BRCA1):c.5096G>C (p.Arg1699Pro)"
"55383","VCV000055383.21","BRCA1","Likely pathogenic","NM_007294.4(BRCA1):c.5075A>T (p.Asp1692Val)"
"53083","VCV000053083.35","KCNQ1","Likely pathogenic","NM_000218.3(KCNQ1):c.674C>T (p.Ser225Leu)"
"53047","VCV000053047.83","KCNQ1","Likely pathogenic","NM_000218.3(KCNQ1):c.477+5G>A"
"53031","VCV000053031.30","KCNQ1","Uncertain significance","NM_000218.3(KCNQ1):c.217C>A (p.Pro73Thr)"
"52955","VCV000052955.33","KCNQ1","Likely pathogenic","NM_000218.3(KCNQ1):c.1096C>T (p.Arg366Trp)"
"52865","VCV000052865.33","BRCA2","Benign","NM_000059.4(BRCA2):c.9538C>T (p.Leu3180Phe)"
"52712","VCV000052712.25","BRCA2","Likely pathogenic","NM_000059.4(BRCA2):c.8954-3C>G"
"52568","VCV000052568.23","BRCA2","Likely pathogenic","NM_000059.4(BRCA2):c.8375T>C (p.Leu2792Pro)"
"52563","VCV000052563.23","BRCA2","Likely pathogenic","NM_000059.4(BRCA2):c.8362T>C (p.Trp2788Arg)"
"52491","VCV000052491.20","BRCA2","Uncertain significance","NM_000059.4(BRCA2):c.8059G>T (p.Val2687Phe)"
"52411","VCV000052411.8","BRCA2","Likely pathogenic","NM_000059.4(BRCA2):c.7805+3A>C"
"52400","VCV000052400.24","BRCA2","Likely pathogenic","NM_000059.4(BRCA2):c.7753G>A (p.Gly2585Arg)"
"52056","VCV000052056.17","BRCA2","Likely pathogenic","NM_000059.4(BRCA2):c.631+4A>G"
"51085","VCV000051085.63","BRCA2","Benign","NM_000059.4(BRCA2):c.121C>T (p.Pro41Ser)"
"44575","VCV000044575.21","NRAS","Likely benign","NM_002524.5(NRAS):c.291-8G>A"
"43628","VCV000043628.27","TNNT2","Likely pathogenic","NM_001276345.2(TNNT2):c.311G>A (p.Arg104His)"
"43565","VCV000043565.40","SLC26A4","Pathogenic","NM_000441.2(SLC26A4):c.706C>G (p.Leu236Val)"
"43491","VCV000043491.32","SLC26A4","Likely benign","NM_000441.2(SLC26A4):c.1069G>A (p.Ala357Thr)"
"42487","VCV000042487.47","KCNQ1","Likely benign","NM_000218.3(KCNQ1):c.160_168dup (p.Ile54_Pro56dup)"
"42098","VCV000042098.78","RYR1","Pathogenic","NM_000540.3(RYR1):c.10204T>G (p.Cys3402Gly)"
"40612","VCV000040612.34","RAF1","Likely benign","NM_002880.4(RAF1):c.935T>C (p.Val312Ala)"
"40484","VCV000040484.22","PTPN11","Pathogenic","NM_002834.5(PTPN11):c.155C>T (p.Thr52Ile)"
"40476","VCV000040476.52","NRAS","Likely benign","NM_002524.5(NRAS):c.360G>A (p.Leu120=)"
"36833","VCV000036833.32","HNF1A","Benign","NM_000545.8(HNF1A):c.872C>G (p.Pro291Arg)"
"36816","VCV000036816.9","HNF1A","Likely pathogenic","NM_000545.8(HNF1A):c.281C>T (p.Pro94Leu)"
"36490","VCV000036490.18","MECP2","Benign","NM_001110792.2(MECP2):c.1187C>T (p.Pro396Leu)"
"36464","VCV000036464.59","LDLR","Likely benign","NM_000527.5(LDLR):c.507C>T (p.Asn169=)"
"36456","VCV000036456.14","LDLR","Uncertain significance","NM_000527.5(LDLR):c.1381G>A (p.Gly461Ser)"
"36437","VCV000036437.46","KCNQ1-AS1/KCNQ1","Benign","NM_000218.3(KCNQ1):c.1927G>A (p.Gly643Ser)"
"36342","VCV000036342.9","HNF4A","Uncertain significance","NM_175914.5(HNF4A):c.1097C>G (p.Pro366Arg)"
"36258","VCV000036258.37","GCK","Pathogenic","NM_000162.5(GCK):c.787T>C (p.Ser263Pro)"
"36227","VCV000036227.8","GCK","Likely pathogenic","NM_000162.5(GCK):c.532G>A (p.Gly178Arg)"
"36211","VCV000036211.5","GCK","Likely pathogenic","NM_000162.5(GCK):c.304A>T (p.Lys102Ter)"
"36179","VCV000036179.5","GCK","Likely pathogenic","NM_000162.5(GCK):c.1153G>A (p.Gly385Arg)"
"35555","VCV000035555.45","TP53","Benign","NM_000546.6(TP53):c.*1175A>C"
"31012","VCV000031012.5","VWF","Likely pathogenic","NM_000552.5(VWF):c.5347T>G (p.Ser1783Ala)"
"21014","VCV000021014.46","ACADVL","Likely benign","NM_000018.4(ACADVL):c.1284G>A (p.Lys428=)"
"18443","VCV000018443.19","DYSF","Pathogenic","NM_001130987.2(DYSF):c.5546G>A (p.Arg1849Lys)"
"18291","VCV000018291.13","ACTA1","Pathogenic","NM_001100.4(ACTA1):c.1000C>T (p.Pro334Ser)"
"18288","VCV000018288.5","ACTA1","Likely pathogenic","NM_001100.4(ACTA1):c.1007A>C (p.Glu336Ala)"
"18039","VCV000018039.8","SERPINC1","Likely pathogenic","NM_000488.4(SERPINC1):c.442T>C (p.Ser148Pro)"
"18033","VCV000018033.2","SERPINC1","Uncertain significance","NM_000488.4(SERPINC1):c.1271G>A (p.Gly424Asp)"
"18020","VCV000018020.6","SERPINC1","Likely pathogenic","NM_000488.4(SERPINC1):c.1240G>A (p.Ala414Thr)"
"18012","VCV000018012.66","SERPINC1","Pathogenic","NM_000488.4(SERPINC1):c.89T>A (p.Val30Glu)"
"16038","VCV000016038.3","GP1BB/SEPT5-GP1BB","Likely pathogenic","NM_000407.5(GP1BB):c.338A>G (p.Tyr113Cys)"
"15690","VCV000015690.19","HBA2/LOC106804612","Likely pathogenic","NM_000517.6(HBA2):c.377T>G (p.Leu126Arg)"
"15624","VCV000015624.72","HBA1/HBA2/LOC106804612","Pathogenic","NM_000517.4(HBA2):c.427T>C (p.Ter143Gln)"
"15405","VCV000015405.34","HBB/LOC106099062/LOC107133510","Pathogenic","NM_000518.5(HBB):c.114G>A (p.Trp38Ter)"
"15239","VCV000015239.52","HBB/LOC106099062/LOC107133510","Pathogenic","NM_000518.5(HBB):c.82G>T (p.Ala28Ser)"
"14933","VCV000014933.9","HNF1A","Pathogenic","NG_011731.2:g.4741A>C"
"13533","VCV000013533.19","GP9","Likely pathogenic","NM_000174.5(GP9):c.70T>C (p.Cys24Arg)"
"13532","VCV000013532.1","GP9","Likely pathogenic","NM_000174.5(GP9):c.167T>C (p.Leu56Pro)"
"13529","VCV000013529.78","GP9","Pathogenic","NM_000174.5(GP9):c.182A>G (p.Asn61Ser)"
"13328","VCV000013328.102","PTPN11","Pathogenic","NM_002834.5(PTPN11):c.836A>G (p.Tyr279Cys)"
"12982","VCV000012982.71","RYR1","Conflicting classifications of pathogenicity; drug response","NM_000540.3(RYR1):c.14582G>A (p.Arg4861His)"
"12376","VCV000012376.16","TP53","Likely pathogenic","NM_000546.6(TP53):c.412G>C (p.Ala138Pro)"
"12347","VCV000012347.84","TP53","Pathogenic","NM_000546.6(TP53):c.742C>T (p.Arg248Trp)"
"11925","VCV000011925.15","IDUA","Pathogenic","NM_000203.5(IDUA):c.1091C>T (p.Thr364Met)"
"11920","VCV000011920.13","IDUA","Likely pathogenic","NM_000203.4(IDUA):c.1960T>G (p.Ter654Gly)"
"11915","VCV000011915.2","IDUA","Likely pathogenic","NM_000203.5(IDUA):c.928C>T (p.Gln310Ter)"
"10251","VCV000010251.12","F8","Benign","NM_000132.4(F8):c.3169G>A (p.Glu1057Lys)"
"10156","VCV000010156.5","F8","Likely benign","NM_000132.4(F8):c.121G>T (p.Gly41Cys)"
"9916","VCV000009916.5","RPGR","Likely pathogenic","NM_001034853.2(RPGR):c.517G>C (p.Gly173Arg)"
"9902","VCV000009902.22","RPGR","Likely pathogenic","NM_001034853.2(RPGR):c.179G>T (p.Gly60Val)"
"9897","VCV000009897.4","RPGR","Uncertain significance","NM_001034853.2(RPGR):c.389T>G (p.Phe130Cys)"
"9888","VCV000009888.64","CDKL5/RS1","Pathogenic","NM_000330.4(RS1):c.214G>A (p.Glu72Lys)"
"9887","VCV000009887.20","CDKL5/RS1","Pathogenic","NM_000330.4(RS1):c.304C>T (p.Arg102Trp)"
"9439","VCV000009439.82","SGCA","Pathogenic","NM_000023.4(SGCA):c.850C>T (p.Arg284Cys)"
"8712","VCV000008712.22","SGCB","Pathogenic","NM_000232.5(SGCB):c.452C>G (p.Thr151Arg)"
"8274","VCV000008274.21","MAP2K2","Pathogenic","NM_030662.4(MAP2K2):c.400T>C (p.Tyr134His)"
"7960","VCV000007960.7","MYOC","Pathogenic","NM_000261.2(MYOC):c.754G>A (p.Gly252Arg)"
"7904","VCV000007904.80","ABCA4","Pathogenic","NM_000350.3(ABCA4):c.4139C>T (p.Pro1380Leu)"
"7900","VCV000007900.59","ABCA4","Pathogenic","NM_000350.3(ABCA4):c.1715G>A (p.Arg572Gln)"
"7898","VCV000007898.74","ABCA4","Pathogenic","NM_000350.3(ABCA4):c.634C>T (p.Arg212Cys)"
"7744","VCV000007744.53","CYP1B1","Likely benign","NM_000104.4(CYP1B1):c.241T>A (p.Tyr81Asn)"
"7739","VCV000007739.92","CYP1B1","Uncertain significance","NM_000104.4(CYP1B1):c.1103G>A (p.Arg368His)"
"7737","VCV000007737.40","CYP1B1","Pathogenic","NM_000104.4(CYP1B1):c.171G>A (p.Trp57Ter)"
"7735","VCV000007735.63","CYP1B1","Pathogenic","NM_000104.4(CYP1B1):c.1159G>A (p.Glu387Lys)"
"7732","VCV000007732.2","CYP1B1","Likely pathogenic","NM_000104.4(CYP1B1):c.1093G>T (p.Gly365Trp)"
"6682","VCV000006682.11","DYSF","Pathogenic","NM_001130987.2(DYSF):c.991G>T (p.Gly331Trp)"
"6675","VCV000006675.37","DYSF","Pathogenic","NM_001130987.2(DYSF):c.3191G>A (p.Arg1064His)"
"6672","VCV000006672.17","DYSF","Pathogenic","NM_001130987.2(DYSF):c.5174+5G>A"
"6671","VCV000006671.20","DYSF","Likely pathogenic","NM_001130987.2(DYSF):c.2426C>G (p.Pro809Arg)"
"6668","VCV000006668.78","DYSF","Pathogenic","NM_001130987.2(DYSF):c.6241C>T (p.Arg2081Cys)"
"6667","VCV000006667.67","DYSF/LOC122787137","Benign","NM_001130987.2(DYSF):c.3946A>G (p.Ile1316Val)"
"5567","VCV000005567.8","AIPL1","Likely pathogenic","NM_014336.5(AIPL1):c.715T>C (p.Cys239Arg)"
"5566","VCV000005566.9","AIPL1","Pathogenic","NM_014336.5(AIPL1):c.1010_1011del (p.Glu337fs)"
"4157","VCV000004157.13","GP1BA","Pathogenic","NM_000173.7(GP1BA):c.1620G>A (p.Trp540Ter)"
"4026","VCV000004026.4","GAA","Likely pathogenic","NM_000152.5(GAA):c.1585_1586delinsGT (p.Ser529Val)"
"4022","VCV000004022.37","GAA","Pathogenic","NM_000152.5(GAA):c.1561G>A (p.Glu521Lys)"
"3690","VCV000003690.62","LDLR","Pathogenic","NM_000527.5(LDLR):c.681C>G (p.Asp227Glu)"
"3119","VCV000003119.42","KCNQ1","Likely pathogenic","NM_000218.3(KCNQ1):c.817C>T (p.Leu273Phe)"
"3114","VCV000003114.14","KCNQ1","Uncertain significance","NM_000218.3(KCNQ1):c.565G>A (p.Gly189Arg)"
"3035","VCV000003035.94","ATM","Pathogenic","NM_000051.4(ATM):c.3576G>A (p.Lys1192=)"
"3022","VCV000003022.21","ATM/C11orf65","Likely pathogenic","NM_000051.4(ATM):c.8480T>G (p.Phe2827Cys)"
"3021","VCV000003021.101","ATM/C11orf65","Pathogenic","NM_000051.4(ATM):c.5763-1050A>G"
"2166","VCV000002166.81","ANO5","Pathogenic","NM_213599.3(ANO5):c.2272C>T (p.Arg758Cys)"
"2164","VCV000002164.100","ANO5","Pathogenic","NM_213599.3(ANO5):c.191dup (p.Asn64fs)"
"318","VCV000000318.3","VWF","Pathogenic","NM_000552.5(VWF):c.1583A>G (p.Asn528Ser)"
"314","VCV000000314.87","VWF","Likely benign","NM_000552.5(VWF):c.3797C>T (p.Pro1266Leu)"
"313","VCV000000313.2","VWF","Likely pathogenic","NM_000552.5(VWF):c.2411G>T (p.Cys804Phe)"
"311","VCV000000311.2","VWF","Likely pathogenic","NM_000552.5(VWF):c.3854C>T (p.Ser1285Phe)"
"293","VCV000000293.70","VWF","Uncertain significance","NM_000552.5(VWF):c.4196G>A (p.Arg1399His)"
"292","VCV000000292.2","VWF","Uncertain significance","NM_000552.5(VWF):c.4837T>C (p.Ser1613Pro)"
"288","VCV000000288.27","VWF","Pathogenic","NM_000552.5(VWF):c.3916C>T (p.Arg1306Trp)"
"287","VCV000000287.2","VWF","Likely pathogenic","NM_000552.5(VWF):c.3939G>C (p.Trp1313Cys)"
"285","VCV000000285.35","VWF","Pathogenic","NM_000552.5(VWF):c.4789C>T (p.Arg1597Trp)"
"4848993","VCV004848993.2","RPE65","Likely pathogenic","NM_000329.3(RPE65):c.47T>C (p.Phe16Ser)"
"4742486","VCV004742486.2","HNF1A","Likely pathogenic","NM_000545.8(HNF1A):c.618G>T (p.Trp206Cys)"
"4687494","VCV004687494.2","GP9","Likely pathogenic","NM_000174.5(GP9):c.404G>A (p.Cys135Tyr)"
"3948866","VCV003948866.2","RUNX1","Uncertain significance","NM_001754.5(RUNX1):c.1366G>A (p.Glu456Lys)"
"3901863","VCV003901863.2","GCK","Likely pathogenic","NM_000162.5(GCK):c.1151C>G (p.Ala384Gly)"
"3901120","VCV003901120.4","PIK3R1","Uncertain significance","NM_181523.3(PIK3R1):c.764G>A (p.Ser255Asn)"
"3896422","VCV003896422.3","CEP290","Likely pathogenic","NM_025114.4(CEP290):c.185A>G (p.Lys62Arg)"
"3771197","VCV003771197.12","PAH","Uncertain significance","NM_000277.3(PAH):c.511G>T (p.Gly171Trp)"
"3767319","VCV003767319.2","PIK3R1","Likely pathogenic","NM_181523.3(PIK3R1):c.1957A>T (p.Lys653Ter)"
"3668347","VCV003668347.5","RUNX1/RUNX1-AS1","Likely pathogenic","NM_001754.5(RUNX1):c.580A>G (p.Lys194Glu)"
"3661587","VCV003661587.3","GCK","Likely pathogenic","NM_000162.5(GCK):c.625A>G (p.Thr209Ala)"
"3605803","VCV003605803.4","CTLA4","Benign","NM_005214.5(CTLA4):c.47C>A (p.Ala16Asp)"
"3602116","VCV003602116.3","GCK","Pathogenic","NM_000162.5(GCK):c.1010A>C (p.Gln337Pro)"
"3601978","VCV003601978.2","HNF4A","Likely pathogenic","NM_175914.5(HNF4A):c.272G>A (p.Arg91His)"
"3385344","VCV003385344.2","PIK3R1","Likely pathogenic","NM_181523.3(PIK3R1):c.1891C>T (p.Arg631Ter)"
"3367215","VCV003367215.4","RUNX1","Likely pathogenic","NM_001754.5(RUNX1):c.328A>C (p.Lys110Gln)"
"3340471","VCV003340471.4","RUNX1/RUNX1-AS1","Likely pathogenic","NM_001754.5(RUNX1):c.581A>T (p.Lys194Ile)"
"3336850","VCV003336850.4","RUNX1/RUNX1-AS1","Likely pathogenic","NM_001754.5(RUNX1):c.484_485delinsGC (p.Arg162Ala)"
"3256144","VCV003256144.3","GAMT","Likely pathogenic","NM_000156.6(GAMT):c.391+5G>C"
"3233998","VCV003233998.2","GCK","Likely pathogenic","NM_000162.5(GCK):c.1166T>C (p.Val389Ala)"
"3233349","VCV003233349.3","RPE65","Pathogenic","NM_000329.3(RPE65):c.1444G>A (p.Asp482Asn)"
"3068533","VCV003068533.5","HNF4A","Pathogenic","NM_175914.5(HNF4A):c.124G>A (p.Gly42Arg)"
"2946266","VCV002946266.4","RPE65","Likely pathogenic","NM_000329.3(RPE65):c.366C>A (p.Tyr122Ter)"
"2945021","VCV002945021.4","RPE65","Likely pathogenic","NM_000329.3(RPE65):c.1396_1397dup (p.Pro467fs)"
"2865406","VCV002865406.4","ABCA4","Uncertain significance","NM_000350.3(ABCA4):c.6289C>A (p.Pro2097Thr)"
"2758089","VCV002758089.3","CAPN3","Pathogenic","NM_000070.3(CAPN3):c.1194-2del"
"2751155","VCV002751155.6","RUNX1/RUNX1-AS1","Likely benign","NM_001754.5(RUNX1):c.612A>G (p.Arg204=)"
"2734986","VCV002734986.3","GCK","Likely pathogenic","NM_000162.5(GCK):c.1349C>T (p.Ala450Val)"
"2709658","VCV002709658.4","ADA/LOC107303343","Uncertain significance","NM_000022.4(ADA):c.2T>G (p.Met1Arg)"
"2675763","VCV002675763.5","GAA","Uncertain significance","NM_000152.5(GAA):c.1924G>T (p.Val642Phe)"
"2665098","VCV002665098.7","RUNX1-AS1/RUNX1","Pathogenic","NM_001754.5(RUNX1):c.592G>T (p.Asp198Tyr)"
"2633656","VCV002633656.4","RUNX1/RUNX1-AS1","Likely pathogenic","NM_001754.5(RUNX1):c.509G>A (p.Gly170Glu)"
"2581619","VCV002581619.2","IDUA","Likely pathogenic","NM_000203.5(IDUA):c.713T>G (p.Leu238Arg)"
"2575101","VCV002575101.2","MYOC","Likely pathogenic","NM_000261.2(MYOC):c.1364C>A (p.Thr455Lys)"
"2570632","VCV002570632.2","MYOC","Likely pathogenic","NM_000261.2(MYOC):c.1151A>G (p.Asp384Gly)"
"2570631","VCV002570631.2","MYOC","Likely pathogenic","NM_000261.2(MYOC):c.1150G>C (p.Asp384His)"
"2570629","VCV002570629.2","MYOC","Likely benign","NM_000261.2(MYOC):c.816A>T (p.Arg272=)"
"2570619","VCV002570619.3","MYOC","Likely benign","NM_000261.2(MYOC):c.1185T>G (p.Asp395Glu)"
"2534971","VCV002534971.3","PIK3R1","Uncertain significance","NM_181523.3(PIK3R1):c.473T>C (p.Leu158Pro)"
"2534434","VCV002534434.2","PIK3CD","Uncertain significance","NM_005026.5(PIK3CD):c.2002C>A (p.Leu668Met)"
"2505288","VCV002505288.2","MYOC","Likely benign","NM_000261.2(MYOC):c.952C>T (p.Leu318=)"
"2505287","VCV002505287.2","MYOC","Likely pathogenic","NM_000261.2(MYOC):c.1160G>A (p.Gly387Asp)"
"2503896","VCV002503896.4","GP9","Likely pathogenic","NM_000174.5(GP9):c.284A>G (p.Tyr95Cys)"
"2500839","VCV002500839.2","MYOC","Likely pathogenic","NM_000261.2(MYOC):c.1298G>A (p.Cys433Tyr)"
"2500837","VCV002500837.2","MYOC","Likely pathogenic","NM_000261.2(MYOC):c.1130C>A (p.Thr377Lys)"
"2500835","VCV002500835.2","MYOC","Likely pathogenic","NM_000261.2(MYOC):c.1111T>G (p.Tyr371Asp)"
"2500830","VCV002500830.2","MYOC","Likely benign","NM_000261.2(MYOC):c.169A>G (p.Asn57Asp)"
"2443682","VCV002443682.4","RUNX1/RUNX1-AS1","Likely pathogenic","NM_001754.5(RUNX1):c.499A>G (p.Ser167Gly)"
"2442289","VCV002442289.2","MYOC","Likely benign","NM_000261.2(MYOC):c.210C>T (p.Val70=)"
"2442287","VCV002442287.2","MYOC","Uncertain significance","NM_000261.2(MYOC):c.780A>G (p.Ala260=)"
"2442285","VCV002442285.2","MYOC","Likely benign","NM_000261.2(MYOC):c.654G>A (p.Glu218=)"
"2442273","VCV002442273.2","MYOC","Uncertain significance","NM_000261.2(MYOC):c.644T>C (p.Leu215Pro)"
"2441144","VCV002441144.7","DYSF","Pathogenic","NM_001130987.2(DYSF):c.3170G>T (p.Arg1057Leu)"
"2441119","VCV002441119.4","DYSF","Likely pathogenic","NM_001130987.2(DYSF):c.1033+5G>A"
"2429764","VCV002429764.2","MYOC","Likely pathogenic","NM_000261.2(MYOC):c.760C>A (p.Pro254Thr)"
"2429763","VCV002429763.2","MYOC","Likely benign","NM_000261.2(MYOC):c.1452G>A (p.Lys484=)"
"2429760","VCV002429760.2","MYOC","Likely pathogenic","NM_000261.2(MYOC):c.821C>G (p.Pro274Arg)"
"2429758","VCV002429758.2","MYOC","Likely benign","NM_000261.2(MYOC):c.1290C>T (p.Phe430=)"
"2429327","VCV002429327.10","SGCA","Pathogenic","NM_000023.4(SGCA):c.269A>G (p.Tyr90Cys)"
"2428796","VCV002428796.9","RUNX1","Likely benign","NM_001754.5(RUNX1):c.657G>A (p.Leu219=)"
"2229884","VCV002229884.7","MECP2","Pathogenic","NM_001110792.2(MECP2):c.800G>C (p.Arg267Pro)"
"2202283","VCV002202283.7","GAA","Likely pathogenic","NM_000152.5(GAA):c.1645G>A (p.Gly549Arg)"
"2154687","VCV002154687.2","RPE65","Likely pathogenic","NM_000329.3(RPE65):c.1088C>A (p.Pro363His)"
"2151916","VCV002151916.8","USH2A","Uncertain significance","NM_206933.4(USH2A):c.6083A>G (p.Tyr2028Cys)"
"2137414","VCV002137414.8","PAH","Uncertain significance","NM_000277.3(PAH):c.211C>T (p.Arg71Cys)"
"2137408","VCV002137408.4","PAH","Likely pathogenic","NM_000277.3(PAH):c.521T>A (p.Ile174Asn)"
"2136531","VCV002136531.5","GCK","Pathogenic","NM_000162.5(GCK):c.56T>A (p.Ile19Asn)"
"2104788","VCV002104788.5","PIK3R1","Likely pathogenic","NM_181523.3(PIK3R1):c.1350_1360del (p.Glu451fs)"
"2035105","VCV002035105.5","ABCA4","Uncertain significance","NM_000350.3(ABCA4):c.2588-3del"
"2033861","VCV002033861.6","PTEN","Pathogenic","NM_000314.8(PTEN):c.400A>G (p.Met134Val)"
"2022313","VCV002022313.9","PTEN","Likely pathogenic","NM_000314.8(PTEN):c.116C>T (p.Ala39Val)"
"2021273","VCV002021273.6","ABCA4","Likely pathogenic","NM_000350.3(ABCA4):c.6397T>C (p.Cys2133Arg)"
"2018845","VCV002018845.6","RPE65","Pathogenic","NM_000329.3(RPE65):c.1243+1G>C"
"1933344","VCV001933344.7","GCK","Likely pathogenic","NM_000162.5(GCK):c.1079C>G (p.Ser360Trp)"
"1928684","VCV001928684.6","LOC130068098/RPGR","Likely pathogenic","NM_001034853.2(RPGR):c.19_25delinsGGAGCCCGTGGCATGAGGGAG (p.Leu7fs)"
"1810378","VCV001810378.2","MYOC","Likely pathogenic","NM_000261.2(MYOC):c.1456C>T (p.Leu486Phe)"
"1801853","VCV001801853.2","GCK","Uncertain significance","NM_000162.5(GCK):c.98T>G (p.Val33Gly)"
"1742308","VCV001742308.29","ACVRL1","Uncertain significance","NM_000020.3(ACVRL1):c.466G>A (p.Glu156Lys)"
"1723651","VCV001723651.2","MAP2K1","Likely pathogenic","NM_002755.4(MAP2K1):c.125T>G (p.Leu42Arg)"
"1723173","VCV001723173.5","MYOC","Likely benign","NM_000261.2(MYOC):c.907C>A (p.Leu303Ile)"
"1723168","VCV001723168.3","MYOC","Likely benign","NM_000261.2(MYOC):c.626C>A (p.Thr209Asn)"
"1705456","VCV001705456.3","GCK","Likely pathogenic","NM_000162.5(GCK):c.374A>G (p.Tyr125Cys)"
"1695472","VCV001695472.12","SCN1A","Likely benign","NM_001165963.4(SCN1A):c.2722G>A (p.Gly908Ser)"
"1692647","VCV001692647.4","RUNX1","Likely benign","NM_001754.5(RUNX1):c.660C>A (p.Ser220=)"
"1691234","VCV001691234.4","GP1BB/SEPT5-GP1BB","Uncertain significance","NM_000407.5(GP1BB):c.80C>T (p.Pro27Leu)"
"1691233","VCV001691233.4","GP1BB/SEPT5-GP1BB","Uncertain significance","NM_000407.5(GP1BB):c.500T>C (p.Leu167Pro)"
"1687090","VCV001687090.4","C12orf43/HNF1A","Likely benign","NM_000545.8(HNF1A):c.1873C>T (p.Gln625Ter)"
"1687072","VCV001687072.4","HNF1A","Pathogenic","NM_000545.8(HNF1A):c.327-2A>T"
"1686794","VCV001686794.4","MYOC","Likely pathogenic","NM_000261.2(MYOC):c.1504T>C (p.Ser502Pro)"
"1686793","VCV001686793.4","MYOC","Likely pathogenic","NM_000261.2(MYOC):c.1496T>G (p.Ile499Ser)"
"1686788","VCV001686788.6","MYOC","Likely pathogenic","NM_000261.2(MYOC):c.814C>G (p.Arg272Gly)"
"1686785","VCV001686785.4","MYOC","Pathogenic","NM_000261.2(MYOC):c.1440C>G (p.Asn480Lys)"
"1686523","VCV001686523.4","BRCA2","Likely benign","NM_000059.4(BRCA2):c.8948A>T (p.Asp2983Val)"
"1684391","VCV001684391.4","RUNX1/RUNX1-AS1","Likely pathogenic","NM_001754.5(RUNX1):c.505A>G (p.Arg169Gly)"
"1684030","VCV001684030.2","VWF","Uncertain significance","NM_000552.5(VWF):c.4970T>C (p.Leu1657Pro)"
"1683999","VCV001683999.2","VWF","Likely pathogenic","NM_000552.5(VWF):c.4733C>A (p.Thr1578Asn)"
"1683998","VCV001683998.2","VWF","Uncertain significance","NM_000552.5(VWF):c.4551C>G (p.Ser1517Arg)"
"1679547","VCV001679547.6","GCK","Pathogenic","NM_000162.5(GCK):c.1079C>A (p.Ser360Ter)"
"1679546","VCV001679546.3","GCK","Uncertain significance","NM_000162.5(GCK):c.941T>G (p.Leu314Arg)"
"1676716","VCV001676716.6","HNF1A","Likely pathogenic","NM_000545.8(HNF1A):c.745T>C (p.Ser249Pro)"
"1652693","VCV001652693.12","RUNX1","Likely benign","NM_001754.5(RUNX1):c.1242C>T (p.Tyr414=)"
"1639209","VCV001639209.9","ABCA4","Uncertain significance","NM_000350.3(ABCA4):c.4128+15del"
"1638023","VCV001638023.13","MECP2","Benign","NM_001110792.2(MECP2):c.1292C>T (p.Pro431Leu)"
"1624912","VCV001624912.9","PIK3R1","Uncertain significance","NM_181523.3(PIK3R1):c.978G>C (p.Met326Ile)"
"1578921","VCV001578921.34","CDKL5","Likely benign","NM_001323289.2(CDKL5):c.1616G>C (p.Arg539Thr)"
"1573734","VCV001573734.10","PIK3CD","Likely benign","NM_005026.5(PIK3CD):c.1470+15C>T"
"1559116","VCV001559116.10","ABCA4","Uncertain significance","NM_000350.3(ABCA4):c.3889G>A (p.Val1297Ile)"
"1527893","VCV001527893.3","SERPINC1","Uncertain significance","NM_000488.4(SERPINC1):c.116T>C (p.Ile39Thr)"
"1524222","VCV001524222.10","LOC126862483/TP53/WRAP53","Uncertain significance","NM_000546.6(TP53):c.-29+1G>C"
"1521979","VCV001521979.10","DYSF","Likely pathogenic","NM_001130987.2(DYSF):c.3228+1G>C"
"1518631","VCV001518631.8","RUNX1","Pathogenic","NM_001754.5(RUNX1):c.330G>T (p.Lys110Asn)"
"1514901","VCV001514901.6","PAH","Uncertain significance","NM_000277.3(PAH):c.182A>G (p.Asn61Ser)"
"1504560","VCV001504560.9","PAH","Likely pathogenic","NM_000277.3(PAH):c.557C>T (p.Thr186Ile)"
"1491619","VCV001491619.14","DYSF","Uncertain significance","NM_001130987.2(DYSF):c.3170G>A (p.Arg1057Gln)"
"1466051","VCV001466051.9","RUNX1-AS1/RUNX1","Likely pathogenic","NM_001754.5(RUNX1):c.581A>C (p.Lys194Thr)"
"1464253","VCV001464253.11","GCK","Pathogenic","NM_000162.5(GCK):c.671T>C (p.Met224Thr)"
"1457684","VCV001457684.8","PIK3CD","Likely pathogenic","NM_005026.5(PIK3CD):c.1571A>C (p.Tyr524Ser)"
"1454181","VCV001454181.7","LDLR","Uncertain significance","NM_000527.5(LDLR):c.2488A>T (p.Lys830Ter)"
"1439558","VCV001439558.9","MYOC","Pathogenic","NM_000261.2(MYOC):c.1021T>C (p.Ser341Pro)"
"1434322","VCV001434322.9","GAA","Likely pathogenic","NM_000152.5(GAA):c.2040+1G>C"
"1410089","VCV001410089.7","ABCA4","Likely pathogenic","NM_000350.3(ABCA4):c.6121G>A (p.Gly2041Ser)"
"1406866","VCV001406866.7","PIK3CD","Likely pathogenic","NM_005026.5(PIK3CD):c.1570T>A (p.Tyr524Asn)"
"1393351","VCV001393351.7","PIK3R1","Likely pathogenic","NM_181523.3(PIK3R1):c.1344dup (p.Leu449fs)"
"1351602","VCV001351602.11","RUNX1/RUNX1-AS1","Likely pathogenic","NM_001754.5(RUNX1):c.500G>C (p.Ser167Thr)"
"1342964","VCV001342964.5","MYOC","Likely pathogenic","NM_000261.2(MYOC):c.1139A>G (p.Asp380Gly)"
"1342957","VCV001342957.5","HNF1A","Benign","NM_000545.8(HNF1A):c.1544C>A (p.Thr515Lys)"
"1342197","VCV001342197.6","MYOC","Likely pathogenic","NM_000261.2(MYOC):c.856T>C (p.Trp286Arg)"
"1342196","VCV001342196.6","MYOC","Pathogenic","NM_000261.2(MYOC):c.752T>C (p.Val251Ala)"
"1338955","VCV001338955.15","ACVRL1","Uncertain significance","NM_000020.3(ACVRL1):c.139C>T (p.Arg47Trp)"
"1338576","VCV001338576.16","GCK","Pathogenic","NM_000162.5(GCK):c.158C>T (p.Ala53Val)"
"1338461","VCV001338461.7","HNF1A","Benign","NM_000545.8(HNF1A):c.236A>T (p.Glu79Val)"
"1338110","VCV001338110.8","RUNX1","Likely benign","NM_001754.5(RUNX1):c.1218C>T (p.Tyr406=)"
"1337576","VCV001337576.9","CTLA4","Likely benign","NM_005214.5(CTLA4):c.371C>T (p.Thr124Met)"
"1334144","VCV001334144.4","HNF1A","Pathogenic","NM_000545.8(HNF1A):c.709A>G (p.Asn237Asp)"
"1330358","VCV001330358.12","RYR1","Pathogenic","NM_000540.3(RYR1):c.7879G>C (p.Val2627Leu)"
"1327615","VCV001327615.5","HNF1A","Likely pathogenic","NM_000545.8(HNF1A):c.368T>C (p.Leu123Pro)"
"1324499","VCV001324499.6","GP1BB/SEPT5-GP1BB","Pathogenic","NM_000407.5(GP1BB):c.423C>A (p.Cys141Ter)"
"1319676","VCV001319676.13","PIK3R1","Likely benign","NM_181523.3(PIK3R1):c.1426-20T>G"
"1319162","VCV001319162.8","CDKL5","Likely benign","NM_001323289.2(CDKL5):c.282+19A>G"
"1314795","VCV001314795.11","TCF4","Likely benign","NM_001083962.2(TCF4):c.991-8_991-4del"
"1313921","VCV001313921.4","MYOC","Likely benign","NM_000261.2(MYOC):c.547G>A (p.Gly183Ser)"
"1210302","VCV001210302.5","RYR1","Likely pathogenic","NM_000540.3(RYR1):c.7292A>T (p.Asp2431Val)"
"1204725","VCV001204725.11","CDKL5/RS1","Likely benign","NM_003159.3(CDKL5):c.2890T>C (p.Tyr964His)"
"1180840","VCV001180840.4","CAPN3","Likely pathogenic","NM_000070.3(CAPN3):c.1343G>T (p.Arg448Leu)"
"1180752","VCV001180752.8","ACTA1","Uncertain significance","NM_001100.4(ACTA1):c.749T>C (p.Ile250Thr)"
"1173106","VCV001173106.6","MYOC","Likely pathogenic","NM_000261.2(MYOC):c.1435T>C (p.Tyr479His)"
"1171382","VCV001171382.12","BRCA2","Likely pathogenic","NM_000059.4(BRCA2):c.8243G>T (p.Gly2748Val)"
"1171040","VCV001171040.4","LDLR","Likely pathogenic","NM_000527.5(LDLR):c.2442del (p.Lys816fs)"
"1167755","VCV001167755.10","IL2RG","Likely benign","NM_000206.3(IL2RG):c.348G>T (p.Gln116His)"
"1167086","VCV001167086.14","TCF4","Uncertain significance","NM_001083962.2(TCF4):c.649A>C (p.Met217Leu)"
"1144056","VCV001144056.14","RUNX1","Likely benign","NM_001754.5(RUNX1):c.822A>G (p.Gln274=)"
"1143236","VCV001143236.10","CTLA4","Benign","NM_005214.5(CTLA4):c.516G>A (p.Ser172=)"
"1142095","VCV001142095.14","RUNX1","Likely benign","NM_001754.5(RUNX1):c.1015C>T (p.Leu339=)"
"1135117","VCV001135117.13","RUNX1","Likely benign","NM_001754.5(RUNX1):c.189C>G (p.Ala63=)"
"1132785","VCV001132785.14","PIK3R1","Uncertain significance","NM_181523.3(PIK3R1):c.305C>T (p.Ser102Leu)"
"1130934","VCV001130934.14","RUNX1","Likely benign","NM_001754.5(RUNX1):c.1194C>T (p.Ala398=)"
"1124345","VCV001124345.14","RUNX1","Likely benign","NM_001754.5(RUNX1):c.735C>G (p.Pro245=)"
"1116571","VCV001116571.13","RUNX1","Likely benign","NM_001754.5(RUNX1):c.270G>A (p.Val90=)"
"1099856","VCV001099856.14","RUNX1","Likely benign","NM_001754.5(RUNX1):c.670C>A (p.Arg224=)"
"1088939","VCV001088939.12","RUNX1","Likely benign","NM_001754.5(RUNX1):c.798G>A (p.Gln266=)"
"1082907","VCV001082907.10","CTLA4","Benign","NM_005214.5(CTLA4):c.110-7A>G"
"1074952","VCV001074952.15","CEP290","Pathogenic","NM_025114.4(CEP290):c.2213del (p.Asn737_Leu738insTer)"
"1072425","VCV001072425.11","RMRP","Likely pathogenic","NR_003051.4(RMRP):n.222T>C"
"1070754","VCV001070754.12","RPE65","Likely pathogenic","NM_000329.3(RPE65):c.1409C>T (p.Pro470Leu)"
"1068471","VCV001068471.7","SERPINC1","Likely pathogenic","NM_000488.4(SERPINC1):c.1190C>G (p.Ser397Ter)"
"1066954","VCV001066954.9","RPE65","Pathogenic","NM_000329.3(RPE65):c.1243+1G>A"
"1066706","VCV001066706.6","SERPINC1","Uncertain significance","NM_000488.4(SERPINC1):c.1057C>T (p.Pro353Ser)"
"1054111","VCV001054111.17","ATM/C11orf65","Likely pathogenic","NM_000051.4(ATM):c.8161G>A (p.Asp2721Asn)"
"1052453","VCV001052453.10","SGCA","Likely pathogenic","NM_000023.4(SGCA):c.203G>A (p.Gly68Glu)"
"1048143","VCV001048143.3","ABCA4","Pathogenic","NM_000350.3(ABCA4):c.3523-1G>A"
"1042020","VCV001042020.13","PTEN","Likely pathogenic","NM_000314.8(PTEN):c.209+5G>C"
"1035066","VCV001035066.8","CTLA4","Benign","NM_005214.5(CTLA4):c.467C>T (p.Pro156Leu)"
"1031446","VCV001031446.3","GP1BA","Likely pathogenic","NM_000173.7(GP1BA):c.673T>C (p.Cys225Arg)"
"1027500","VCV001027500.8","SCN2A","Uncertain significance","NM_001040142.2(SCN2A):c.5114T>C (p.Ile1705Thr)"
"1026085","VCV001026085.9","PIK3CD","Likely benign","NM_005026.5(PIK3CD):c.455C>T (p.Ala152Val)"
"1008671","VCV001008671.10","LOC102724058/SCN1A","Likely pathogenic","NM_001165963.4(SCN1A):c.4910T>C (p.Val1637Ala)"
"1001692","VCV001001692.8","SERPINC1","Likely pathogenic","NM_000488.4(SERPINC1):c.283T>C (p.Tyr95His)"
"1000050","VCV001000050.46","SCN1A","Likely pathogenic","NM_001165963.4(SCN1A):c.655A>G (p.Arg219Gly)"
"998284","VCV000998284.5","HNF1A","Likely benign","NM_000545.8(HNF1A):c.824A>C (p.Glu275Ala)"
"998237","VCV000998237.12","HNF1A","Uncertain significance","NM_000545.8(HNF1A):c.766T>A (p.Ser256Thr)"
"993015","VCV000993015.2","GP9","Uncertain significance","NM_000174.5(GP9):c.404G>T (p.Cys135Phe)"
"987755","VCV000987755.2","PAH","Likely pathogenic","NM_000277.3(PAH):c.1205T>G (p.Phe402Cys)"
"985854","VCV000985854.5","F9","Benign","NM_000133.4(F9):c.1151G>A (p.Arg384Gln)"
"972811","VCV000972811.9","HNF1A","Likely benign","NM_000545.8(HNF1A):c.1061C>T (p.Thr354Met)"
"972809","VCV000972809.11","GCK","Uncertain significance","NM_000162.5(GCK):c.107G>A (p.Arg36Gln)"
"972807","VCV000972807.9","GCK","Uncertain significance","NM_000162.5(GCK):c.394G>A (p.Asp132Asn)"
"972775","VCV000972775.3","GCK","Pathogenic","NM_000162.5(GCK):c.773G>A (p.Gly258Asp)"
"972747","VCV000972747.17","GAA","Pathogenic","NM_000152.5(GAA):c.1781G>A (p.Arg594His)"
"971992","VCV000971992.9","PAH","Likely pathogenic","NM_000277.3(PAH):c.187_190delinsCCCA (p.Thr63_His64delinsProAsn)"
"971212","VCV000971212.13","PIK3CD/LOC126805612","Likely benign","NM_005026.5(PIK3CD):c.1108G>A (p.Val370Met)"
"968717","VCV000968717.38","CEP290","Uncertain significance","NM_025114.4(CEP290):c.7015C>T (p.Arg2339Trp)"
"963211","VCV000963211.11","LOC129935461/CTLA4","Benign","NM_005214.5(CTLA4):c.553T>A (p.Ser185Thr)"
"962629","VCV000962629.15","TP53","Likely benign","NM_000546.6(TP53):c.626G>A (p.Arg209Lys)"
"941354","VCV000941354.20","LOC126805612/PIK3CD","Likely benign","NM_005026.5(PIK3CD):c.1459G>A (p.Ala487Thr)"
"935418","VCV000935418.11","PIK3CD","Uncertain significance","NM_005026.5(PIK3CD):c.3071G>A (p.Arg1024His)"
"933619","VCV000933619.19","SCN2A","Likely pathogenic","NM_001040142.2(SCN2A):c.466A>C (p.Lys156Gln)"
"932837","VCV000932837.11","ACADVL","Uncertain significance","NM_000018.4(ACADVL):c.1891dup (p.Tyr631fs)"
"929411","VCV000929411.2","DICER1","Likely pathogenic","NM_177438.3(DICER1):c.2685dup (p.Phe896fs)"
"928997","VCV000928997.13","IDUA","Likely pathogenic","NM_000203.5(IDUA):c.1877G>A (p.Trp626Ter)"
"922959","VCV000922959.15","BRCA2","Likely pathogenic","NM_000059.4(BRCA2):c.7868A>T (p.His2623Leu)"
"918070","VCV000918070.9","GCK","Pathogenic","NM_000162.5(GCK):c.772G>A (p.Gly258Ser)"
"918065","VCV000918065.2","HNF1A","Uncertain significance","NM_000545.8(HNF1A):c.824A>T (p.Glu275Val)"
"914831","VCV000914831.38","F8","Likely benign","NM_000132.4(F8):c.6304G>A (p.Gly2102Ser)"
"902701","VCV000902701.13","GP9","Benign","NM_000174.5(GP9):c.18C>T (p.Ala6=)"
"875033","VCV000875033.6","MYOC","Likely benign","NM_000261.2(MYOC):c.1345G>A (p.Val449Ile)"
"871409","VCV000871409.53","CEP290","Pathogenic","NM_025114.4(CEP290):c.2T>A (p.Met1Lys)"
"870645","VCV000870645.12","ATM/C11orf65","Likely pathogenic","NM_000051.4(ATM):c.7879T>C (p.Tyr2627His)"
"869485","VCV000869485.14","DYSF","Likely pathogenic","NM_001130987.2(DYSF):c.1261G>A (p.Glu421Lys)"
"869219","VCV000869219.2","HBA2/LOC106804612","Uncertain significance","NC_000016.10:g.172832C>A"
"867727","VCV000867727.17","BRCA1","Likely pathogenic","NM_007294.4(BRCA1):c.56A>C (p.Gln19Pro)"
"867094","VCV000867094.6","ABCA4","Likely pathogenic","NM_000350.3(ABCA4):c.5584G>A (p.Gly1862Ser)"
"866808","VCV000866808.10","CEP290","Likely pathogenic","NM_025114.4(CEP290):c.1347dup (p.Asp450fs)"
"866538","VCV000866538.7","ABCA4","Likely pathogenic","NM_000350.3(ABCA4):c.6091G>A (p.Glu2031Lys)"
"866298","VCV000866298.2","ABCA4","Pathogenic","NM_000350.3(ABCA4):c.6213C>G (p.Tyr2071Ter)"
"866229","VCV000866229.12","ABCA4","Pathogenic","NM_000350.3(ABCA4):c.3413T>C (p.Leu1138Pro)"
"863577","VCV000863577.14","RAG1","Likely pathogenic","NM_000448.3(RAG1):c.1181G>A (p.Arg394Gln)"
"861979","VCV000861979.9","PIK3R1","Uncertain significance","NM_181523.3(PIK3R1):c.1921_1931del (p.Lys641fs)"
"856798","VCV000856798.12","RUNX1","Likely pathogenic","NM_001754.5(RUNX1):c.319C>A (p.Arg107Ser)"
"846790","VCV000846790.11","PIK3CD","Likely benign","NM_005026.5(PIK3CD):c.2296G>A (p.Glu766Lys)"
"834882","VCV000834882.12","PIK3CD","Likely benign","NM_005026.5(PIK3CD):c.899G>A (p.Arg300His)"
"829832","VCV000829832.15","RPE65","Pathogenic","NM_000329.3(RPE65):c.617T>C (p.Ile206Thr)"
"827732","VCV000827732.14","PIK3R1","Likely pathogenic","NM_181523.3(PIK3R1):c.1300-2A>G"
"827289","VCV000827289.20","BRCA2","Likely pathogenic","NM_000059.4(BRCA2):c.7855T>C (p.Trp2619Arg)"
"826421","VCV000826421.17","DICER1","Likely benign","NM_177438.3(DICER1):c.646C>A (p.Pro216Thr)"
"825830","VCV000825830.14","BRCA1","Uncertain significance","NM_007294.4(BRCA1):c.5563delinsGGATCC (p.Ile1855fs)"
"824232","VCV000824232.17","TP53","Likely pathogenic","NM_000546.6(TP53):c.379T>A (p.Ser127Thr)"
"813953","VCV000813953.33","SGCA","Likely pathogenic","NM_000023.4(SGCA):c.246C>A (p.Ser82Arg)"
"813157","VCV000813157.38","CEP290","Likely pathogenic","NM_025114.4(CEP290):c.3462dup (p.Leu1155fs)"
"810877","VCV000810877.9","F9","Uncertain significance","NM_000133.4(F9):c.803G>T (p.Cys268Phe)"
"806157","VCV000806157.42","ABCA4","Uncertain significance","NM_000350.3(ABCA4):c.6119G>C (p.Arg2040Pro)"
"804857","VCV000804857.4","GCK","Pathogenic","NM_000162.5(GCK):c.772G>T (p.Gly258Cys)"
"804839","VCV000804839.6","GCK","Likely pathogenic","NM_000162.5(GCK):c.1247A>C (p.His416Pro)"
"804466","VCV000804466.11","CEP290","Pathogenic","NM_025114.4(CEP290):c.734_735del (p.Glu245fs)"
"803543","VCV000803543.4","JAK3","Likely pathogenic","NM_000215.4(JAK3):c.1208G>A (p.Arg403His)"
"802880","VCV000802880.15","CEP290","Likely pathogenic","NM_025114.4(CEP290):c.223A>G (p.Lys75Glu)"
"802875","VCV000802875.12","CEP290/LOC129390514","Pathogenic","NM_025114.4(CEP290):c.6271-8T>G"
"802613","VCV000802613.12","PTEN","Uncertain significance","NM_000314.8(PTEN):c.1034T>G (p.Leu345Arg)"
"799593","VCV000799593.11","LOC110006319/HBB/LOC107133510","Uncertain significance","NM_000518.5(HBB):c.316-36C>T"
"798853","VCV000798853.10","ABCA4","Likely benign","NM_000350.3(ABCA4):c.6495T>C (p.Tyr2165=)"
"779623","VCV000779623.8","RMRP","Likely benign","NR_003051.3(RMRP):n.268del"
"772581","VCV000772581.16","RPE65","Likely benign","NM_000329.3(RPE65):c.942C>T (p.His314=)"
"770679","VCV000770679.43","PIK3CD","Likely benign","NM_005026.5(PIK3CD):c.2873G>A (p.Gly958Asp)"
"764550","VCV000764550.15","PIK3CD","Likely benign","NM_005026.5(PIK3CD):c.1726G>A (p.Val576Ile)"
"761366","VCV000761366.13","RUNX1/RUNX1-AS1","Likely benign","NM_001754.5(RUNX1):c.354G>C (p.Val118=)"
"755769","VCV000755769.13","RUNX1","Likely benign","NM_001754.5(RUNX1):c.735C>A (p.Pro245=)"
"754124","VCV000754124.15","RMRP","Benign","NR_003051.4(RMRP):n.164C>T"
"741101","VCV000741101.13","CTLA4","Benign","NM_005214.5(CTLA4):c.615C>G (p.Pro205=)"
"709503","VCV000709503.36","LOC126805612/PIK3CD","Benign","NM_005026.5(PIK3CD):c.1394C>T (p.Thr465Met)"
"697933","VCV000697933.13","CEP290","Benign","NM_025114.4(CEP290):c.6666A>G (p.Lys2222=)"
"696130","VCV000696130.10","SLC9A6","Benign","NM_001379110.1(SLC9A6):c.1119C>T (p.Ile373=)"
"661941","VCV000661941.14","CTLA4","Benign","NM_005214.5(CTLA4):c.257C>T (p.Ala86Val)"
"661395","VCV000661395.14","SCN3A","Likely benign","NM_006922.4(SCN3A):c.2698G>A (p.Gly900Ser)"
"660211","VCV000660211.16","RAG1","Pathogenic","NM_000448.3(RAG1):c.1180C>T (p.Arg394Trp)"
"659203","VCV000659203.14","SGCA","Likely pathogenic","NM_000023.4(SGCA):c.265C>T (p.Leu89Phe)"
"659046","VCV000659046.20","CEP290","Pathogenic","NM_025114.4(CEP290):c.5777G>C (p.Arg1926Pro)"
"657939","VCV000657939.38","PIK3CD","Likely benign","NM_005026.5(PIK3CD):c.112C>T (p.Arg38Cys)"
"652571","VCV000652571.13","CAPN3","Likely pathogenic","NM_000070.3(CAPN3):c.2306G>C (p.Arg769Pro)"
"644329","VCV000644329.7","PIK3CD","Likely benign","NM_005026.5(PIK3CD):c.580G>A (p.Val194Ile)"
"644144","VCV000644144.23","ATM/C11orf65","Pathogenic","NM_000051.4(ATM):c.8045C>G (p.Thr2682Ser)"
"642308","VCV000642308.53","PIK3CD","Likely benign","NM_005026.5(PIK3CD):c.598G>A (p.Glu200Lys)"
"638077","VCV000638077.10","IDUA","Pathogenic","NM_000203.5(IDUA):c.1727+1G>A"
"636389","VCV000636389.4","CTLA4","Pathogenic","NM_005214.5(CTLA4):c.457G>A (p.Asp153Asn)"
"632970","VCV000632970.16","RMRP","Likely pathogenic","NR_003051.4(RMRP):n.213C>G"
"631580","VCV000631580.10","MYOC","Likely benign","NM_000261.2(MYOC):c.158T>C (p.Val53Ala)"
"630829","VCV000630829.24","BRCA2","Pathogenic","NM_000059.4(BRCA2):c.7847C>T (p.Ser2616Phe)"
"627400","VCV000627400.2","F9","Likely pathogenic","NM_000133.4(F9):c.88G>C (p.Val30Leu)"
"627374","VCV000627374.4","SERPINC1","Pathogenic","NM_000488.4(SERPINC1):c.771del (p.Leu256_Trp257insTer)"
"627237","VCV000627237.4","GP1BB/SEPT5-GP1BB","Likely pathogenic","NM_000407.5(GP1BB):c.143C>A (p.Ser48Ter)"
"627155","VCV000627155.3","F9","Pathogenic","NM_000133.4(F9):c.88+1G>A"
"627039","VCV000627039.6","GP1BB/SEPT5-GP1BB","Likely pathogenic","NM_000407.5(GP1BB):c.236_244del (p.Pro79_Leu81del)"
"625855","VCV000625855.6","MYOC","Likely pathogenic","NM_000261.2(MYOC):c.1153G>A (p.Glu385Lys)"
"624584","VCV000624584.3","IL2RG","Likely pathogenic","NM_000206.3(IL2RG):c.455T>G (p.Val152Gly)"
"623475","VCV000623475.50","CTLA4","Likely pathogenic","NM_005214.5(CTLA4):c.416A>G (p.Tyr139Cys)"
"618559","VCV000618559.28","CEP290","Pathogenic","NM_025114.4(CEP290):c.4028del (p.Lys1343fs)"
"618107","VCV000618107.10","F8","Likely pathogenic","NM_000132.4(F8):c.766T>A (p.Tyr256Asn)"
"597829","VCV000597829.13","DYSF","Uncertain significance","NM_001130987.2(DYSF):c.3173G>A (p.Arg1058Gln)"
"597186","VCV000597186.10","UBE3A","Benign","NM_130839.5(UBE3A):c.*3CAAAA[1] (p.Ter873=)"
"595539","VCV000595539.17","CEP290","Likely benign","NM_025114.4(CEP290):c.2067G>A (p.Lys689=)"
"595306","VCV000595306.16","CAPN3","Likely pathogenic","NM_000070.3(CAPN3):c.1855C>T (p.Gln619Ter)"
"590772","VCV000590772.4","PAH","Uncertain significance","NM_000277.3(PAH):c.470_471delinsAC (p.Arg157Asn)"
"590580","VCV000590580.14","RYR1","Pathogenic","NM_000540.3(RYR1):c.7060G>A (p.Val2354Met)"
"590575","VCV000590575.16","RYR1","Likely pathogenic","NM_000540.3(RYR1):c.6757C>T (p.His2253Tyr)"
"585928","VCV000585928.24","GCK","Pathogenic","NM_000162.5(GCK):c.863+1G>A"
"585916","VCV000585916.60","GCK","Likely pathogenic","NM_000162.5(GCK):c.1364T>A (p.Val455Glu)"
"580378","VCV000580378.17","RMRP","Likely pathogenic","NR_003051.4(RMRP):n.220A>G"
"579305","VCV000579305.21","DICER1","Likely benign","NM_177438.3(DICER1):c.3811C>T (p.Leu1271Phe)"
"577152","VCV000577152.23","DICER1","Likely benign","NM_177438.3(DICER1):c.4449G>A (p.Met1483Ile)"
"575051","VCV000575051.14","RUNX1","Likely benign","NM_001754.5(RUNX1):c.105C>T (p.Ser35=)"
"573410","VCV000573410.12","ACVRL1","Likely pathogenic","NM_000020.3(ACVRL1):c.557G>T (p.Ser186Ile)"
"572074","VCV000572074.51","PIK3CD","Likely benign","NM_005026.5(PIK3CD):c.780+3G>A"
"568788","VCV000568788.18","DICER1","Likely benign","NM_177438.3(DICER1):c.4494T>G (p.Phe1498Leu)"
"567919","VCV000567919.11","SCN2A","Likely pathogenic","NM_001040142.2(SCN2A):c.658A>G (p.Arg220Gly)"
"566728","VCV000566728.43","MECP2","Benign","NM_001110792.2(MECP2):c.598C>T (p.Arg200Trp)"
"566085","VCV000566085.10","DYSF","Uncertain significance","NM_001130987.2(DYSF):c.2426C>T (p.Pro809Leu)"
"565486","VCV000565486.17","ADA","Likely pathogenic","NM_000022.4(ADA):c.311C>T (p.Pro104Leu)"
"561234","VCV000561234.5","RUNX1","Pathogenic","NM_001754.5(RUNX1):c.330G>C (p.Lys110Asn)"
"556184","VCV000556184.2","IDUA","Pathogenic","NM_000203.5(IDUA):c.1591del (p.Arg531fs)"
"556156","VCV000556156.2","IDUA","Likely pathogenic","NM_000203.5(IDUA):c.1249_1275del (p.Thr417_His425del)"
"554960","VCV000554960.17","SLC26A4","Uncertain significance","NM_000441.2(SLC26A4):c.1454C>T (p.Thr485Met)"
"554593","VCV000554593.2","IDUA","Pathogenic","NM_000203.5(IDUA):c.1727+4C>T"
"554213","VCV000554213.20","IDUA","Uncertain significance","NM_000203.5(IDUA):c.757G>T (p.Gly253Cys)"
"551287","VCV000551287.9","PAH","Likely pathogenic","NM_000277.3(PAH):c.1330C>T (p.Leu444Phe)"
"551236","VCV000551236.9","DYSF","Pathogenic","NM_001130987.2(DYSF):c.3028T>C (p.Trp1010Arg)"
"550333","VCV000550333.20","SGCA","Pathogenic","NM_000023.4(SGCA):c.92T>C (p.Leu31Pro)"
"548686","VCV000548686.5","BMPR2","Likely pathogenic","NM_001204.7(BMPR2):c.529+1G>A"
"546887","VCV000546887.46","CTLA4","Benign","NM_005214.5(CTLA4):c.515C>T (p.Ser172Leu)"
"543572","VCV000543572.18","DICER1","Likely benign","NM_177438.3(DICER1):c.184G>A (p.Val62Ile)"
"541727","VCV000541727.24","ACADVL","Likely benign","NM_000018.4(ACADVL):c.1678+23C>T"
"541717","VCV000541717.35","ACADVL","Uncertain significance","NM_000018.4(ACADVL):c.1077G>A (p.Ala359=)"
"541085","VCV000541085.14","PIK3CD","Likely benign","NM_005026.5(PIK3CD):c.854T>C (p.Met285Thr)"
"533773","VCV000533773.14","RMRP","Benign","NR_003051.4(RMRP):n.177G>A"
"533771","VCV000533771.39","RMRP","Benign","NC_000009.12:g.35658027A>C"
"532686","VCV000532686.18","RUNX1","Likely benign","NM_001754.5(RUNX1):c.705C>T (p.Ala235=)"
"532685","VCV000532685.17","RUNX1/RUNX1-AS1","Likely benign","NM_001754.5(RUNX1):c.579C>T (p.Ile193=)"
"532683","VCV000532683.11","RUNX1","Likely benign","NM_001754.5(RUNX1):c.111C>T (p.Ser37=)"
"532682","VCV000532682.16","RUNX1","Likely benign","NM_001754.5(RUNX1):c.744C>T (p.Asn248=)"
"532681","VCV000532681.12","RUNX1","Likely benign","NM_001754.5(RUNX1):c.165G>A (p.Ala55=)"
"524012","VCV000524012.6","TCF4","Pathogenic","NM_001083962.2(TCF4):c.1916_1917del (p.Arg639fs)"
"522564","VCV000522564.12","SCN3A","Benign","NM_006922.4(SCN3A):c.2443G>A (p.Asp815Asn)"
"516580","VCV000516580.31","DICER1","Benign","NM_177438.3(DICER1):c.1907+105C>T"
"511136","VCV000511136.26","ACADVL","Likely benign","NM_000018.4(ACADVL):c.1678+15C>T"
"501050","VCV000501050.6","DYSF","Likely benign","NM_001130987.2(DYSF):c.441T>C (p.Pro147=)"
"498954","VCV000498954.22","DYSF","Pathogenic","NM_001130987.2(DYSF):c.3172C>T (p.Arg1058Trp)"
"497131","VCV000497131.12","DYSF","Likely pathogenic","NM_001130987.2(DYSF):c.1274_1276+4dup"
"496280","VCV000496280.5","MECP2/LOC130068854","Benign","NM_001110792.2(MECP2):c.13G>A (p.Ala5Thr)"
"496120","VCV000496120.34","LOC102724058/SCN1A","Uncertain significance","NM_001165963.4(SCN1A):c.4612G>A (p.Val1538Ile)"
"491662","VCV000491662.19","LDLR","Uncertain significance","NM_000527.5(LDLR):c.1586+15C>T"
"490724","VCV000490724.18","ATM/C11orf65","Uncertain significance","NM_000051.4(ATM):c.8056T>C (p.Phe2686Leu)"
"490685","VCV000490685.11","ATM/C11orf65","Uncertain significance","NM_000051.4(ATM):c.7013T>C (p.Leu2338Pro)"
"487451","VCV000487451.17","RMRP","Likely pathogenic","NR_003051.4(RMRP):n.244A>G"
"486555","VCV000486555.13","TP53","Pathogenic","NM_000546.6(TP53):c.848G>C (p.Arg283Pro)"
"483092","VCV000483092.16","BRCA2","Pathogenic","NM_000059.4(BRCA2):c.7787G>T (p.Gly2596Val)"
"482997","VCV000482997.13","BRCA2","Likely benign","NM_000059.4(BRCA2):c.1732G>C (p.Gly578Arg)"
"481607","VCV000481607.22","BRCA2","Uncertain significance","NM_000059.4(BRCA2):c.8452G>T (p.Val2818Phe)"
"481525","VCV000481525.16","BRCA2","Likely pathogenic","NM_000059.4(BRCA2):c.8375T>G (p.Leu2792Arg)"
"479623","VCV000479623.16","DICER1","Likely benign","NM_177438.3(DICER1):c.1801A>G (p.Ile601Val)"
"479223","VCV000479223.18","BRCA1","Likely benign","NM_007294.4(BRCA1):c.5215G>A (p.Asp1739Asn)"
"477064","VCV000477064.21","DICER1","Likely benign","NM_177438.3(DICER1):c.1813A>G (p.Met605Val)"
"475275","VCV000475275.14","CTLA4","Benign","NM_005214.5(CTLA4):c.23G>A (p.Arg8Gln)"
"474882","VCV000474882.13","ACADVL","Pathogenic","NM_000018.4(ACADVL):c.1313G>A (p.Gly438Glu)"
"474031","VCV000474031.48","PIK3CD","Likely benign","NM_005026.5(PIK3CD):c.436T>A (p.Phe146Ile)"
"471337","VCV000471337.21","SGCA","Pathogenic","NM_000023.4(SGCA):c.724G>T (p.Val242Phe)"
"468706","VCV000468706.12","PTEN","Likely pathogenic","NM_000314.8(PTEN):c.64G>T (p.Asp22Tyr)"
"468639","VCV000468639.24","CAPN3","Likely pathogenic","NM_000070.3(CAPN3):c.1099G>A (p.Gly367Ser)"
"465206","VCV000465206.48","RMRP","Benign","NR_003051.4(RMRP):n.55C>T"
"464006","VCV000464006.13","RUNX1","Likely benign","NM_001754.5(RUNX1):c.768C>T (p.Ser256=)"
"464005","VCV000464005.15","RUNX1","Likely benign","NM_001754.5(RUNX1):c.714C>T (p.Val238=)"
"464001","VCV000464001.15","RUNX1","Likely benign","NM_001754.5(RUNX1):c.645G>A (p.Lys215=)"
"464000","VCV000464000.16","RUNX1","Likely benign","NM_001754.5(RUNX1):c.630A>G (p.Leu210=)"
"463993","VCV000463993.11","RUNX1/RUNX1-AS1","Uncertain significance","NM_001754.5(RUNX1):c.369T>A (p.Asp123Glu)"
"462524","VCV000462524.17","BRCA2","Uncertain significance","NM_000059.4(BRCA2):c.9372C>A (p.Asn3124Lys)"
"453684","VCV000453684.29","ATM","Likely pathogenic","NM_000051.4(ATM):c.743G>T (p.Arg248Leu)"
"450915","VCV000450915.15","CEP290","Pathogenic","NM_025114.4(CEP290):c.3123dup (p.Lys1042Ter)"
"449448","VCV000449448.27","CEP290","Pathogenic","NM_025114.4(CEP290):c.4438-3del"
"448982","VCV000448982.24","ACADVL","Likely pathogenic","NM_000018.4(ACADVL):c.1388G>A (p.Gly463Glu)"
"448182","VCV000448182.5","RYR1","Likely pathogenic","NM_000540.3(RYR1):c.455C>A (p.Ala152Asp)"
"447443","VCV000447443.15","GJB2","Uncertain significance","NM_004004.6(GJB2):c.187G>T (p.Val63Leu)"
"447422","VCV000447422.3","GCK","Likely pathogenic","NM_000162.5(GCK):c.830T>G (p.Val277Gly)"
"447408","VCV000447408.5","GCK","Likely pathogenic","NM_000162.5(GCK):c.499T>C (p.Trp167Arg)"
"447404","VCV000447404.24","GCK","Pathogenic","NM_000162.5(GCK):c.478G>A (p.Asp160Asn)"
"447402","VCV000447402.32","GCK","Pathogenic","NM_000162.5(GCK):c.469G>A (p.Glu157Lys)"
"446500","VCV000446500.3","PIK3R1","Likely pathogenic","NM_181523.3(PIK3R1):c.1300-1G>C"
"440656","VCV000440656.2","LDLR","Likely pathogenic","NM_000527.5(LDLR):c.1705+2T>C"
"440616","VCV000440616.2","LDLR","Likely pathogenic","NM_000527.5(LDLR):c.962del (p.Asn321fs)"
"440611","VCV000440611.2","LDLR","Uncertain significance","NM_000527.5(LDLR):c.904T>C (p.Cys302Arg)"
"439773","VCV000439773.14","HBA2/LOC106804612","Benign","NM_000517.6(HBA2):c.95+27C>T"
"439111","VCV000439111.11","HBA2/LOC106804612","Uncertain significance","NM_000517.6(HBA2):c.*98T>C"
"438137","VCV000438137.3","RPGR","Uncertain significance","NM_001034853.2(RPGR):c.126T>G (p.Cys42Trp)"
"436960","VCV000436960.17","TCF4","Benign","NM_001083962.2(TCF4):c.1113G>A (p.Ser371=)"
"435309","VCV000435309.9","GCK","Uncertain significance","NM_000162.5(GCK):c.98T>A (p.Val33Glu)"
"435305","VCV000435305.10","GCK","Likely pathogenic","NM_000162.5(GCK):c.941T>C (p.Leu314Pro)"
"432062","VCV000432062.9","TCF4","Pathogenic","NM_001083962.2(TCF4):c.759C>G (p.Ser253Arg)"
"431973","VCV000431973.41","GCK","Pathogenic","NM_000162.5(GCK):c.106C>T (p.Arg36Trp)"
"431553","VCV000431553.16","LDLR","Uncertain significance","NM_000527.5(LDLR):c.2548-19G>A"
"426292","VCV000426292.13","CDKL5","Benign","NM_001323289.2(CDKL5):c.2572C>T (p.Arg858Cys)"
"426011","VCV000426011.12","ACVRL1","Likely pathogenic","NM_000020.3(ACVRL1):c.293A>G (p.Asn98Ser)"
"425783","VCV000425783.2","BMPR2","Uncertain significance","NM_001204.7(BMPR2):c.419-10T>C"
"425781","VCV000425781.3","BMPR2","Pathogenic","NM_001204.7(BMPR2):c.418+5G>A"
"425732","VCV000425732.3","BMPR2","Likely pathogenic","NM_001204.7(BMPR2):c.247+2del"
"425730","VCV000425730.3","BMPR2","Likely pathogenic","NM_001204.7(BMPR2):c.247+1G>A"
"424409","VCV000424409.9","PIK3CD","Likely benign","NM_005026.5(PIK3CD):c.1777G>C (p.Gly593Arg)"
"423044","VCV000423044.25","BRCA1","Uncertain significance","NM_007294.4(BRCA1):c.5522G>C (p.Ser1841Thr)"
"421804","VCV000421804.13","TP53","Uncertain significance","NM_000546.6(TP53):c.829T>C (p.Cys277Arg)"
"418777","VCV000418777.22","ATM/C11orf65","Likely pathogenic","NM_000051.4(ATM):c.8486C>T (p.Pro2829Leu)"
"417992","VCV000417992.16","ABCA4","Likely pathogenic","NM_000350.3(ABCA4):c.4532C>A (p.Pro1511His)"
"415829","VCV000415829.12","RUNX1","Likely benign","NM_001754.5(RUNX1):c.265C>T (p.Leu89=)"
"414014","VCV000414014.41","RPGR","Benign","NM_001034853.2(RPGR):c.153C>T (p.Thr51=)"
"412129","VCV000412129.22","DICER1","Likely benign","NM_177438.3(DICER1):c.4945A>G (p.Met1649Val)"
"411299","VCV000411299.10","ACVRL1","Likely pathogenic","NM_000020.3(ACVRL1):c.266G>T (p.Cys89Phe)"
"403218","VCV000403218.39","MYOC","Benign","NM_000261.2(MYOC):c.1193A>G (p.Lys398Arg)"
"392545","VCV000392545.17","SGCG","Pathogenic","NM_000231.3(SGCG):c.579-2A>G"
"379545","VCV000379545.14","ACADVL","Likely benign","NM_000018.4(ACADVL):c.1751+18G>A"
"379208","VCV000379208.20","RMRP","Likely pathogenic","NC_000009.12:g.35657872C>T"
"376633","VCV000376633.20","TP53","Pathogenic","NM_000546.6(TP53):c.581T>G (p.Leu194Arg)"
"376020","VCV000376020.5","RUNX1/RUNX1-AS1","Uncertain significance","NM_001754.5(RUNX1):c.486G>C (p.Arg162Ser)"
"376019","VCV000376019.5","RUNX1/RUNX1-AS1","Uncertain significance","NM_001754.5(RUNX1):c.486G>T (p.Arg162Ser)"
"375836","VCV000375836.2","LDLR","Likely pathogenic","NM_000527.5(LDLR):c.2287dup (p.Glu763fs)"
"375827","VCV000375827.4","LDLR","Uncertain significance","NM_000527.5(LDLR):c.1982C>T (p.Pro661Leu)"
"372467","VCV000372467.63","PIK3R1","Pathogenic","NM_181523.3(PIK3R1):c.1425+1G>A"
"372319","VCV000372319.58","CEP290/RLIG1","Likely benign","NM_025114.4(CEP290):c.7394_7395del (p.Glu2465fs)"
"336956","VCV000336956.33","DYSF","Benign","NM_001130987.2(DYSF):c.1799G>T (p.Arg600Leu)"
"327284","VCV000327284.29","TCF4","Benign","NM_001083962.2(TCF4):c.*1763C>A"
"327245","VCV000327245.29","TCF4","Benign","NM_001083962.2(TCF4):c.*4214GTTTTT[3]"
"316210","VCV000316210.16","GATM","Likely benign","NM_001482.3(GATM):c.1159+14A>G"
"310090","VCV000310090.60","VWF","Likely benign","NM_000552.5(VWF):c.114C>T (p.Phe38=)"
"310086","VCV000310086.39","VWF","Likely benign","NM_000552.5(VWF):c.1077C>T (p.Pro359=)"
"310084","VCV000310084.38","VWF","Likely benign","NM_000552.5(VWF):c.1596C>T (p.Gly532=)"
"310076","VCV000310076.14","VWF","Likely benign","NM_000552.5(VWF):c.2103C>T (p.Cys701=)"
"304505","VCV000304505.40","RAG1","Likely benign","NM_000448.3(RAG1):c.2659G>A (p.Asp887Asn)"
"301416","VCV000301416.12","PTEN","Uncertain significance","NM_000314.8(PTEN):c.-246C>T"
"298242","VCV000298242.45","ABCA4","Likely benign","NM_000350.3(ABCA4):c.4050G>C (p.Leu1350=)"
"298241","VCV000298241.11","ABCA4","Likely benign","NM_000350.3(ABCA4):c.4194C>T (p.Gly1398=)"
"298240","VCV000298240.15","ABCA4","Likely benign","NM_000350.3(ABCA4):c.4253+13G>A"
"298237","VCV000298237.11","ABCA4","Uncertain significance","NM_000350.3(ABCA4):c.4532C>T (p.Pro1511Leu)"
"298236","VCV000298236.15","ABCA4","Likely benign","NM_000350.3(ABCA4):c.4573C>T (p.Leu1525=)"
"298019","VCV000298019.19","RPE65","Likely benign","NM_000329.3(RPE65):c.1243+10T>C"
"293715","VCV000293715.20","MYOC","Likely benign","NM_000261.2(MYOC):c.648G>A (p.Lys216=)"
"290515","VCV000290515.14","DYSF","Likely pathogenic","NM_001130987.2(DYSF):c.759G>C (p.Gln253His)"
"290284","VCV000290284.53","DYSF","Pathogenic","NM_001130987.2(DYSF):c.4462C>T (p.Gln1488Ter)"
"289098","VCV000289098.22","ANO5","Likely pathogenic","NM_213599.3(ANO5):c.1450C>T (p.Arg484Cys)"
"288397","VCV000288397.9","DYSF","Uncertain significance","NM_001130987.2(DYSF):c.6333del (p.Ala2111_Met2112insTer)"
"288008","VCV000288008.24","DYSF","Likely benign","NM_001130987.2(DYSF):c.2402C>T (p.Ala801Val)"
"286920","VCV000286920.23","DYSF","Likely benign","NM_001130987.2(DYSF):c.628G>A (p.Gly210Arg)"
"286743","VCV000286743.49","DYSF","Likely pathogenic","NM_001130987.2(DYSF):c.3175C>T (p.Arg1059Cys)"
"285852","VCV000285852.26","ACADVL","Likely pathogenic","NM_000018.4(ACADVL):c.1328T>G (p.Met443Arg)"
"285460","VCV000285460.18","CAPN3","Likely pathogenic","NM_000070.3(CAPN3):c.620A>C (p.Lys207Thr)"
"285200","VCV000285200.23","DYSF","Uncertain significance","NM_001130987.2(DYSF):c.3125C>T (p.Pro1042Leu)"
"284708","VCV000284708.26","SGCA","Pathogenic","NM_000023.4(SGCA):c.292C>T (p.Arg98Cys)"
"284685","VCV000284685.21","SGCA","Pathogenic","NM_000023.4(SGCA):c.307A>G (p.Ile103Val)"
"284515","VCV000284515.54","CAPN3","Pathogenic","NM_000070.3(CAPN3):c.1333G>A (p.Gly445Arg)"
"284471","VCV000284471.16","DYSF","Pathogenic","NM_001130987.2(DYSF):c.5635G>A (p.Val1879Met)"
"284385","VCV000284385.17","CAPN3","Likely pathogenic","NM_000070.3(CAPN3):c.1336G>A (p.Gly446Ser)"
"284122","VCV000284122.25","CAPN3","Pathogenic","NM_000070.3(CAPN3):c.258dup (p.Leu87fs)"
"283475","VCV000283475.7","DYSF","Likely pathogenic","NM_001130987.2(DYSF):c.6064-1G>C"
"283243","VCV000283243.12","DYSF","Pathogenic","NM_001130987.2(DYSF):c.5561G>T (p.Cys1854Phe)"
"282646","VCV000282646.47","CAPN3","Likely pathogenic","NM_000070.3(CAPN3):c.865C>T (p.Arg289Trp)"
"282624","VCV000282624.28","DYSF","Pathogenic","NM_001130987.2(DYSF):c.5420G>A (p.Arg1807Gln)"
"282449","VCV000282449.24","DYSF","Pathogenic","NM_001130987.2(DYSF):c.3169C>T (p.Arg1057Trp)"
"282408","VCV000282408.7","DYSF","Likely pathogenic","NM_001130987.2(DYSF):c.5746T>C (p.Tyr1916His)"
"281954","VCV000281954.23","DYSF","Pathogenic","NM_001130987.2(DYSF):c.1276+5G>C"
"281479","VCV000281479.55","RYR1","Likely pathogenic","NM_000540.3(RYR1):c.10648C>T (p.Arg3550Trp)"
"281250","VCV000281250.61","CEP290","Likely benign","NM_025114.4(CEP290):c.1092T>G (p.Ile364Met)"
"281081","VCV000281081.42","CAPN3","Likely benign","NM_000070.3(CAPN3):c.2257G>A (p.Asp753Asn)"
"267514","VCV000267514.20","BRCA1","Likely pathogenic","NM_007294.4(BRCA1):c.213-15A>G"
"265904","VCV000265904.2","LDLR","Likely pathogenic","NM_000527.5(LDLR):c.1830_1839del (p.Ala612fs)"
"265487","VCV000265487.24","DYSF","Pathogenic","NM_001130987.2(DYSF):c.1225C>T (p.Arg409Ter)"
"261827","VCV000261827.32","CEP290","Benign","NM_025114.4(CEP290):c.1558T>C (p.Phe520Leu)"
"258182","VCV000258182.42","RUNX1","Likely benign","NM_001754.5(RUNX1):c.1044C>T (p.His348=)"
"256694","VCV000256694.17","VWF","Benign","NM_000552.5(VWF):c.6846A>G (p.Thr2282=)"
"256659","VCV000256659.62","VWF","Benign","NM_000552.5(VWF):c.2365A>G (p.Thr789Ala)"
"256655","VCV000256655.24","VWF","Benign","NM_000552.5(VWF):c.1548T>C (p.Tyr516=)"
"256654","VCV000256654.22","VWF","Benign","NM_000552.5(VWF):c.1451A>G (p.His484Arg)"
"252310","VCV000252310.2","LDLR","Benign","NM_000527.5(LDLR):c.2389+41C>A"
"252225","VCV000252225.10","LDLR","Uncertain significance","NM_000527.5(LDLR):c.2119G>A (p.Asp707Asn)"
"252152","VCV000252152.29","LDLR","Uncertain significance","NM_000527.5(LDLR):c.1988-5C>G"
"252130","VCV000252130.5","LDLR","Uncertain significance","NM_000527.5(LDLR):c.1958T>G (p.Val653Gly)"
"252129","VCV000252129.12","LDLR","Uncertain significance","NM_000527.5(LDLR):c.1957G>T (p.Val653Phe)"
"252111","VCV000252111.19","LDLR","Uncertain significance","NM_000527.5(LDLR):c.1911C>T (p.Ser637=)"
"252035","VCV000252035.15","LDLR","Likely pathogenic","NM_000527.5(LDLR):c.1796T>C (p.Leu599Ser)"
"251960","VCV000251960.18","LDLR","Uncertain significance","NM_000527.5(LDLR):c.1661C>T (p.Ser554Leu)"
"251901","VCV000251901.1","LDLR","Uncertain significance","NM_000527.5(LDLR):c.1571T>G (p.Val524Gly)"
"251762","VCV000251762.12","LDLR","Uncertain significance","NM_000527.5(LDLR):c.1274A>T (p.Asn425Ile)"
"251725","VCV000251725.2","LDLR","Uncertain significance","NM_000527.5(LDLR):c.1189T>A (p.Ser397Thr)"
"251656","VCV000251656.15","LDLR","Uncertain significance","NM_000527.5(LDLR):c.1088C>A (p.Thr363Asn)"
"251567","VCV000251567.25","LDLR","Uncertain significance","NM_000527.5(LDLR):c.949G>A (p.Glu317Lys)"
"251515","VCV000251515.5","LDLR","Likely pathogenic","NM_000527.5(LDLR):c.905G>A (p.Cys302Tyr)"
"251371","VCV000251371.2","LDLR","Uncertain significance","NM_000527.5(LDLR):c.670_675delinsTTT (p.Asp224_Lys225delinsPhe)"
"251113","VCV000251113.11","LDLR","Likely pathogenic","NM_000527.5(LDLR):c.284G>A (p.Cys95Tyr)"
"251112","VCV000251112.14","LDLR","Likely pathogenic","NM_000527.5(LDLR):c.283T>G (p.Cys95Gly)"
"251047","VCV000251047.5","LDLR","Uncertain significance","NM_000527.5(LDLR):c.188G>A (p.Cys63Tyr)"
"250958","VCV000250958.16","LDLR/LDLR-AS1","Uncertain significance","NC_000019.10:g.11089461G>A"
"242527","VCV000242527.11","DYSF","Pathogenic","NM_001130987.2(DYSF):c.5195G>A (p.Arg1732Gln)"
"242046","VCV000242046.24","DICER1","Likely benign","NM_177438.3(DICER1):c.1583T>C (p.Ile528Thr)"
"236469","VCV000236469.11","CEP290","Pathogenic","NM_025114.4(CEP290):c.148C>T (p.His50Tyr)"
"236129","VCV000236129.70","ABCA4","Pathogenic","NM_000350.3(ABCA4):c.5318C>T (p.Ala1773Val)"
"236111","VCV000236111.6","ABCA4","Pathogenic","NM_000350.3(ABCA4):c.4254-1G>C"
"235256","VCV000235256.29","ACADVL","Uncertain significance","NM_000018.4(ACADVL):c.1613G>C (p.Arg538Pro)"
"233573","VCV000233573.26","ATM","Pathogenic","NM_000051.4(ATM):c.5631_5635delinsA (p.Phe1877fs)"
"231552","VCV000231552.19","BRCA2","Likely pathogenic","NM_000059.4(BRCA2):c.7795G>A (p.Glu2599Lys)"
"230152","VCV000230152.24","ATM/C11orf65","Uncertain significance","NM_000051.4(ATM):c.6056A>G (p.Tyr2019Cys)"
"226380","VCV000226380.77","LDLR","Pathogenic","NM_000527.5(LDLR):c.1898G>A (p.Arg633His)"
"226379","VCV000226379.72","LDLR","Pathogenic","NM_000527.5(LDLR):c.1897C>T (p.Arg633Cys)"
"226350","VCV000226350.17","LDLR","Likely pathogenic","NM_000527.5(LDLR):c.1196C>A (p.Ala399Asp)"
"225732","VCV000225732.12","BRCA2","Uncertain significance","NM_000059.4(BRCA2):c.67G>A (p.Asp23Asn)"
"225711","VCV000225711.26","BRCA1","Likely pathogenic","NM_007294.4(BRCA1):c.5202T>G (p.Phe1734Leu)"
"224402","VCV000224402.27","RYR1","Likely benign","NM_000540.3(RYR1):c.12553G>A (p.Ala4185Thr)"
"220050","VCV000220050.50","CEP290","Likely benign","NM_025114.4(CEP290):c.2484-18GTTTT[4]"
"219532","VCV000219532.12","TP53","Likely pathogenic","NM_000546.6(TP53):c.380C>G (p.Ser127Cys)"
"217641","VCV000217641.15","CEP290","Likely benign","NM_025114.4(CEP290):c.2343T>C (p.Asn781=)"
"216472","VCV000216472.30","TP53","Benign","NM_000546.6(TP53):c.868C>T (p.Arg290Cys)"
"215578","VCV000215578.26","ATM","Uncertain significance","NM_000051.4(ATM):c.2838+9C>G"
"209182","VCV000209182.3","PIK3R1","Uncertain significance","NM_181523.3(PIK3R1):c.1460T>C (p.Phe487Ser)"
"207545","VCV000207545.6","TCF4","Pathogenic","NM_001083962.2(TCF4):c.2010_2011del (p.Gln670fs)"
"207134","VCV000207134.56","SCN8A","Likely benign","NM_001330260.2(SCN8A):c.5795G>C (p.Arg1932Pro)"
"206975","VCV000206975.14","SCN2A","Likely pathogenic","NM_001040142.2(SCN2A):c.2696G>A (p.Gly899Asp)"
"206974","VCV000206974.11","SCN2A","Uncertain significance","NM_001040142.2(SCN2A):c.2695G>A (p.Gly899Ser)"
"203364","VCV000203364.49","MYO15A","Likely benign","NM_016239.4(MYO15A):c.5925G>A (p.Trp1975Ter)"
"201154","VCV000201154.21","RYR1","Pathogenic","NM_000540.3(RYR1):c.14928C>G (p.Phe4976Leu)"
"198495","VCV000198495.22","DYSF","Pathogenic","NM_001130987.2(DYSF):c.797G>A (p.Gly266Glu)"
"197716","VCV000197716.8","ACTA1","Pathogenic","NM_001100.4(ACTA1):c.685A>G (p.Met229Val)"
"197403","VCV000197403.76","ANO5","Uncertain significance","NM_213599.3(ANO5):c.155A>G (p.Asn52Ser)"
"197093","VCV000197093.16","ACVRL1","Likely benign","NM_000020.3(ACVRL1):c.484C>T (p.Leu162Phe)"
"197004","VCV000197004.96","DYSF","Likely benign","NM_001130987.2(DYSF):c.4021C>G (p.Gln1341Glu)"
"196175","VCV000196175.26","DYSF","Pathogenic","NM_001130987.2(DYSF):c.3095A>G (p.Tyr1032Cys)"
"195989","VCV000195989.72","CEP290","Likely benign","NM_025114.4(CEP290):c.2980G>A (p.Glu994Lys)"
"195450","VCV000195450.18","CAPN3","Likely pathogenic","NM_000070.3(CAPN3):c.2134C>T (p.Leu712Phe)"
"193786","VCV000193786.37","ACADVL","Likely pathogenic","NM_000018.4(ACADVL):c.1153C>T (p.Arg385Trp)"
"193037","VCV000193037.70","CAPN3","Pathogenic","NM_000070.3(CAPN3):c.145C>T (p.Arg49Cys)"
"188786","VCV000188786.25","GAA","Pathogenic","NM_000152.5(GAA):c.1843G>A (p.Gly615Arg)"
"186913","VCV000186913.18","BRCA1","Likely pathogenic","NM_007294.4(BRCA1):c.101C>T (p.Pro34Leu)"
"184040","VCV000184040.65","ATM","Likely benign","NM_000051.4(ATM):c.3219A>G (p.Val1073=)"
"183109","VCV000183109.40","LDLR","Likely pathogenic","NM_000527.5(LDLR):c.1195G>A (p.Ala399Thr)"
"182243","VCV000182243.12","BRCA2","Uncertain significance","NM_000059.4(BRCA2):c.7684T>G (p.Phe2562Val)"
"182082","VCV000182082.19","BRCA1","Likely pathogenic","NM_007294.4(BRCA1):c.5528C>A (p.Ala1843Glu)"
"181989","VCV000181989.39","ATM","Uncertain significance","NM_000051.4(ATM):c.1748A>G (p.Tyr583Cys)"
"178148","VCV000178148.26","TPM1","Likely benign","NM_001018005.2(TPM1):c.797A>G (p.Lys266Arg)"
"177780","VCV000177780.14","MYBPC3","Uncertain significance","NM_000256.3(MYBPC3):c.405A>G (p.Lys135=)"
"177636","VCV000177636.38","TNNT2","Likely pathogenic","NM_001276345.2(TNNT2):c.890G>A (p.Trp297Ter)"
"167024","VCV000167024.19","DYSF","Likely benign","NM_001130987.2(DYSF):c.3756T>C (p.Tyr1252=)"
"166820","VCV000166820.13","CDKL5","Likely benign","NM_001323289.2(CDKL5):c.2265A>T (p.Ala755=)"
"166792","VCV000166792.23","CAPN3","Benign","NM_000070.3(CAPN3):c.2380+12del"
"166647","VCV000166647.77","ACADVL","Uncertain significance","NM_000018.4(ACADVL):c.1591C>T (p.Arg531Trp)"
"165510","VCV000165510.73","TNNI3","Likely pathogenic","NM_000363.5(TNNI3):c.574C>T (p.Arg192Cys)"
"164401","VCV000164401.53","MYH7","Pathogenic","NM_000257.4(MYH7):c.427C>T (p.Arg143Trp)"
"164379","VCV000164379.13","MYH7","Uncertain significance","NM_000257.4(MYH7):c.1106G>C (p.Arg369Pro)"
"164114","VCV000164114.38","MYBPC3","Likely pathogenic","NM_000256.3(MYBPC3):c.1483C>T (p.Arg495Trp)"
"164113","VCV000164113.114","MYBPC3","Likely pathogenic","NM_000256.3(MYBPC3):c.1484G>A (p.Arg495Gln)"
"164070","VCV000164070.41","MYBPC3","Uncertain significance","NM_000256.3(MYBPC3):c.2573G>A (p.Ser858Asn)"
"161305","VCV000161305.96","MYBPC3","Benign","NM_000256.3(MYBPC3):c.13G>C (p.Gly5Arg)"
"161303","VCV000161303.51","MYBPC3","Likely benign","NM_000256.3(MYBPC3):c.1855G>A (p.Glu619Lys)"
"160208","VCV000160208.8","UBE3A","Uncertain significance","NM_130839.5(UBE3A):c.1742A>G (p.Asn581Ser)"
"159719","VCV000159719.7","PIK3R1","Uncertain significance","NM_181523.3(PIK3R1):c.1106C>T (p.Thr369Ile)"
"156630","VCV000156630.19","MECP2","Benign","NM_001110792.2(MECP2):c.1168G>T (p.Ala390Ser)"
"143466","VCV000143466.9","MECP2","Benign","NM_001110792.2(MECP2):c.1376C>T (p.Ala459Val)"
"142784","VCV000142784.23","BRCA2","Likely pathogenic","NM_000059.4(BRCA2):c.7685T>G (p.Phe2562Cys)"
"141634","VCV000141634.94","ATM/C11orf65","Likely pathogenic","NM_000051.4(ATM):c.9023G>A (p.Arg3008His)"
"140823","VCV000140823.91","ATM/C11orf65","Likely pathogenic","NM_000051.4(ATM):c.6047A>G (p.Asp2016Gly)"
"140553","VCV000140553.49","ANO5","Pathogenic","NM_213599.3(ANO5):c.1733T>C (p.Phe578Ser)"
"136727","VCV000136727.25","CEP290","Benign","NM_025114.4(CEP290):c.1624-5T>C"
"135039","VCV000135039.40","PIK3R1","Benign","NM_181523.3(PIK3R1):c.978G>A (p.Met326Ile)"
"134586","VCV000134586.12","JAK3","Likely benign","NM_000215.4(JAK3):c.1187C>T (p.Pro396Leu)"
"134572","VCV000134572.18","JAK3","Likely benign","NM_000215.4(JAK3):c.2152G>C (p.Val718Leu)"
"133973","VCV000133973.26","DICER1","Benign","NM_177438.3(DICER1):c.4923T>G (p.Cys1641Trp)"
"133625","VCV000133625.33","ATM","Likely benign","NM_000051.4(ATM):c.275A>C (p.Lys92Thr)"
"133624","VCV000133624.53","ATM","Likely benign","NM_000051.4(ATM):c.5693G>A (p.Arg1898Gln)"
"133219","VCV000133219.6","RYR1","Likely pathogenic","NM_000540.3(RYR1):c.8189A>G (p.Asp2730Gly)"
"133183","VCV000133183.58","RYR1","Pathogenic/Likely pathogenic; drug response","NM_000540.3(RYR1):c.7063C>T (p.Arg2355Trp)"
"133181","VCV000133181.10","RYR1","Uncertain significance","NM_000540.3(RYR1):c.7043A>G (p.Glu2348Gly)"
"133098","VCV000133098.87","RYR1","Pathogenic/Likely pathogenic","NM_000540.3(RYR1):c.14918C>T (p.Pro4973Leu)"
"133070","VCV000133070.12","RYR1","VUS-high","NM_000540.3(RYR1):c.14471T>C (p.Leu4824Pro)"
"133040","VCV000133040.12","RYR1","Pathogenic","NM_000540.3(RYR1):c.12700G>C (p.Val4234Leu)"
"133021","VCV000133021.79","RYR1","Likely benign","NM_000540.3(RYR1):c.11798A>G (p.Tyr3933Cys)"
"133017","VCV000133017.19","RYR1","Pathogenic/Likely pathogenic","NM_000540.3(RYR1):c.11708G>A (p.Arg3903Gln)"
"133012","VCV000133012.48","RYR1","Pathogenic/Likely pathogenic","NM_000540.3(RYR1):c.11315G>A (p.Arg3772Gln)"
"132808","VCV000132808.4","PIK3CD/LOC126805612","Likely pathogenic","NM_005026.5(PIK3CD):c.1246T>C (p.Cys416Arg)"
"132807","VCV000132807.45","PIK3CD","Pathogenic","NM_005026.5(PIK3CD):c.1573G>A (p.Glu525Lys)"
"128572","VCV000128572.35","CAPN3","Benign","NM_000070.3(CAPN3):c.551C>T (p.Thr184Met)"
"128570","VCV000128570.94","CAPN3","Pathogenic","NM_000070.3(CAPN3):c.2243G>A (p.Arg748Gln)"
"127823","VCV000127823.36","TP53","Uncertain significance","NM_000546.6(TP53):c.800G>A (p.Arg267Gln)"
"127812","VCV000127812.79","TP53","Uncertain significance","NM_000546.6(TP53):c.472C>T (p.Arg158Cys)"
"127343","VCV000127343.101","ATM","Benign","NM_000051.4(ATM):c.1810C>T (p.Pro604Ser)"
"126269","VCV000126269.64","CEP290","Benign","NM_025114.4(CEP290):c.829G>C (p.Glu277Gln)"
"126268","VCV000126268.12","CEP290/RLIG1","Benign","NM_025114.4(CEP290):c.7210-22T>C"
"120269","VCV000120269.12","PAH","Likely pathogenic","NM_000277.3(PAH):c.183C>A (p.Asn61Lys)"
"102898","VCV000102898.1","PAH","Pathogenic","NM_000277.3(PAH):c.929C>A (p.Ser310Tyr)"
"102827","VCV000102827.1","PAH","Likely pathogenic","NM_000277.3(PAH):c.769G>A (p.Gly257Ser)"
"102805","VCV000102805.13","PAH","Pathogenic","NM_000277.3(PAH):c.722G>T (p.Arg241Leu)"
"102799","VCV000102799.5","PAH","Pathogenic","NM_000277.3(PAH):c.716G>C (p.Gly239Ala)"
"102797","VCV000102797.2","PAH","Pathogenic","NM_000277.3(PAH):c.715G>A (p.Gly239Ser)"
"102760","VCV000102760.2","PAH","Likely pathogenic","NM_000277.3(PAH):c.614A>C (p.Glu205Ala)"
"102732","VCV000102732.2","PAH","Likely pathogenic","NM_000277.3(PAH):c.547G>C (p.Glu183Gln)"
"102690","VCV000102690.1","PAH","Likely pathogenic","NM_000277.3(PAH):c.470G>A (p.Arg157Lys)"
"102497","VCV000102497.9","PAH","Pathogenic","NM_000277.3(PAH):c.1054G>T (p.Gly352Cys)"
"102486","VCV000102486.2","PAH","Likely pathogenic","NM_000277.3(PAH):c.1036G>C (p.Gly346Arg)"
"100409","VCV000100409.2","VWF","Uncertain significance","NM_000552.5(VWF):c.4970T>A (p.Leu1657His)"
"100408","VCV000100408.2","VWF","Uncertain significance","NM_000552.5(VWF):c.4969C>A (p.Leu1657Ile)"
"100395","VCV000100395.12","VWF","Pathogenic","NM_000552.5(VWF):c.4825G>A (p.Gly1609Arg)"
"100340","VCV000100340.26","VWF","Pathogenic","NM_000552.5(VWF):c.4213AAG[3] (p.Lys1408del)"
"100333","VCV000100333.48","VWF","Uncertain significance","NM_000552.5(VWF):c.4135C>T (p.Arg1379Cys)"
"100316","VCV000100316.13","VWF","Pathogenic","NM_000552.5(VWF):c.4021C>T (p.Arg1341Trp)"
"99476","VCV000099476.42","ABCA4","Pathogenic","NM_000350.3(ABCA4):c.6658C>T (p.Gln2220Ter)"
"99463","VCV000099463.60","ABCA4","Pathogenic","NM_000350.3(ABCA4):c.6449G>A (p.Cys2150Tyr)"
"99438","VCV000099438.67","ABCA4","Pathogenic","NM_000350.3(ABCA4):c.6229C>T (p.Arg2077Trp)"
"99432","VCV000099432.14","ABCA4","Pathogenic","NM_000350.3(ABCA4):c.6166A>T (p.Lys2056Ter)"
"99428","VCV000099428.82","ABCA4","Pathogenic","NM_000350.3(ABCA4):c.6089G>A (p.Arg2030Gln)"
"99343","VCV000099343.60","ABCA4","Uncertain significance","NM_000350.3(ABCA4):c.5077G>A (p.Val1693Ile)"
"99265","VCV000099265.53","ABCA4","Pathogenic","NM_000350.3(ABCA4):c.4253+43G>A"
"99246","VCV000099246.31","ABCA4","Likely benign","NM_000350.3(ABCA4):c.3899G>A (p.Arg1300Gln)"
"99114","VCV000099114.68","ABCA4","Pathogenic","NM_000350.3(ABCA4):c.2041C>T (p.Arg681Ter)"
"99096","VCV000099096.48","ABCA4","Pathogenic","NM_000350.3(ABCA4):c.1903C>T (p.Gln635Ter)"
"98900","VCV000098900.16","RPE65","Pathogenic","NM_000329.3(RPE65):c.952T>A (p.Tyr318Asn)"
"98754","VCV000098754.2","RPGR","Pathogenic","NM_001034853.2(RPGR):c.1835dup (p.Asn612fs)"
"98741","VCV000098741.58","RPGR","Benign","NM_001034853.2(RPGR):c.141T>G (p.Ser47=)"
"98739","VCV000098739.12","RPGR","Pathogenic","NM_001034853.2(RPGR):c.1377_1378del (p.Leu460fs)"
"98738","VCV000098738.2","RPGR","Likely pathogenic","NM_001034853.2(RPGR):c.1307G>A (p.Gly436Asp)"
"98735","VCV000098735.4","RPGR","Uncertain significance","NM_001034853.2(RPGR):c.127G>A (p.Gly43Arg)"
"96877","VCV000096877.23","BRCA2","Pathogenic","NM_000059.4(BRCA2):c.9052A>G (p.Ser3018Gly)"
"96860","VCV000096860.55","BRCA2","Uncertain significance","NM_000059.4(BRCA2):c.7871A>G (p.Tyr2624Cys)"
"96685","VCV000096685.54","ANO5","Pathogenic","NM_213599.3(ANO5):c.41-1G>A"
"96679","VCV000096679.52","ANO5","Pathogenic","NM_213599.3(ANO5):c.242A>G (p.Asp81Gly)"
"94363","VCV000094363.8","DYSF","Likely pathogenic","NM_001130987.2(DYSF):c.893T>G (p.Leu298Arg)"
"94341","VCV000094341.64","DYSF","Benign","NM_001130987.2(DYSF):c.5743G>A (p.Asp1915Asn)"
"94329","VCV000094329.58","DYSF","Benign","NM_001130987.2(DYSF):c.4859G>A (p.Arg1620His)"
"94303","VCV000094303.13","DYSF","Pathogenic","NM_001130987.2(DYSF):c.3381_3382del (p.Phe1128fs)"
"94299","VCV000094299.24","DYSF","Likely benign","NM_001130987.2(DYSF):c.3114G>A (p.Pro1038=)"
"92870","VCV000092870.116","ABCA4","Pathogenic","NM_000350.3(ABCA4):c.5461-10T>C"
"92867","VCV000092867.71","ABCA4","Pathogenic","NM_000350.3(ABCA4):c.3322C>T (p.Arg1108Cys)"
"92469","VCV000092469.9","GAA","Likely pathogenic","NM_000152.5(GAA):c.2012T>G (p.Met671Arg)"
"92414","VCV000092414.37","CAPN3","Pathogenic","NM_000070.3(CAPN3):c.2393C>A (p.Ala798Glu)"
"92407","VCV000092407.29","CAPN3","Pathogenic","NM_000070.3(CAPN3):c.1622G>A (p.Arg541Gln)"
"92405","VCV000092405.38","CAPN3","Pathogenic","NM_000070.3(CAPN3):c.1435A>G (p.Ser479Gly)"
"91641","VCV000091641.24","BRCA1","Uncertain significance","NM_007294.4(BRCA1):c.5191G>A (p.Glu1731Lys)"
"91457","VCV000091457.29","BRCA2","Uncertain significance","NM_000059.4(BRCA2):c.681+1G>A"
"68640","VCV000068640.2","LOC102724058/SCN1A","Likely pathogenic","NM_001165963.4(SCN1A):c.4910T>A (p.Val1637Glu)"
"65979","VCV000065979.69","RYR1","Pathogenic/Likely pathogenic; drug response","NM_000540.3(RYR1):c.7354C>T (p.Arg2452Trp)"
"60763","VCV000060763.35","PIK3R1","Pathogenic","NM_181523.3(PIK3R1):c.1945C>T (p.Arg649Trp)"
"60762","VCV000060762.5","PIK3R1","Uncertain significance","NM_181523.3(PIK3R1):c.1465G>A (p.Glu489Lys)"
"55732","VCV000055732.25","BRCA1","Uncertain significance","NM_007294.4(BRCA1):c.83T>C (p.Leu28Pro)"
"55433","VCV000055433.18","BRCA1","Uncertain significance","NM_007294.4(BRCA1):c.5153G>C (p.Trp1718Ser)"
"55425","VCV000055425.16","BRCA1","Pathogenic","NM_007294.4(BRCA1):c.5152+3A>C"
"54704","VCV000054704.21","BRCA1","Likely pathogenic","NM_007294.4(BRCA1):c.286G>A (p.Asp96Asn)"
"52823","VCV000052823.16","BRCA2","Likely pathogenic","NM_000059.4(BRCA2):c.9374T>A (p.Leu3125His)"
"52513","VCV000052513.25","BRCA2","Likely pathogenic","NM_000059.4(BRCA2):c.8162T>A (p.Leu2721His)"
"52448","VCV000052448.21","BRCA2","Uncertain significance","NM_000059.4(BRCA2):c.7961T>C (p.Leu2654Pro)"
"52424","VCV000052424.34","BRCA2","Uncertain significance","NM_000059.4(BRCA2):c.7832A>G (p.Asp2611Gly)"
"52422","VCV000052422.16","BRCA2","Likely pathogenic","NM_000059.4(BRCA2):c.7819A>C (p.Thr2607Pro)"
"51795","VCV000051795.47","BRCA2","Likely pathogenic","NM_000059.4(BRCA2):c.516G>A (p.Lys172=)"
"45191","VCV000045191.17","GJD2-DT/ACTC1","Likely pathogenic","NM_005159.5(ACTC1):c.850A>T (p.Ile284Phe)"
"44587","VCV000044587.12","MAP2K1","Pathogenic","NM_002755.4(MAP2K1):c.124C>T (p.Leu42Phe)"
"43673","VCV000043673.33","TNNT2","Likely pathogenic","NM_001276345.2(TNNT2):c.851+1G>A"
"43449","VCV000043449.47","TPM1","Benign","NM_001018005.2(TPM1):c.845C>G (p.Thr282Ser)"
"43424","VCV000043424.34","TPM1","Uncertain significance","NM_001018005.2(TPM1):c.548C>T (p.Ala183Val)"
"43389","VCV000043389.87","TNNI3","Likely pathogenic","NM_000363.5(TNNI3):c.485G>A (p.Arg162Gln)"
"43168","VCV000043168.36","MYO7A","Pathogenic","NM_000260.4(MYO7A):c.2002C>T (p.Arg668Cys)"
"43121","VCV000043121.90","MYL3","Uncertain significance","NM_000258.3(MYL3):c.170C>A (p.Ala57Asp)"
"42900","VCV000042900.50","LOC126861898/MYH7","Benign","NM_000257.4(MYH7):c.2360G>A (p.Arg787His)"
"42827","VCV000042827.30","MYH7","Uncertain significance","NM_000257.4(MYH7):c.115G>A (p.Val39Met)"
"42744","VCV000042744.37","MYBPC3","Uncertain significance","NM_000256.3(MYBPC3):c.3811C>T (p.Arg1271Ter)"
"42644","VCV000042644.90","MYBPC3","Uncertain significance","NM_000256.3(MYBPC3):c.26-2A>G"
"42541","VCV000042541.79","MYBPC3","Pathogenic","NM_000256.3(MYBPC3):c.1505G>A (p.Arg502Gln)"
"42537","VCV000042537.39","MYBPC3","Likely pathogenic","NM_000256.3(MYBPC3):c.1483C>G (p.Arg495Gly)"
"42035","VCV000042035.69","SGCB","Pathogenic","NM_000232.5(SGCB):c.341C>T (p.Ser114Phe)"
"41682","VCV000041682.69","PTEN","Benign","NM_000314.8(PTEN):c.235G>A (p.Ala79Thr)"
"38202","VCV000038202.33","BRCA2","Pathogenic","NM_000059.4(BRCA2):c.9016T>G (p.Tyr3006Asp)"
"38184","VCV000038184.20","BRCA2","Likely pathogenic","NM_000059.4(BRCA2):c.8755-9T>A"
"38158","VCV000038158.15","BRCA2","Likely pathogenic","NM_000059.4(BRCA2):c.8378G>T (p.Gly2793Val)"
"37986","VCV000037986.21","BRCA2","Likely pathogenic","NM_000059.4(BRCA2):c.566A>G (p.Asp189Gly)"
"37421","VCV000037421.43","BRCA1","Benign","NM_007294.4(BRCA1):c.154C>T (p.Leu52Phe)"
"36714","VCV000036714.24","RAG1","Pathogenic","NM_000448.3(RAG1):c.322C>T (p.Arg108Ter)"
"36312","VCV000036312.19","HBB/LOC107133510/LOC110006319","Pathogenic","NM_000518.5(HBB):c.316-146T>G"
"36294","VCV000036294.17","HBB/LOC106099062/LOC107133510","Uncertain significance","NM_000518.5(HBB):c.-75G>C"
"36259","VCV000036259.5","GCK","Likely pathogenic","NM_000162.5(GCK):c.812T>C (p.Leu271Pro)"
"36240","VCV000036240.9","GCK","Pathogenic","NM_000162.5(GCK):c.659G>A (p.Cys220Tyr)"
"31780","VCV000031780.52","MYL3","Uncertain significance","NM_000258.3(MYL3):c.170C>G (p.Ala57Gly)"
"30563","VCV000030563.2","DICER1","Likely pathogenic","NM_177438.3(DICER1):c.873_877del (p.Glu292fs)"
"18331","VCV000018331.69","ACTC1/GJD2-DT","Pathogenic","NM_005159.5(ACTC1):c.301G>A (p.Glu101Lys)"
"18041","VCV000018041.2","SERPINC1","Uncertain significance","NM_000488.4(SERPINC1):c.500A>C (p.Asn167Thr)"
"18023","VCV000018023.65","SERPINC1","Pathogenic","NM_000488.4(SERPINC1):c.1246G>T (p.Ala416Ser)"
"18021","VCV000018021.3","SERPINC1","Likely pathogenic","NM_000488.4(SERPINC1):c.116T>A (p.Ile39Asn)"
"15488","VCV000015488.31","HBB/LOC107133510/LOC110006319","Pathogenic","NM_000518.5(HBB):c.*111A>G"
"15483","VCV000015483.30","HBB/LOC107133510/LOC110006319","Uncertain significance","NM_000518.5(HBB):c.380T>G (p.Val127Gly)"
"15464","VCV000015464.124","HBB/LOC106099062/LOC107133510","Pathogenic","NM_000518.5(HBB):c.-137C>G"
"15454","VCV000015454.172","HBB/LOC106099062/LOC107133510","Pathogenic","NM_000518.5(HBB):c.93-21G>A"
"14944","VCV000014944.3","HNF1A","Likely pathogenic","NM_000545.8(HNF1A):c.587_590del (p.Thr196fs)"
"14940","VCV000014940.64","HNF1A","Benign","NM_000545.8(HNF1A):c.1748G>A (p.Arg583Gln)"
"14063","VCV000014063.59","MYL3","Uncertain significance","NM_000258.3(MYL3):c.427G>A (p.Glu143Lys)"
"12411","VCV000012411.105","TNNT2","Likely benign","NM_001276345.2(TNNT2):c.862C>T (p.Arg288Cys)"
"9435","VCV000009435.28","SGCA","Pathogenic","NM_000023.4(SGCA):c.293G>A (p.Arg98His)"
"9324","VCV000009324.5","BRCA2","Benign","NM_000059.4(BRCA2):c.3901ACT[1] (p.Thr1302del)"
"7958","VCV000007958.23","MYOC","Benign","NM_000261.2(MYOC):c.144G>T (p.Gln48His)"
"7957","VCV000007957.7","MYOC","Likely pathogenic","NM_000261.2(MYOC):c.1196G>T (p.Gly399Val)"
"7954","VCV000007954.5","MYOC","Pathogenic","NM_000261.2(MYOC):c.1267A>G (p.Lys423Glu)"
"7950","VCV000007950.5","MYOC","Likely pathogenic","NM_000261.2(MYOC):c.1430T>G (p.Ile477Ser)"
"7947","VCV000007947.8","MYOC","Pathogenic","NM_000261.2(MYOC):c.1091G>T (p.Gly364Val)"
"7913","VCV000007913.45","ABCA4","Likely benign","NM_000350.3(ABCA4):c.2828G>A (p.Arg943Gln)"
"4151","VCV000004151.2","GP1BA","Likely pathogenic","NM_000173.7(GP1BA):c.1077G>A (p.Trp359Ter)"
"3047","VCV000003047.40","ATM","Pathogenic","NM_000051.4(ATM):c.496+5G>A"
"2165","VCV000002165.124","ANO5","Likely pathogenic","NM_213599.3(ANO5):c.692G>T (p.Gly231Val)"
"2006","VCV000002006.60","SGCG","Pathogenic","NM_000231.3(SGCG):c.848G>A (p.Cys283Tyr)"
"1971","VCV000001971.28","ADA","Likely pathogenic","NM_000022.4(ADA):c.872C>T (p.Ser291Leu)"
"1337","VCV000001337.80","CEP290","Pathogenic","NM_025114.4(CEP290):c.2991+1655A>G"
"1335","VCV000001335.11","CEP290","Likely pathogenic","NM_025114.4(CEP290):c.21G>T (p.Trp7Cys)"
"583","VCV000000583.29","PAH","Pathogenic","NM_000277.3(PAH):c.261C>A (p.Ser87Arg)"
"304","VCV000000304.2","VWF","Likely pathogenic","NM_000552.5(VWF):c.4541T>G (p.Phe1514Cys)"
